11,1,1,6300,17.34,0,1
1,1,2,6300,17.94,0,1
1,1,3,6300,18.95,0,1
1,1,4,6300,20.16,0,1
1,1,5,6300,20.36,0,1
1,1,6,6300,20.36,0,1
1,1,7,6300,16.73,0,1
1,1,8,6300,14.92,0,1
1,1,9,6300,13.71,0,1
1,1,10,6300,14.11,0,1
1,1,11,6300,11.69,0,1
1,1,12,6300,12.1,0,1
1,1,13,6300,12.7,0,1
1,2,1,6300,16.33,0,1
1,2,2,6300,18.95,0,1
1,2,3,6300,19.96,0,1
1,2,4,6300,19.96,0,1
1,2,5,6300,19.96,0,1
1,2,6,6300,19.35,0,1
1,2,7,6300,17.94,0,1
1,2,8,6300,16.13,0,1
1,2,9,6300,15.32,0,1
1,2,10,6300,17.54,0,1
1,2,11,6300,14.52,0,1
1,2,12,6300,11.69,0,1
1,2,13,6300,10.48,0,1
1,3,1,6300,15.52,0,1
1,3,2,6300,18.35,0,1
1,3,3,6300,18.95,0,1
1,3,4,6300,19.35,0,1
1,3,5,6300,19.56,0,1
1,3,6,6300,18.35,0,1
1,3,7,6300,15.72,0,1
1,3,8,6300,14.72,0,1
1,3,9,6300,12.9,0,1
1,3,10,6300,13.91,0,1
1,3,11,6300,14.52,0,1
1,3,12,6300,13.91,0,1
1,3,13,6300,12.1,0,1
1,4,1,6300,17.74,0,1
1,4,2,6300,18.14,0,1
1,4,3,6300,18.14,0,1
1,4,4,6300,17.34,0,1
1,4,5,6300,17.34,0,1
1,4,6,6300,17.74,0,1
1,4,7,6300,16.53,0,1
1,4,8,6300,16.93,0,1
1,4,9,6300,14.52,0,1
1,4,10,6300,15.32,0,1
1,4,11,6300,13.51,0,1
1,4,12,6300,13.31,0,1
1,4,13,6300,12.9,0,1
1,5,1,6300,15.52,0,1
1,5,2,6300,16.73,0,1
1,5,3,6300,17.14,0,1
1,5,4,6300,17.14,0,1
1,5,5,6300,16.53,0,1
1,5,6,6300,17.94,0,1
1,5,7,6300,15.93,0,1
1,5,8,6300,15.72,0,1
1,5,9,6300,13.71,0,1
1,5,10,6300,11.49,0,1
1,5,11,6300,9.27,0,1
1,5,12,6300,10.08,0,1
1,5,13,6300,10.89,0,1
1,6,1,6300,16.93,0,1
1,6,2,6300,16.33,0,1
1,6,3,6300,16.53,0,1
1,6,4,6300,15.52,0,1
1,6,5,6300,16.13,0,1
1,6,6,6300,16.33,0,1
1,6,7,6300,15.52,0,1
1,6,8,6300,13.71,0,1
1,6,9,6300,12.3,0,1
1,6,10,6300,9.68,0,1
1,6,11,6300,8.06,0,1
1,6,12,6300,7.46,0,1
1,6,13,6300,7.46,0,1
1,7,1,6300,15.93,0,1
1,7,2,6300,16.53,0,1
1,7,3,6300,16.13,0,1
1,7,4,6300,14.92,0,1
1,7,5,6300,15.12,0,1
1,7,6,6300,14.72,0,1
1,7,7,6300,14.11,0,1
1,7,8,6300,11.09,0,1
1,7,9,6300,9.27,0,1
1,7,10,6300,7.86,0,1
1,7,11,6300,6.45,0,1
1,7,12,6300,6.45,0,1
1,7,13,6300,6.85,0,1
1,8,1,6300,15.32,0,1
1,8,2,6300,15.52,0,1
1,8,3,6300,16.53,0,1
1,8,4,6300,14.52,0,1
1,8,5,6300,12.9,0,1
1,8,6,6300,12.9,0,1
1,8,7,6300,11.89,0,1
1,8,8,6300,11.09,0,1
1,8,9,6300,8.87,0,1
1,8,10,6300,6.65,0,1
1,8,11,6300,6.25,0,1
1,8,12,6300,6.25,0,1
1,8,13,6300,6.25,0,1
1,9,1,6300,15.32,0,1
1,9,2,6300,16.13,0,1
1,9,3,6300,15.93,0,1
1,9,4,6300,14.72,0,1
1,9,5,6300,13.31,0,1
1,9,6,6300,11.69,0,1
1,9,7,6300,11.29,0,1
1,9,8,6300,10.08,0,1
1,9,9,6300,7.86,0,1
1,9,10,6300,7.46,0,1
1,9,11,6300,6.45,0,1
1,9,12,6300,6.45,0,1
1,9,13,6300,6.45,0,1
1,10,1,6300,13.51,0,1
1,10,2,6300,13.91,0,1
1,10,3,6300,13.71,0,1
1,10,4,6300,13.31,0,1
1,10,5,6300,11.49,0,1
1,10,6,6300,10.48,0,1
1,10,7,6300,10.48,0,1
1,10,8,6300,8.87,0,1
1,10,9,6300,7.46,0,1
1,10,10,6300,7.46,0,1
1,10,11,6300,6.65,0,1
1,10,12,6300,6.45,0,1
1,10,13,6300,6.45,0,1
1,11,1,6300,12.9,0,1
1,11,2,6300,13.71,0,1
1,11,3,6300,12.7,0,1
1,11,4,6300,11.49,0,1
1,11,5,6300,11.29,0,1
1,11,6,6300,10.08,0,1
1,11,7,6300,9.88,0,1
1,11,8,6300,8.06,0,1
1,11,9,6300,7.46,0,1
1,11,10,6300,7.46,0,1
1,11,11,6300,6.45,0,1
1,11,12,6300,6.45,0,1
1,11,13,6300,6.45,0,1
1,12,1,6300,12.7,0,1
1,12,2,6300,13.71,0,1
1,12,3,6300,13.1,0,1
1,12,4,6300,11.89,0,1
1,12,5,6300,10.89,0,1
1,12,6,6300,9.07,0,1
1,12,7,6300,8.67,0,1
1,12,8,6300,9.48,0,1
1,12,9,6300,7.86,0,1
1,12,10,6300,6.45,0,1
1,12,11,6300,5.85,0,1
1,12,12,6300,6.65,0,1
1,12,13,6300,6.45,0,1
1,13,1,6300,12.7,0,1
1,13,2,6300,13.1,0,1
1,13,3,6300,12.9,0,1
1,13,4,6300,12.1,0,1
1,13,5,6300,11.09,0,1
1,13,6,6300,9.27,0,1
1,13,7,6300,8.47,0,1
1,13,8,6300,7.86,0,1
1,13,9,6300,7.06,0,1
1,13,10,6300,6.65,0,1
1,13,11,6300,5.85,0,1
1,13,12,6300,6.45,0,1
1,13,13,6300,6.45,0,1
1,14,1,6300,10.08,0,1
1,14,2,6300,11.29,0,1
1,14,3,6300,11.29,0,1
1,14,4,6300,11.29,0,1
1,14,5,6300,11.09,0,1
1,14,6,6300,9.88,0,1
1,14,7,6300,8.47,0,1
1,14,8,6300,6.45,0,1
1,14,9,6300,6.05,0,1
1,14,10,6300,6.25,0,1
1,14,11,6300,6.05,0,1
1,14,12,6300,6.25,0,1
1,14,13,6300,6.45,0,1
1,15,1,6300,8.87,0,1
1,15,2,6300,9.48,0,1
1,15,3,6300,9.48,0,1
1,15,4,6300,8.87,0,1
1,15,5,6300,7.66,0,1
1,15,6,6300,7.86,0,1
1,15,7,6300,8.06,0,1
1,15,8,6300,6.45,0,1
1,15,9,6300,6.25,0,1
1,15,10,6300,6.45,0,1
1,15,11,6300,5.64,0,1
1,15,12,6300,5.64,0,1
1,15,13,6300,6.65,0,1
1,16,1,6300,10.48,0,1
1,16,2,6300,11.49,0,1
1,16,3,6300,10.48,0,1
1,16,4,6300,11.49,0,1
1,16,5,6300,9.68,0,1
1,16,6,6300,8.47,0,1
1,16,7,6300,8.47,0,1
1,16,8,6300,6.45,0,1
1,16,9,6300,6.25,0,1
1,16,10,6300,5.64,0,1
1,16,11,6300,5.85,0,1
1,16,12,6300,6.25,0,1
1,16,13,6300,6.65,0,1
1,17,1,6300,12.1,0,1
1,17,2,6300,12.3,0,1
1,17,3,6300,12.1,0,1
1,17,4,6300,11.49,0,1
1,17,5,6300,14.11,0,1
1,17,6,6300,14.52,0,1
1,17,7,6300,10.68,0,1
1,17,8,6300,8.06,0,1
1,17,9,6300,6.45,0,1
1,17,10,6300,6.05,0,1
1,17,11,6300,5.85,0,1
1,17,12,6300,6.25,0,1
1,17,13,6300,6.85,0,1
1,18,1,6300,11.09,0,1
1,18,2,6300,11.09,0,1
1,18,3,6300,11.09,0,1
1,18,4,6300,10.48,0,1
1,18,5,6300,14.72,0,1
1,18,6,6300,15.32,0,1
1,18,7,6300,13.51,0,1
1,18,8,6300,10.68,0,1
1,18,9,6300,8.47,0,1
1,18,10,6300,7.26,0,1
1,18,11,6300,7.06,0,1
1,18,12,6300,7.46,0,1
1,18,13,6300,7.66,0,1
1,19,1,6300,10.89,0,1
1,19,2,6300,10.89,0,1
1,19,3,6300,12.3,0,1
1,19,4,6300,14.52,0,1
1,19,5,6300,16.13,0,1
1,19,6,6300,15.72,0,1
1,19,7,6300,12.5,0,1
1,19,8,6300,9.68,0,1
1,19,9,6300,8.06,0,1
1,19,10,6300,7.66,0,1
1,19,11,6300,7.46,0,1
1,19,12,6300,7.86,0,1
1,19,13,6300,8.06,0,1
1,20,1,6300,12.7,0,1
1,20,2,6300,12.3,0,1
1,20,3,6300,13.51,0,1
1,20,4,6300,13.91,0,1
1,20,5,6300,14.72,0,1
1,20,6,6300,13.51,0,1
1,20,7,6300,13.1,0,1
1,20,8,6300,11.69,0,1
1,20,9,6300,9.68,0,1
1,20,10,6300,8.27,0,1
1,20,11,6300,8.06,0,1
1,20,12,6300,8.06,0,1
1,20,13,6300,8.67,0,1
1,21,1,6300,11.69,0,1
1,21,2,6300,12.5,0,1
1,21,3,6300,12.1,0,1
1,21,4,6300,13.31,0,1
1,21,5,6300,11.89,0,1
1,21,6,6300,12.3,0,1
1,21,7,6300,11.69,0,1
1,21,8,6300,10.28,0,1
1,21,9,6300,8.87,0,1
1,21,10,6300,8.47,0,1
1,21,11,6300,8.27,0,1
1,21,12,6300,8.06,0,1
1,21,13,6300,8.87,0,1
1,22,1,6300,13.51,0,1
1,22,2,6300,13.71,0,1
1,22,3,6300,14.31,0,1
1,22,4,6300,13.51,0,1
1,22,5,6300,12.9,0,1
1,22,6,6300,11.09,0,1
1,22,7,6300,9.68,0,1
1,22,8,6300,9.07,0,1
1,22,9,6300,9.48,0,1
1,22,10,6300,8.47,0,1
1,22,11,6300,7.66,0,1
1,22,12,6300,8.06,0,1
1,22,13,6300,8.67,0,1
1,23,1,6300,12.1,0,1
1,23,2,6300,11.69,0,1
1,23,3,6300,11.89,0,1
1,23,4,6300,12.5,0,1
1,23,5,6300,12.3,0,1
1,23,6,6300,11.89,0,1
1,23,7,6300,10.08,0,1
1,23,8,6300,9.07,0,1
1,23,9,6300,9.07,0,1
1,23,10,6300,8.67,0,1
1,23,11,6300,8.27,0,1
1,23,12,6300,7.86,0,1
1,23,13,6300,8.47,0,1
1,24,1,6300,12.9,0,1
1,24,2,6300,12.9,0,1
1,24,3,6300,13.51,0,1
1,24,4,6300,13.91,0,1
1,24,5,6300,13.31,0,1
1,24,6,6300,11.89,0,1
1,24,7,6300,10.89,0,1
1,24,8,6300,10.48,0,1
1,24,9,6300,10.68,0,1
1,24,10,6300,11.09,0,1
1,24,11,6300,9.48,0,1
1,24,12,6300,8.06,0,1
1,24,13,6300,8.06,0,1
1,25,1,6300,12.3,0,1
1,25,2,6300,11.49,0,1
1,25,3,6300,11.69,0,1
1,25,4,6300,12.3,0,1
1,25,5,6300,12.1,0,1
1,25,6,6300,10.68,0,1
1,25,7,6300,10.28,0,1
1,25,8,6300,9.68,0,1
1,25,9,6300,9.68,0,1
1,25,10,6300,9.27,0,1
1,25,11,6300,8.47,0,1
1,25,12,6300,7.86,0,1
1,25,13,6300,8.06,0,1
1,26,1,6300,13.51,0,1
1,26,2,6300,13.91,0,1
1,26,3,6300,13.91,0,1
1,26,4,6300,13.31,0,1
1,26,5,6300,12.1,0,1
1,26,6,6300,10.89,0,1
1,26,7,6300,10.48,0,1
1,26,8,6300,10.08,0,1
1,26,9,6300,9.27,0,1
1,26,10,6300,9.48,0,1
1,26,11,6300,9.68,0,1
1,26,12,6300,9.88,0,1
1,26,13,6300,10.08,0,1
1,27,1,6300,14.11,0,1
1,27,2,6300,14.31,0,1
1,27,3,6300,14.11,0,1
1,27,4,6300,14.11,0,1
1,27,5,6300,12.9,0,1
1,27,6,6300,12.3,0,1
1,27,7,6300,11.89,0,1
1,27,8,6300,12.1,0,1
1,27,9,6300,10.48,0,1
1,27,10,6300,9.88,0,1
1,27,11,6300,9.68,0,1
1,27,12,6300,10.08,0,1
1,27,13,6300,10.48,0,1
1,28,1,6300,14.11,0,1
1,28,2,6300,13.51,0,1
1,28,3,6300,13.31,0,1
1,28,4,6300,13.31,0,1
1,28,5,6300,13.31,0,1
1,28,6,6300,12.7,0,1
1,28,7,6300,12.1,0,1
1,28,8,6300,11.29,0,1
1,28,9,6300,9.88,0,1
1,28,10,6300,9.68,0,1
1,28,11,6300,8.87,0,1
1,28,12,6300,9.68,0,1
1,28,13,6300,10.48,0,1
1,29,1,6300,13.91,0,1
1,29,2,6300,13.31,0,1
1,29,3,6300,13.1,0,1
1,29,4,6300,13.1,0,1
1,29,5,6300,13.31,0,1
1,29,6,6300,13.31,0,1
1,29,7,6300,13.1,0,1
1,29,8,6300,12.9,0,1
1,29,9,6300,11.49,0,1
1,29,10,6300,11.29,0,1
1,29,11,6300,10.89,0,1
1,29,12,6300,11.29,0,1
1,29,13,6300,12.1,0,1
1,30,1,6300,13.51,0,1
1,30,2,6300,13.71,0,1
1,30,3,6300,13.1,0,1
1,30,4,6300,12.9,0,1
1,30,5,6300,12.5,0,1
1,30,6,6300,12.5,0,1
1,30,7,6300,11.89,0,1
1,30,8,6300,11.69,0,1
1,30,9,6300,11.09,0,1
1,30,10,6300,11.09,0,1
1,30,11,6300,11.49,0,1
1,30,12,6300,11.09,0,1
1,30,13,6300,11.09,0,1
1,31,1,6300,13.31,0,1
1,31,2,6300,13.1,0,1
1,31,3,6300,12.7,0,1
1,31,4,6300,12.7,0,1
1,31,5,6300,12.9,0,1
1,31,6,6300,13.51,0,1
1,31,7,6300,13.51,0,1
1,31,8,6300,13.91,0,1
1,31,9,6300,12.5,0,1
1,31,10,6300,12.5,0,1
1,31,11,6300,12.1,0,1
1,31,12,6300,12.5,0,1
1,31,13,6300,13.51,0,1
1,32,1,6300,13.1,0,1
1,32,2,6300,11.89,0,1
1,32,3,6300,11.89,0,1
1,32,4,6300,11.89,0,1
1,32,5,6300,12.7,0,1
1,32,6,6300,13.71,0,1
1,32,7,6300,13.91,0,1
1,32,8,6300,13.1,0,1
1,32,9,6300,11.29,0,1
1,32,10,6300,11.29,0,1
1,32,11,6300,11.49,0,1
1,32,12,6300,12.5,0,1
1,32,13,6300,14.31,0,1
1,33,1,6300,13.71,0,1
1,33,2,6300,11.89,0,1
1,33,3,6300,12.1,0,1
1,33,4,6300,12.3,0,1
1,33,5,6300,13.71,0,1
1,33,6,6300,13.31,0,1
1,33,7,6300,12.9,0,1
1,33,8,6300,12.3,0,1
1,33,9,6300,11.09,0,1
1,33,10,6300,10.68,0,1
1,33,11,6300,10.68,0,1
1,33,12,6300,11.29,0,1
1,33,13,6300,12.5,0,1
1,34,1,6300,14.31,0,1
1,34,2,6300,14.11,0,1
1,34,3,6300,12.5,0,1
1,34,4,6300,11.89,0,1
1,34,5,6300,12.5,0,1
1,34,6,6300,11.89,0,1
1,34,7,6300,11.49,0,1
1,34,8,6300,11.09,0,1
1,34,9,6300,10.89,0,1
1,34,10,6300,10.89,0,1
1,34,11,6300,10.89,0,1
1,34,12,6300,10.89,0,1
1,34,13,6300,11.49,0,1
1,35,1,6300,15.12,0,1
1,35,2,6300,14.72,0,1
1,35,3,6300,13.71,0,1
1,35,4,6300,13.51,0,1
1,35,5,6300,11.09,0,1
1,35,6,6300,10.08,0,1
1,35,7,6300,9.27,0,1
1,35,8,6300,9.68,0,1
1,35,9,6300,10.08,0,1
1,35,10,6300,11.09,0,1
1,35,11,6300,11.29,0,1
1,35,12,6300,10.89,0,1
1,35,13,6300,10.89,0,1
1,36,1,6300,17.34,0,1
1,36,2,6300,16.33,0,1
1,36,3,6300,16.33,0,1
1,36,4,6300,14.52,0,1
1,36,5,6300,11.29,0,1
1,36,6,6300,9.07,0,1
1,36,7,6300,7.46,0,1
1,36,8,6300,8.27,0,1
1,36,9,6300,10.28,0,1
1,36,10,6300,11.49,0,1
1,36,11,6300,10.68,0,1
1,36,12,6300,10.08,0,1
1,36,13,6300,10.48,0,1
1,37,1,6300,15.72,0,1
1,37,2,6300,15.12,0,1
1,37,3,6300,14.11,0,1
1,37,4,6300,13.31,0,1
1,37,5,6300,11.29,0,1
1,37,6,6300,9.07,0,1
1,37,7,6300,6.65,0,1
1,37,8,6300,7.66,0,1
1,37,9,6300,10.08,0,1
1,37,10,6300,11.69,0,1
1,37,11,6300,10.68,0,1
1,37,12,6300,9.68,0,1
1,37,13,6300,10.68,0,1
1,38,1,6300,15.32,0,1
1,38,2,6300,15.32,0,1
1,38,3,6300,14.92,0,1
1,38,4,6300,14.31,0,1
1,38,5,6300,13.51,0,1
1,38,6,6300,11.89,0,1
1,38,7,6300,10.68,0,1
1,38,8,6300,10.28,0,1
1,38,9,6300,10.48,0,1
1,38,10,6300,11.29,0,1
1,38,11,6300,11.69,0,1
1,38,12,6300,11.49,0,1
1,38,13,6300,11.49,0,1
1,39,1,6300,13.71,0,1
1,39,2,6300,13.91,0,1
1,39,3,6300,15.32,0,1
1,39,4,6300,16.13,0,1
1,39,5,6300,15.52,0,1
1,39,6,6300,14.31,0,1
1,39,7,6300,11.89,0,1
1,39,8,6300,10.48,0,1
1,39,9,6300,11.09,0,1
1,39,10,6300,11.69,0,1
1,39,11,6300,12.1,0,1
1,39,12,6300,12.3,0,1
1,39,13,6300,12.5,0,1
1,40,1,6300,10.28,0,1
1,40,2,6300,9.07,0,1
1,40,3,6300,14.72,0,1
1,40,4,6300,17.34,0,1
1,40,5,6300,17.94,0,1
1,40,6,6300,16.53,0,1
1,40,7,6300,12.7,0,1
1,40,8,6300,10.08,0,1
1,40,9,6300,11.09,0,1
1,40,10,6300,11.09,0,1
1,40,11,6300,11.29,0,1
1,40,12,6300,12.5,0,1
1,40,13,6300,13.1,0,1
2,1,1,6300,16.13,0,1
2,1,2,6300,16.73,0,1
2,1,3,6300,18.55,0,1
2,1,4,6300,18.95,0,1
2,1,5,6300,19.35,0,1
2,1,6,6300,17.34,0,1
2,1,7,6300,15.12,0,1
2,1,8,6300,14.72,0,1
2,1,9,6300,14.11,0,1
2,1,10,6300,15.32,0,1
2,1,11,6300,14.72,0,1
2,1,12,6300,14.11,0,1
2,1,13,6300,13.91,0,1
2,2,1,6300,16.13,0,1
2,2,2,6300,18.14,0,1
2,2,3,6300,18.95,0,1
2,2,4,6300,19.96,0,1
2,2,5,6300,20.36,0,1
2,2,6,6300,18.75,0,1
2,2,7,6300,17.34,0,1
2,2,8,6300,15.93,0,1
2,2,9,6300,14.92,0,1
2,2,10,6300,16.53,0,1
2,2,11,6300,15.52,0,1
2,2,12,6300,13.71,0,1
2,2,13,6300,10.08,0,1
2,3,1,6300,15.93,0,1
2,3,2,6300,18.35,0,1
2,3,3,6300,18.95,0,1
2,3,4,6300,20.16,0,1
2,3,5,6300,20.16,0,1
2,3,6,6300,18.75,0,1
2,3,7,6300,16.73,0,1
2,3,8,6300,16.53,0,1
2,3,9,6300,14.92,0,1
2,3,10,6300,16.73,0,1
2,3,11,6300,15.32,0,1
2,3,12,6300,14.52,0,1
2,3,13,6300,13.1,0,1
2,4,1,6300,16.73,0,1
2,4,2,6300,17.94,0,1
2,4,3,6300,18.95,0,1
2,4,4,6300,19.15,0,1
2,4,5,6300,19.15,0,1
2,4,6,6300,18.35,0,1
2,4,7,6300,17.94,0,1
2,4,8,6300,17.94,0,1
2,4,9,6300,15.72,0,1
2,4,10,6300,14.72,0,1
2,4,11,6300,14.31,0,1
2,4,12,6300,14.52,0,1
2,4,13,6300,13.71,0,1
2,5,1,6300,16.53,0,1
2,5,2,6300,16.73,0,1
2,5,3,6300,16.73,0,1
2,5,4,6300,16.53,0,1
2,5,5,6300,16.73,0,1
2,5,6,6300,17.34,0,1
2,5,7,6300,16.33,0,1
2,5,8,6300,15.72,0,1
2,5,9,6300,14.52,0,1
2,5,10,6300,12.5,0,1
2,5,11,6300,10.89,0,1
2,5,12,6300,11.69,0,1
2,5,13,6300,11.69,0,1
2,6,1,6300,16.13,0,1
2,6,2,6300,16.33,0,1
2,6,3,6300,16.13,0,1
2,6,4,6300,15.32,0,1
2,6,5,6300,15.32,0,1
2,6,6,6300,14.52,0,1
2,6,7,6300,14.52,0,1
2,6,8,6300,13.51,0,1
2,6,9,6300,10.68,0,1
2,6,10,6300,9.68,0,1
2,6,11,6300,7.86,0,1
2,6,12,6300,6.65,0,1
2,6,13,6300,7.46,0,1
2,7,1,6300,15.72,0,1
2,7,2,6300,16.73,0,1
2,7,3,6300,16.53,0,1
2,7,4,6300,15.32,0,1
2,7,5,6300,14.52,0,1
2,7,6,6300,12.7,0,1
2,7,7,6300,12.9,0,1
2,7,8,6300,12.9,0,1
2,7,9,6300,10.48,0,1
2,7,10,6300,8.27,0,1
2,7,11,6300,7.26,0,1
2,7,12,6300,7.26,0,1
2,7,13,6300,7.26,0,1
2,8,1,6300,13.71,0,1
2,8,2,6300,14.52,0,1
2,8,3,6300,15.12,0,1
2,8,4,6300,13.91,0,1
2,8,5,6300,12.3,0,1
2,8,6,6300,10.68,0,1
2,8,7,6300,11.09,0,1
2,8,8,6300,10.08,0,1
2,8,9,6300,8.87,0,1
2,8,10,6300,7.86,0,1
2,8,11,6300,6.45,0,1
2,8,12,6300,6.05,0,1
2,8,13,6300,6.25,0,1
2,9,1,6300,13.71,0,1
2,9,2,6300,15.32,0,1
2,9,3,6300,14.92,0,1
2,9,4,6300,13.91,0,1
2,9,5,6300,12.9,0,1
2,9,6,6300,10.89,0,1
2,9,7,6300,11.29,0,1
2,9,8,6300,10.48,0,1
2,9,9,6300,9.07,0,1
2,9,10,6300,8.67,0,1
2,9,11,6300,7.46,0,1
2,9,12,6300,6.85,0,1
2,9,13,6300,6.65,0,1
2,10,1,6300,12.9,0,1
2,10,2,6300,13.71,0,1
2,10,3,6300,14.31,0,1
2,10,4,6300,13.71,0,1
2,10,5,6300,11.29,0,1
2,10,6,6300,10.28,0,1
2,10,7,6300,10.08,0,1
2,10,8,6300,9.07,0,1
2,10,9,6300,7.46,0,1
2,10,10,6300,7.66,0,1
2,10,11,6300,6.85,0,1
2,10,12,6300,6.85,0,1
2,10,13,6300,6.85,0,1
2,11,1,6300,12.1,0,1
2,11,2,6300,13.71,0,1
2,11,3,6300,16.53,0,1
2,11,4,6300,13.31,0,1
2,11,5,6300,12.5,0,1
2,11,6,6300,10.68,0,1
2,11,7,6300,10.28,0,1
2,11,8,6300,9.68,0,1
2,11,9,6300,8.06,0,1
2,11,10,6300,7.86,0,1
2,11,11,6300,6.65,0,1
2,11,12,6300,6.45,0,1
2,11,13,6300,6.65,0,1
2,12,1,6300,12.5,0,1
2,12,2,6300,14.31,0,1
2,12,3,6300,14.11,0,1
2,12,4,6300,12.5,0,1
2,12,5,6300,11.69,0,1
2,12,6,6300,8.47,0,1
2,12,7,6300,7.66,0,1
2,12,8,6300,10.08,0,1
2,12,9,6300,7.46,0,1
2,12,10,6300,6.05,0,1
2,12,11,6300,5.85,0,1
2,12,12,6300,7.26,0,1
2,12,13,6300,6.25,0,1
2,13,1,6300,12.3,0,1
2,13,2,6300,12.7,0,1
2,13,3,6300,12.5,0,1
2,13,4,6300,12.1,0,1
2,13,5,6300,10.89,0,1
2,13,6,6300,9.07,0,1
2,13,7,6300,8.67,0,1
2,13,8,6300,8.27,0,1
2,13,9,6300,7.06,0,1
2,13,10,6300,6.45,0,1
2,13,11,6300,6.25,0,1
2,13,12,6300,6.45,0,1
2,13,13,6300,6.65,0,1
2,14,1,6300,9.07,0,1
2,14,2,6300,9.27,0,1
2,14,3,6300,10.28,0,1
2,14,4,6300,11.09,0,1
2,14,5,6300,10.48,0,1
2,14,6,6300,8.87,0,1
2,14,7,6300,8.06,0,1
2,14,8,6300,7.46,0,1
2,14,9,6300,6.45,0,1
2,14,10,6300,6.25,0,1
2,14,11,6300,6.05,0,1
2,14,12,6300,6.05,0,1
2,14,13,6300,6.25,0,1
2,15,1,6300,8.47,0,1
2,15,2,6300,8.06,0,1
2,15,3,6300,9.07,0,1
2,15,4,6300,9.27,0,1
2,15,5,6300,9.48,0,1
2,15,6,6300,9.68,0,1
2,15,7,6300,10.08,0,1
2,15,8,6300,6.65,0,1
2,15,9,6300,6.45,0,1
2,15,10,6300,6.25,0,1
2,15,11,6300,6.45,0,1
2,15,12,6300,6.65,0,1
2,15,13,6300,7.26,0,1
2,16,1,6300,10.48,0,1
2,16,2,6300,10.08,0,1
2,16,3,6300,10.48,0,1
2,16,4,6300,10.48,0,1
2,16,5,6300,8.67,0,1
2,16,6,6300,10.08,0,1
2,16,7,6300,9.07,0,1
2,16,8,6300,6.45,0,1
2,16,9,6300,6.45,0,1
2,16,10,6300,6.25,0,1
2,16,11,6300,5.24,0,1
2,16,12,6300,5.24,0,1
2,16,13,6300,6.45,0,1
2,17,1,6300,13.1,0,1
2,17,2,6300,13.91,0,1
2,17,3,6300,14.31,0,1
2,17,4,6300,14.72,0,1
2,17,5,6300,14.92,0,1
2,17,6,6300,13.71,0,1
2,17,7,6300,10.68,0,1
2,17,8,6300,8.27,0,1
2,17,9,6300,6.25,0,1
2,17,10,6300,6.25,0,1
2,17,11,6300,6.05,0,1
2,17,12,6300,6.25,0,1
2,17,13,6300,6.85,0,1
2,18,1,6300,12.9,0,1
2,18,2,6300,12.9,0,1
2,18,3,6300,13.1,0,1
2,18,4,6300,13.51,0,1
2,18,5,6300,14.72,0,1
2,18,6,6300,15.32,0,1
2,18,7,6300,13.91,0,1
2,18,8,6300,11.89,0,1
2,18,9,6300,9.48,0,1
2,18,10,6300,7.66,0,1
2,18,11,6300,7.26,0,1
2,18,12,6300,7.46,0,1
2,18,13,6300,7.66,0,1
2,19,1,6300,13.71,0,1
2,19,2,6300,14.11,0,1
2,19,3,6300,15.12,0,1
2,19,4,6300,15.93,0,1
2,19,5,6300,16.33,0,1
2,19,6,6300,16.13,0,1
2,19,7,6300,15.12,0,1
2,19,8,6300,13.1,0,1
2,19,9,6300,10.08,0,1
2,19,10,6300,9.68,0,1
2,19,11,6300,8.27,0,1
2,19,12,6300,8.27,0,1
2,19,13,6300,8.47,0,1
2,20,1,6300,12.3,0,1
2,20,2,6300,12.9,0,1
2,20,3,6300,13.71,0,1
2,20,4,6300,15.32,0,1
2,20,5,6300,14.92,0,1
2,20,6,6300,13.51,0,1
2,20,7,6300,12.7,0,1
2,20,8,6300,10.28,0,1
2,20,9,6300,9.88,0,1
2,20,10,6300,9.07,0,1
2,20,11,6300,8.47,0,1
2,20,12,6300,8.47,0,1
2,20,13,6300,8.87,0,1
2,21,1,6300,12.1,0,1
2,21,2,6300,12.3,0,1
2,21,3,6300,12.1,0,1
2,21,4,6300,12.7,0,1
2,21,5,6300,12.5,0,1
2,21,6,6300,11.69,0,1
2,21,7,6300,11.09,0,1
2,21,8,6300,9.88,0,1
2,21,9,6300,9.07,0,1
2,21,10,6300,9.68,0,1
2,21,11,6300,8.47,0,1
2,21,12,6300,8.67,0,1
2,21,13,6300,9.07,0,1
2,22,1,6300,14.31,0,1
2,22,2,6300,14.31,0,1
2,22,3,6300,14.72,0,1
2,22,4,6300,14.31,0,1
2,22,5,6300,13.91,0,1
2,22,6,6300,12.7,0,1
2,22,7,6300,11.69,0,1
2,22,8,6300,10.89,0,1
2,22,9,6300,10.68,0,1
2,22,10,6300,9.68,0,1
2,22,11,6300,8.06,0,1
2,22,12,6300,8.47,0,1
2,22,13,6300,9.68,0,1
2,23,1,6300,13.1,0,1
2,23,2,6300,13.1,0,1
2,23,3,6300,14.11,0,1
2,23,4,6300,13.71,0,1
2,23,5,6300,13.1,0,1
2,23,6,6300,11.29,0,1
2,23,7,6300,10.48,0,1
2,23,8,6300,10.89,0,1
2,23,9,6300,11.29,0,1
2,23,10,6300,11.09,0,1
2,23,11,6300,10.28,0,1
2,23,12,6300,9.88,0,1
2,23,13,6300,10.08,0,1
2,24,1,6300,11.29,0,1
2,24,2,6300,10.89,0,1
2,24,3,6300,12.1,0,1
2,24,4,6300,13.1,0,1
2,24,5,6300,12.5,0,1
2,24,6,6300,10.89,0,1
2,24,7,6300,9.27,0,1
2,24,8,6300,9.68,0,1
2,24,9,6300,10.48,0,1
2,24,10,6300,10.48,0,1
2,24,11,6300,9.68,0,1
2,24,12,6300,7.26,0,1
2,24,13,6300,6.65,0,1
2,25,1,6300,11.89,0,1
2,25,2,6300,11.89,0,1
2,25,3,6300,12.9,0,1
2,25,4,6300,13.31,0,1
2,25,5,6300,12.1,0,1
2,25,6,6300,11.49,0,1
2,25,7,6300,10.89,0,1
2,25,8,6300,10.48,0,1
2,25,9,6300,11.09,0,1
2,25,10,6300,10.68,0,1
2,25,11,6300,9.48,0,1
2,25,12,6300,8.47,0,1
2,25,13,6300,8.47,0,1
2,26,1,6300,13.71,0,1
2,26,2,6300,13.71,0,1
2,26,3,6300,14.31,0,1
2,26,4,6300,13.71,0,1
2,26,5,6300,12.3,0,1
2,26,6,6300,11.89,0,1
2,26,7,6300,10.68,0,1
2,26,8,6300,11.49,0,1
2,26,9,6300,10.28,0,1
2,26,10,6300,10.08,0,1
2,26,11,6300,9.88,0,1
2,26,12,6300,10.48,0,1
2,26,13,6300,11.49,0,1
2,27,1,6300,14.52,0,1
2,27,2,6300,13.91,0,1
2,27,3,6300,13.91,0,1
2,27,4,6300,13.51,0,1
2,27,5,6300,13.1,0,1
2,27,6,6300,12.5,0,1
2,27,7,6300,12.1,0,1
2,27,8,6300,12.3,0,1
2,27,9,6300,11.29,0,1
2,27,10,6300,10.89,0,1
2,27,11,6300,10.28,0,1
2,27,12,6300,10.48,0,1
2,27,13,6300,11.09,0,1
2,28,1,6300,15.32,0,1
2,28,2,6300,14.11,0,1
2,28,3,6300,13.71,0,1
2,28,4,6300,13.31,0,1
2,28,5,6300,13.51,0,1
2,28,6,6300,13.71,0,1
2,28,7,6300,12.9,0,1
2,28,8,6300,12.7,0,1
2,28,9,6300,11.69,0,1
2,28,10,6300,11.09,0,1
2,28,11,6300,10.28,0,1
2,28,12,6300,8.67,0,1
2,28,13,6300,11.09,0,1
2,29,1,6300,15.12,0,1
2,29,2,6300,13.91,0,1
2,29,3,6300,13.51,0,1
2,29,4,6300,12.9,0,1
2,29,5,6300,13.1,0,1
2,29,6,6300,14.72,0,1
2,29,7,6300,13.71,0,1
2,29,8,6300,12.9,0,1
2,29,9,6300,12.5,0,1
2,29,10,6300,12.1,0,1
2,29,11,6300,11.69,0,1
2,29,12,6300,12.5,0,1
2,29,13,6300,14.11,0,1
2,30,1,6300,14.92,0,1
2,30,2,6300,13.91,0,1
2,30,3,6300,13.71,0,1
2,30,4,6300,13.71,0,1
2,30,5,6300,14.11,0,1
2,30,6,6300,13.91,0,1
2,30,7,6300,14.11,0,1
2,30,8,6300,14.11,0,1
2,30,9,6300,13.31,0,1
2,30,10,6300,13.1,0,1
2,30,11,6300,13.71,0,1
2,30,12,6300,13.31,0,1
2,30,13,6300,14.11,0,1
2,31,1,6300,13.31,0,1
2,31,2,6300,13.1,0,1
2,31,3,6300,12.5,0,1
2,31,4,6300,12.5,0,1
2,31,5,6300,13.1,0,1
2,31,6,6300,12.9,0,1
2,31,7,6300,12.9,0,1
2,31,8,6300,13.31,0,1
2,31,9,6300,12.9,0,1
2,31,10,6300,12.7,0,1
2,31,11,6300,12.5,0,1
2,31,12,6300,12.3,0,1
2,31,13,6300,12.9,0,1
2,32,1,6300,11.69,0,1
2,32,2,6300,11.69,0,1
2,32,3,6300,11.49,0,1
2,32,4,6300,12.5,0,1
2,32,5,6300,13.51,0,1
2,32,6,6300,12.7,0,1
2,32,7,6300,12.7,0,1
2,32,8,6300,12.9,0,1
2,32,9,6300,10.89,0,1
2,32,10,6300,8.47,0,1
2,32,11,6300,10.08,0,1
2,32,12,6300,11.49,0,1
2,32,13,6300,12.7,0,1
2,33,1,6300,12.7,0,1
2,33,2,6300,12.5,0,1
2,33,3,6300,11.89,0,1
2,33,4,6300,12.3,0,1
2,33,5,6300,13.31,0,1
2,33,6,6300,13.1,0,1
2,33,7,6300,12.7,0,1
2,33,8,6300,12.1,0,1
2,33,9,6300,11.89,0,1
2,33,10,6300,10.68,0,1
2,33,11,6300,10.68,0,1
2,33,12,6300,11.09,0,1
2,33,13,6300,11.49,0,1
2,34,1,6300,13.91,0,1
2,34,2,6300,13.51,0,1
2,34,3,6300,13.51,0,1
2,34,4,6300,13.1,0,1
2,34,5,6300,12.9,0,1
2,34,6,6300,12.7,0,1
2,34,7,6300,12.1,0,1
2,34,8,6300,12.1,0,1
2,34,9,6300,12.1,0,1
2,34,10,6300,12.1,0,1
2,34,11,6300,11.89,0,1
2,34,12,6300,11.69,0,1
2,34,13,6300,11.49,0,1
2,35,1,6300,15.72,0,1
2,35,2,6300,14.52,0,1
2,35,3,6300,14.31,0,1
2,35,4,6300,13.91,0,1
2,35,5,6300,14.11,0,1
2,35,6,6300,12.3,0,1
2,35,7,6300,11.69,0,1
2,35,8,6300,11.49,0,1
2,35,9,6300,11.69,0,1
2,35,10,6300,11.69,0,1
2,35,11,6300,11.89,0,1
2,35,12,6300,11.69,0,1
2,35,13,6300,11.69,0,1
2,36,1,6300,15.72,0,1
2,36,2,6300,14.72,0,1
2,36,3,6300,14.72,0,1
2,36,4,6300,14.31,0,1
2,36,5,6300,13.1,0,1
2,36,6,6300,11.09,0,1
2,36,7,6300,9.88,0,1
2,36,8,6300,10.08,0,1
2,36,9,6300,11.09,0,1
2,36,10,6300,11.49,0,1
2,36,11,6300,11.49,0,1
2,36,12,6300,10.89,0,1
2,36,13,6300,11.09,0,1
2,37,1,6300,14.31,0,1
2,37,2,6300,14.52,0,1
2,37,3,6300,13.91,0,1
2,37,4,6300,13.51,0,1
2,37,5,6300,12.3,0,1
2,37,6,6300,10.48,0,1
2,37,7,6300,9.07,0,1
2,37,8,6300,9.48,0,1
2,37,9,6300,10.68,0,1
2,37,10,6300,11.49,0,1
2,37,11,6300,11.49,0,1
2,37,12,6300,11.09,0,1
2,37,13,6300,11.09,0,1
2,38,1,6300,14.72,0,1
2,38,2,6300,15.12,0,1
2,38,3,6300,15.32,0,1
2,38,4,6300,14.72,0,1
2,38,5,6300,14.31,0,1
2,38,6,6300,13.1,0,1
2,38,7,6300,12.1,0,1
2,38,8,6300,11.49,0,1
2,38,9,6300,11.49,0,1
2,38,10,6300,11.89,0,1
2,38,11,6300,12.3,0,1
2,38,12,6300,11.89,0,1
2,38,13,6300,12.1,0,1
2,39,1,6300,15.12,0,1
2,39,2,6300,16.13,0,1
2,39,3,6300,17.54,0,1
2,39,4,6300,17.74,0,1
2,39,5,6300,16.73,0,1
2,39,6,6300,14.92,0,1
2,39,7,6300,13.71,0,1
2,39,8,6300,12.5,0,1
2,39,9,6300,12.5,0,1
2,39,10,6300,12.7,0,1
2,39,11,6300,12.9,0,1
2,39,12,6300,13.31,0,1
2,39,13,6300,13.31,0,1
2,40,1,6300,14.72,0,1
2,40,2,6300,15.93,0,1
2,40,3,6300,22.18,0,1
2,40,4,6300,22.58,0,1
2,40,5,6300,19.35,0,1
2,40,6,6300,14.92,0,1
2,40,7,6300,11.49,0,1
2,40,8,6300,10.89,0,1
2,40,9,6300,11.49,0,1
2,40,10,6300,11.89,0,1
2,40,11,6300,12.5,0,1
2,40,12,6300,13.71,0,1
2,40,13,6300,14.52,0,1
3,1,1,6300,14.72,0,1
3,1,2,6300,17.34,0,1
3,1,3,6300,17.74,0,1
3,1,4,6300,18.95,0,1
3,1,5,6300,18.75,0,1
3,1,6,6300,18.14,0,1
3,1,7,6300,15.93,0,1
3,1,8,6300,15.52,0,1
3,1,9,6300,14.52,0,1
3,1,10,6300,14.52,0,1
3,1,11,6300,13.51,0,1
3,1,12,6300,12.9,0,1
3,1,13,6300,14.72,0,1
3,2,1,6300,15.93,0,1
3,2,2,6300,17.74,0,1
3,2,3,6300,18.35,0,1
3,2,4,6300,19.56,0,1
3,2,5,6300,19.56,0,1
3,2,6,6300,18.35,0,1
3,2,7,6300,15.93,0,1
3,2,8,6300,15.72,0,1
3,2,9,6300,15.52,0,1
3,2,10,6300,17.54,0,1
3,2,11,6300,16.73,0,1
3,2,12,6300,16.33,0,1
3,2,13,6300,16.33,0,1
3,3,1,6300,15.93,0,1
3,3,2,6300,17.14,0,1
3,3,3,6300,18.95,0,1
3,3,4,6300,20.76,0,1
3,3,5,6300,21.77,0,1
3,3,6,6300,20.76,0,1
3,3,7,6300,17.74,0,1
3,3,8,6300,16.53,0,1
3,3,9,6300,16.93,0,1
3,3,10,6300,20.56,0,1
3,3,11,6300,20.97,0,1
3,3,12,6300,20.36,0,1
3,3,13,6300,18.95,0,1
3,4,1,6300,17.54,0,1
3,4,2,6300,18.14,0,1
3,4,3,6300,19.15,0,1
3,4,4,6300,19.56,0,1
3,4,5,6300,19.96,0,1
3,4,6,6300,19.15,0,1
3,4,7,6300,17.74,0,1
3,4,8,6300,16.93,0,1
3,4,9,6300,15.12,0,1
3,4,10,6300,13.71,0,1
3,4,11,6300,16.33,0,1
3,4,12,6300,16.93,0,1
3,4,13,6300,16.13,0,1
3,5,1,6300,16.93,0,1
3,5,2,6300,17.14,0,1
3,5,3,6300,17.34,0,1
3,5,4,6300,17.54,0,1
3,5,5,6300,17.34,0,1
3,5,6,6300,17.94,0,1
3,5,7,6300,18.35,0,1
3,5,8,6300,17.54,0,1
3,5,9,6300,13.91,0,1
3,5,10,6300,11.29,0,1
3,5,11,6300,11.49,0,1
3,5,12,6300,12.5,0,1
3,5,13,6300,12.5,0,1
3,6,1,6300,16.13,0,1
3,6,2,6300,15.72,0,1
3,6,3,6300,15.52,0,1
3,6,4,6300,14.72,0,1
3,6,5,6300,14.92,0,1
3,6,6,6300,15.12,0,1
3,6,7,6300,16.73,0,1
3,6,8,6300,17.94,0,1
3,6,9,6300,13.71,0,1
3,6,10,6300,10.48,0,1
3,6,11,6300,9.68,0,1
3,6,12,6300,9.68,0,1
3,6,13,6300,9.88,0,1
3,7,1,6300,15.12,0,1
3,7,2,6300,16.13,0,1
3,7,3,6300,16.13,0,1
3,7,4,6300,15.52,0,1
3,7,5,6300,14.11,0,1
3,7,6,6300,11.49,0,1
3,7,7,6300,12.1,0,1
3,7,8,6300,11.09,0,1
3,7,9,6300,10.68,0,1
3,7,10,6300,10.28,0,1
3,7,11,6300,9.07,0,1
3,7,12,6300,9.07,0,1
3,7,13,6300,8.87,0,1
3,8,1,6300,14.31,0,1
3,8,2,6300,15.72,0,1
3,8,3,6300,15.52,0,1
3,8,4,6300,13.91,0,1
3,8,5,6300,13.1,0,1
3,8,6,6300,11.09,0,1
3,8,7,6300,11.69,0,1
3,8,8,6300,11.89,0,1
3,8,9,6300,11.29,0,1
3,8,10,6300,10.89,0,1
3,8,11,6300,9.88,0,1
3,8,12,6300,8.87,0,1
3,8,13,6300,8.67,0,1
3,9,1,6300,15.32,0,1
3,9,2,6300,16.33,0,1
3,9,3,6300,16.73,0,1
3,9,4,6300,15.32,0,1
3,9,5,6300,14.52,0,1
3,9,6,6300,11.29,0,1
3,9,7,6300,10.28,0,1
3,9,8,6300,10.89,0,1
3,9,9,6300,10.68,0,1
3,9,10,6300,10.08,0,1
3,9,11,6300,8.67,0,1
3,9,12,6300,8.06,0,1
3,9,13,6300,7.86,0,1
3,10,1,6300,12.5,0,1
3,10,2,6300,14.11,0,1
3,10,3,6300,14.52,0,1
3,10,4,6300,14.92,0,1
3,10,5,6300,14.31,0,1
3,10,6,6300,13.1,0,1
3,10,7,6300,11.89,0,1
3,10,8,6300,11.49,0,1
3,10,9,6300,10.68,0,1
3,10,10,6300,10.28,0,1
3,10,11,6300,8.47,0,1
3,10,12,6300,8.06,0,1
3,10,13,6300,8.27,0,1
3,11,1,6300,8.06,0,1
3,11,2,6300,11.29,0,1
3,11,3,6300,13.51,0,1
3,11,4,6300,15.12,0,1
3,11,5,6300,15.12,0,1
3,11,6,6300,14.92,0,1
3,11,7,6300,11.69,0,1
3,11,8,6300,9.88,0,1
3,11,9,6300,8.67,0,1
3,11,10,6300,8.06,0,1
3,11,11,6300,6.85,0,1
3,11,12,6300,6.85,0,1
3,11,13,6300,7.46,0,1
3,12,1,6300,10.28,0,1
3,12,2,6300,12.1,0,1
3,12,3,6300,13.71,0,1
3,12,4,6300,13.31,0,1
3,12,5,6300,13.1,0,1
3,12,6,6300,12.5,0,1
3,12,7,6300,10.89,0,1
3,12,8,6300,9.27,0,1
3,12,9,6300,8.06,0,1
3,12,10,6300,7.46,0,1
3,12,11,6300,6.85,0,1
3,12,12,6300,6.65,0,1
3,12,13,6300,7.26,0,1
3,13,1,6300,11.29,0,1
3,13,2,6300,11.89,0,1
3,13,3,6300,12.1,0,1
3,13,4,6300,11.49,0,1
3,13,5,6300,10.89,0,1
3,13,6,6300,10.28,0,1
3,13,7,6300,8.27,0,1
3,13,8,6300,6.65,0,1
3,13,9,6300,5.85,0,1
3,13,10,6300,6.25,0,1
3,13,11,6300,6.65,0,1
3,13,12,6300,6.25,0,1
3,13,13,6300,6.45,0,1
3,14,1,6300,6.65,0,1
3,14,2,6300,6.05,0,1
3,14,3,6300,8.06,0,1
3,14,4,6300,9.07,0,1
3,14,5,6300,9.68,0,1
3,14,6,6300,9.07,0,1
3,14,7,6300,8.67,0,1
3,14,8,6300,6.65,0,1
3,14,9,6300,6.45,0,1
3,14,10,6300,7.26,0,1
3,14,11,6300,7.66,0,1
3,14,12,6300,7.46,0,1
3,14,13,6300,7.46,0,1
3,15,1,6300,6.45,0,1
3,15,2,6300,5.44,0,1
3,15,3,6300,6.85,0,1
3,15,4,6300,8.27,0,1
3,15,5,6300,8.87,0,1
3,15,6,6300,9.27,0,1
3,15,7,6300,8.67,0,1
3,15,8,6300,7.26,0,1
3,15,9,6300,7.06,0,1
3,15,10,6300,6.65,0,1
3,15,11,6300,6.45,0,1
3,15,12,6300,7.46,0,1
3,15,13,6300,7.66,0,1
3,16,1,6300,10.08,0,1
3,16,2,6300,10.08,0,1
3,16,3,6300,10.68,0,1
3,16,4,6300,10.68,0,1
3,16,5,6300,10.28,0,1
3,16,6,6300,10.89,0,1
3,16,7,6300,8.67,0,1
3,16,8,6300,6.85,0,1
3,16,9,6300,6.85,0,1
3,16,10,6300,6.45,0,1
3,16,11,6300,5.24,0,1
3,16,12,6300,5.44,0,1
3,16,13,6300,7.06,0,1
3,17,1,6300,12.1,0,1
3,17,2,6300,13.31,0,1
3,17,3,6300,13.91,0,1
3,17,4,6300,14.52,0,1
3,17,5,6300,14.11,0,1
3,17,6,6300,14.52,0,1
3,17,7,6300,11.69,0,1
3,17,8,6300,9.27,0,1
3,17,9,6300,7.26,0,1
3,17,10,6300,6.25,0,1
3,17,11,6300,6.45,0,1
3,17,12,6300,7.06,0,1
3,17,13,6300,7.66,0,1
3,18,1,6300,13.51,0,1
3,18,2,6300,14.52,0,1
3,18,3,6300,17.34,0,1
3,18,4,6300,18.75,0,1
3,18,5,6300,19.56,0,1
3,18,6,6300,19.56,0,1
3,18,7,6300,16.93,0,1
3,18,8,6300,12.9,0,1
3,18,9,6300,9.27,0,1
3,18,10,6300,7.66,0,1
3,18,11,6300,7.46,0,1
3,18,12,6300,7.66,0,1
3,18,13,6300,8.27,0,1
3,19,1,6300,13.71,0,1
3,19,2,6300,14.52,0,1
3,19,3,6300,15.72,0,1
3,19,4,6300,16.73,0,1
3,19,5,6300,17.94,0,1
3,19,6,6300,19.56,0,1
3,19,7,6300,18.95,0,1
3,19,8,6300,14.52,0,1
3,19,9,6300,11.89,0,1
3,19,10,6300,11.29,0,1
3,19,11,6300,10.68,0,1
3,19,12,6300,10.28,0,1
3,19,13,6300,10.48,0,1
3,20,1,6300,10.28,0,1
3,20,2,6300,12.5,0,1
3,20,3,6300,13.71,0,1
3,20,4,6300,14.11,0,1
3,20,5,6300,14.92,0,1
3,20,6,6300,15.52,0,1
3,20,7,6300,15.72,0,1
3,20,8,6300,11.89,0,1
3,20,9,6300,11.29,0,1
3,20,10,6300,10.28,0,1
3,20,11,6300,9.27,0,1
3,20,12,6300,7.26,0,1
3,20,13,6300,8.47,0,1
3,21,1,6300,13.1,0,1
3,21,2,6300,13.31,0,1
3,21,3,6300,13.91,0,1
3,21,4,6300,13.71,0,1
3,21,5,6300,13.91,0,1
3,21,6,6300,13.91,0,1
3,21,7,6300,11.69,0,1
3,21,8,6300,10.48,0,1
3,21,9,6300,10.48,0,1
3,21,10,6300,10.89,0,1
3,21,11,6300,10.28,0,1
3,21,12,6300,9.48,0,1
3,21,13,6300,9.68,0,1
3,22,1,6300,15.12,0,1
3,22,2,6300,15.32,0,1
3,22,3,6300,15.12,0,1
3,22,4,6300,15.93,0,1
3,22,5,6300,15.52,0,1
3,22,6,6300,13.71,0,1
3,22,7,6300,12.5,0,1
3,22,8,6300,11.89,0,1
3,22,9,6300,12.7,0,1
3,22,10,6300,13.51,0,1
3,22,11,6300,13.1,0,1
3,22,12,6300,12.7,0,1
3,22,13,6300,12.7,0,1
3,23,1,6300,13.31,0,1
3,23,2,6300,14.31,0,1
3,23,3,6300,14.92,0,1
3,23,4,6300,14.92,0,1
3,23,5,6300,14.11,0,1
3,23,6,6300,13.31,0,1
3,23,7,6300,12.7,0,1
3,23,8,6300,13.31,0,1
3,23,9,6300,14.11,0,1
3,23,10,6300,14.52,0,1
3,23,11,6300,14.11,0,1
3,23,12,6300,14.31,0,1
3,23,13,6300,15.93,0,1
3,24,1,6300,9.88,0,1
3,24,2,6300,10.08,0,1
3,24,3,6300,12.1,0,1
3,24,4,6300,13.71,0,1
3,24,5,6300,13.51,0,1
3,24,6,6300,11.89,0,1
3,24,7,6300,11.49,0,1
3,24,8,6300,11.49,0,1
3,24,9,6300,12.3,0,1
3,24,10,6300,10.89,0,1
3,24,11,6300,10.68,0,1
3,24,12,6300,12.5,0,1
3,24,13,6300,15.52,0,1
3,25,1,6300,12.7,0,1
3,25,2,6300,12.7,0,1
3,25,3,6300,13.91,0,1
3,25,4,6300,14.31,0,1
3,25,5,6300,13.51,0,1
3,25,6,6300,12.7,0,1
3,25,7,6300,12.3,0,1
3,25,8,6300,13.31,0,1
3,25,9,6300,12.9,0,1
3,25,10,6300,12.5,0,1
3,25,11,6300,11.29,0,1
3,25,12,6300,11.29,0,1
3,25,13,6300,11.89,0,1
3,26,1,6300,15.52,0,1
3,26,2,6300,15.52,0,1
3,26,3,6300,15.72,0,1
3,26,4,6300,15.72,0,1
3,26,5,6300,15.12,0,1
3,26,6,6300,14.11,0,1
3,26,7,6300,14.52,0,1
3,26,8,6300,15.12,0,1
3,26,9,6300,14.11,0,1
3,26,10,6300,13.51,0,1
3,26,11,6300,12.5,0,1
3,26,12,6300,12.1,0,1
3,26,13,6300,12.9,0,1
3,27,1,6300,16.13,0,1
3,27,2,6300,15.93,0,1
3,27,3,6300,15.72,0,1
3,27,4,6300,14.72,0,1
3,27,5,6300,14.31,0,1
3,27,6,6300,13.1,0,1
3,27,7,6300,13.1,0,1
3,27,8,6300,13.31,0,1
3,27,9,6300,12.5,0,1
3,27,10,6300,12.7,0,1
3,27,11,6300,12.1,0,1
3,27,12,6300,12.3,0,1
3,27,13,6300,12.5,0,1
3,28,1,6300,15.72,0,1
3,28,2,6300,15.52,0,1
3,28,3,6300,15.32,0,1
3,28,4,6300,14.11,0,1
3,28,5,6300,13.91,0,1
3,28,6,6300,14.31,0,1
3,28,7,6300,14.11,0,1
3,28,8,6300,13.51,0,1
3,28,9,6300,13.1,0,1
3,28,10,6300,12.7,0,1
3,28,11,6300,12.3,0,1
3,28,12,6300,12.3,0,1
3,28,13,6300,12.9,0,1
3,29,1,6300,15.52,0,1
3,29,2,6300,15.12,0,1
3,29,3,6300,14.11,0,1
3,29,4,6300,12.9,0,1
3,29,5,6300,12.5,0,1
3,29,6,6300,16.73,0,1
3,29,7,6300,13.71,0,1
3,29,8,6300,12.9,0,1
3,29,9,6300,13.1,0,1
3,29,10,6300,13.51,0,1
3,29,11,6300,11.89,0,1
3,29,12,6300,13.31,0,1
3,29,13,6300,16.73,0,1
3,30,1,6300,15.72,0,1
3,30,2,6300,15.52,0,1
3,30,3,6300,14.52,0,1
3,30,4,6300,14.11,0,1
3,30,5,6300,14.31,0,1
3,30,6,6300,14.31,0,1
3,30,7,6300,14.11,0,1
3,30,8,6300,15.12,0,1
3,30,9,6300,15.32,0,1
3,30,10,6300,15.12,0,1
3,30,11,6300,14.72,0,1
3,30,12,6300,15.12,0,1
3,30,13,6300,15.32,0,1
3,31,1,6300,15.52,0,1
3,31,2,6300,14.72,0,1
3,31,3,6300,13.31,0,1
3,31,4,6300,12.9,0,1
3,31,5,6300,14.11,0,1
3,31,6,6300,13.71,0,1
3,31,7,6300,14.11,0,1
3,31,8,6300,15.32,0,1
3,31,9,6300,15.12,0,1
3,31,10,6300,15.12,0,1
3,31,11,6300,14.72,0,1
3,31,12,6300,14.11,0,1
3,31,13,6300,14.72,0,1
3,32,1,6300,14.92,0,1
3,32,2,6300,12.1,0,1
3,32,3,6300,10.08,0,1
3,32,4,6300,11.89,0,1
3,32,5,6300,13.51,0,1
3,32,6,6300,12.9,0,1
3,32,7,6300,12.7,0,1
3,32,8,6300,13.71,0,1
3,32,9,6300,13.71,0,1
3,32,10,6300,12.7,0,1
3,32,11,6300,12.1,0,1
3,32,12,6300,12.9,0,1
3,32,13,6300,12.5,0,1
3,33,1,6300,15.32,0,1
3,33,2,6300,14.11,0,1
3,33,3,6300,13.31,0,1
3,33,4,6300,13.31,0,1
3,33,5,6300,13.31,0,1
3,33,6,6300,13.1,0,1
3,33,7,6300,13.1,0,1
3,33,8,6300,13.91,0,1
3,33,9,6300,14.11,0,1
3,33,10,6300,13.31,0,1
3,33,11,6300,12.3,0,1
3,33,12,6300,12.7,0,1
3,33,13,6300,12.7,0,1
3,34,1,6300,16.13,0,1
3,34,2,6300,15.72,0,1
3,34,3,6300,14.31,0,1
3,34,4,6300,13.71,0,1
3,34,5,6300,14.72,0,1
3,34,6,6300,14.11,0,1
3,34,7,6300,13.51,0,1
3,34,8,6300,14.11,0,1
3,34,9,6300,15.32,0,1
3,34,10,6300,14.52,0,1
3,34,11,6300,13.31,0,1
3,34,12,6300,12.9,0,1
3,34,13,6300,12.7,0,1
3,35,1,6300,15.72,0,1
3,35,2,6300,15.52,0,1
3,35,3,6300,14.72,0,1
3,35,4,6300,14.92,0,1
3,35,5,6300,14.92,0,1
3,35,6,6300,14.11,0,1
3,35,7,6300,13.51,0,1
3,35,8,6300,13.1,0,1
3,35,9,6300,13.1,0,1
3,35,10,6300,12.9,0,1
3,35,11,6300,12.3,0,1
3,35,12,6300,12.3,0,1
3,35,13,6300,12.3,0,1
3,36,1,6300,15.52,0,1
3,36,2,6300,15.52,0,1
3,36,3,6300,15.12,0,1
3,36,4,6300,14.92,0,1
3,36,5,6300,14.52,0,1
3,36,6,6300,13.31,0,1
3,36,7,6300,12.3,0,1
3,36,8,6300,11.89,0,1
3,36,9,6300,12.7,0,1
3,36,10,6300,12.7,0,1
3,36,11,6300,12.5,0,1
3,36,12,6300,11.89,0,1
3,36,13,6300,12.1,0,1
3,37,1,6300,14.11,0,1
3,37,2,6300,14.11,0,1
3,37,3,6300,14.11,0,1
3,37,4,6300,14.11,0,1
3,37,5,6300,13.91,0,1
3,37,6,6300,12.9,0,1
3,37,7,6300,12.1,0,1
3,37,8,6300,11.89,0,1
3,37,9,6300,12.5,0,1
3,37,10,6300,12.3,0,1
3,37,11,6300,12.3,0,1
3,37,12,6300,11.69,0,1
3,37,13,6300,11.69,0,1
3,38,1,6300,14.52,0,1
3,38,2,6300,14.92,0,1
3,38,3,6300,15.32,0,1
3,38,4,6300,14.92,0,1
3,38,5,6300,14.72,0,1
3,38,6,6300,13.51,0,1
3,38,7,6300,12.9,0,1
3,38,8,6300,11.89,0,1
3,38,9,6300,11.89,0,1
3,38,10,6300,12.1,0,1
3,38,11,6300,12.3,0,1
3,38,12,6300,12.3,0,1
3,38,13,6300,12.3,0,1
3,39,1,6300,15.52,0,1
3,39,2,6300,16.53,0,1
3,39,3,6300,17.54,0,1
3,39,4,6300,17.54,0,1
3,39,5,6300,16.13,0,1
3,39,6,6300,14.52,0,1
3,39,7,6300,13.31,0,1
3,39,8,6300,12.7,0,1
3,39,9,6300,12.7,0,1
3,39,10,6300,13.1,0,1
3,39,11,6300,13.31,0,1
3,39,12,6300,13.51,0,1
3,39,13,6300,13.51,0,1
3,40,1,6300,16.53,0,1
3,40,2,6300,18.14,0,1
3,40,3,6300,20.36,0,1
3,40,4,6300,23.18,0,1
3,40,5,6300,15.72,0,1
3,40,6,6300,14.52,0,1
3,40,7,6300,13.71,0,1
3,40,8,6300,12.5,0,1
3,40,9,6300,12.9,0,1
3,40,10,6300,13.31,0,1
3,40,11,6300,13.91,0,1
3,40,12,6300,15.12,0,1
3,40,13,6300,15.52,0,1
4,1,1,6300,15.52,0,1
4,1,2,6300,17.54,0,1
4,1,3,6300,16.93,0,1
4,1,4,6300,17.54,0,1
4,1,5,6300,17.14,0,1
4,1,6,6300,16.93,0,2
4,1,7,6300,15.93,0,1
4,1,8,6300,14.31,0,2
4,1,9,6300,14.11,0,2
4,1,10,6300,13.91,0,2
4,1,11,6300,12.5,0,2
4,1,12,6300,11.69,0,2
4,1,13,6300,15.12,0,2
4,2,1,6300,16.53,0,1
4,2,2,6300,17.94,0,1
4,2,3,6300,17.94,0,1
4,2,4,6300,18.95,0,1
4,2,5,6300,18.95,0,1
4,2,6,6300,18.55,0,1
4,2,7,6300,16.53,0,1
4,2,8,6300,16.33,0,1
4,2,9,6300,15.52,0,1
4,2,10,6300,17.14,0,1
4,2,11,6300,16.53,0,1
4,2,12,6300,16.73,0,1
4,2,13,6300,16.73,0,1
4,3,1,6300,16.33,0,1
4,3,2,6300,17.54,0,1
4,3,3,6300,18.95,0,1
4,3,4,6300,20.36,0,1
4,3,5,6300,21.77,0,1
4,3,6,6300,21.17,0,1
4,3,7,6300,17.94,0,1
4,3,8,6300,15.32,0,1
4,3,9,6300,17.94,0,1
4,3,10,6300,22.38,0,1
4,3,11,6300,23.79,0,1
4,3,12,6300,20.97,0,1
4,3,13,6300,21.17,0,1
4,4,1,6300,16.73,0,1
4,4,2,6300,17.14,0,1
4,4,3,6300,17.94,0,1
4,4,4,6300,18.35,0,1
4,4,5,6300,18.14,0,1
4,4,6,6300,18.14,0,1
4,4,7,6300,17.74,0,1
4,4,8,6300,18.14,0,1
4,4,9,6300,17.74,0,1
4,4,10,6300,18.35,0,1
4,4,11,6300,17.94,0,1
4,4,12,6300,17.94,0,1
4,4,13,6300,16.33,0,1
4,5,1,6300,16.33,0,1
4,5,2,6300,16.73,0,1
4,5,3,6300,16.73,0,1
4,5,4,6300,16.73,0,1
4,5,5,6300,16.53,0,1
4,5,6,6300,16.73,0,1
4,5,7,6300,19.15,0,1
4,5,8,6300,19.76,0,1
4,5,9,6300,16.73,0,1
4,5,10,6300,13.31,0,1
4,5,11,6300,12.3,0,1
4,5,12,6300,14.52,0,1
4,5,13,6300,12.9,0,1
4,6,1,6300,16.13,0,1
4,6,2,6300,16.93,0,1
4,6,3,6300,15.93,0,1
4,6,4,6300,15.52,0,1
4,6,5,6300,15.72,0,1
4,6,6,6300,17.14,0,1
4,6,7,6300,19.15,0,1
4,6,8,6300,19.15,0,1
4,6,9,6300,17.34,0,1
4,6,10,6300,14.31,0,1
4,6,11,6300,12.3,0,1
4,6,12,6300,11.09,0,1
4,6,13,6300,10.68,0,1
4,7,1,6300,15.72,0,1
4,7,2,6300,15.93,0,1
4,7,3,6300,14.92,0,1
4,7,4,6300,15.32,0,1
4,7,5,6300,15.12,0,1
4,7,6,6300,13.91,0,1
4,7,7,6300,11.89,0,1
4,7,8,6300,11.49,0,1
4,7,9,6300,11.89,0,1
4,7,10,6300,11.89,0,1
4,7,11,6300,10.89,0,1
4,7,12,6300,10.89,0,1
4,7,13,6300,10.68,0,1
4,8,1,6300,15.12,0,1
4,8,2,6300,16.33,0,1
4,8,3,6300,16.93,0,1
4,8,4,6300,17.14,0,1
4,8,5,6300,15.72,0,1
4,8,6,6300,14.52,0,1
4,8,7,6300,14.52,0,1
4,8,8,6300,15.32,0,1
4,8,9,6300,15.12,0,1
4,8,10,6300,14.92,0,1
4,8,11,6300,13.31,0,1
4,8,12,6300,10.08,0,1
4,8,13,6300,11.49,0,1
4,9,1,6300,14.92,0,1
4,9,2,6300,16.33,0,1
4,9,3,6300,16.33,0,1
4,9,4,6300,16.73,0,1
4,9,5,6300,15.72,0,1
4,9,6,6300,13.31,0,1
4,9,7,6300,10.68,0,1
4,9,8,6300,12.9,0,1
4,9,9,6300,13.91,0,1
4,9,10,6300,12.9,0,1
4,9,11,6300,9.88,0,1
4,9,12,6300,10.08,0,1
4,9,13,6300,10.89,0,1
4,10,1,6300,13.91,0,1
4,10,2,6300,15.72,0,1
4,10,3,6300,16.33,0,1
4,10,4,6300,16.53,0,1
4,10,5,6300,16.73,0,1
4,10,6,6300,15.72,0,1
4,10,7,6300,14.31,0,1
4,10,8,6300,13.51,0,1
4,10,9,6300,12.9,0,1
4,10,10,6300,11.89,0,1
4,10,11,6300,10.48,0,1
4,10,12,6300,9.27,0,1
4,10,13,6300,8.87,0,1
4,11,1,6300,12.1,0,1
4,11,2,6300,13.91,0,1
4,11,3,6300,14.52,0,1
4,11,4,6300,17.14,0,1
4,11,5,6300,17.94,0,1
4,11,6,6300,20.16,0,1
4,11,7,6300,11.89,0,1
4,11,8,6300,10.28,0,1
4,11,9,6300,10.28,0,1
4,11,10,6300,9.68,0,1
4,11,11,6300,7.06,0,1
4,11,12,6300,6.65,0,1
4,11,13,6300,7.86,0,1
4,12,1,6300,12.3,0,1
4,12,2,6300,13.1,0,1
4,12,3,6300,14.52,0,1
4,12,4,6300,14.92,0,1
4,12,5,6300,15.12,0,1
4,12,6,6300,14.72,0,1
4,12,7,6300,12.5,0,1
4,12,8,6300,10.68,0,1
4,12,9,6300,9.48,0,1
4,12,10,6300,9.07,0,1
4,12,11,6300,8.67,0,1
4,12,12,6300,8.47,0,1
4,12,13,6300,8.87,0,1
4,13,1,6300,12.1,0,1
4,13,2,6300,12.1,0,1
4,13,3,6300,12.3,0,1
4,13,4,6300,12.5,0,1
4,13,5,6300,12.3,0,1
4,13,6,6300,11.49,0,1
4,13,7,6300,9.68,0,1
4,13,8,6300,6.05,0,1
4,13,9,6300,6.45,0,1
4,13,10,6300,7.06,0,1
4,13,11,6300,7.66,0,1
4,13,12,6300,7.46,0,1
4,13,13,6300,7.06,0,1
4,14,1,6300,9.88,0,1
4,14,2,6300,9.27,0,1
4,14,3,6300,9.48,0,1
4,14,4,6300,9.48,0,1
4,14,5,6300,9.88,0,1
4,14,6,6300,10.28,0,1
4,14,7,6300,10.48,0,1
4,14,8,6300,8.27,0,1
4,14,9,6300,8.27,0,1
4,14,10,6300,8.87,0,1
4,14,11,6300,8.67,0,1
4,14,12,6300,8.87,0,1
4,14,13,6300,9.07,0,1
4,15,1,6300,9.68,0,1
4,15,2,6300,9.07,0,1
4,15,3,6300,7.46,0,1
4,15,4,6300,6.85,0,1
4,15,5,6300,9.07,0,1
4,15,6,6300,9.88,0,1
4,15,7,6300,10.28,0,1
4,15,8,6300,9.88,0,1
4,15,9,6300,8.67,0,1
4,15,10,6300,7.66,0,1
4,15,11,6300,6.85,0,1
4,15,12,6300,8.67,0,1
4,15,13,6300,8.47,0,1
4,16,1,6300,11.89,0,1
4,16,2,6300,12.1,0,1
4,16,3,6300,12.3,0,1
4,16,4,6300,11.29,0,1
4,16,5,6300,9.48,0,1
4,16,6,6300,8.87,0,1
4,16,7,6300,8.67,0,1
4,16,8,6300,9.07,0,1
4,16,9,6300,9.07,0,1
4,16,10,6300,8.27,0,1
4,16,11,6300,7.26,0,1
4,16,12,6300,7.26,0,1
4,16,13,6300,8.06,0,1
4,17,1,6300,13.31,0,1
4,17,2,6300,13.71,0,1
4,17,3,6300,14.11,0,1
4,17,4,6300,14.92,0,1
4,17,5,6300,15.52,0,1
4,17,6,6300,15.12,0,1
4,17,7,6300,13.71,0,1
4,17,8,6300,11.69,0,1
4,17,9,6300,8.67,0,1
4,17,10,6300,6.85,0,1
4,17,11,6300,6.65,0,1
4,17,12,6300,8.06,0,1
4,17,13,6300,7.86,0,1
4,18,1,6300,14.31,0,1
4,18,2,6300,15.12,0,1
4,18,3,6300,18.35,0,1
4,18,4,6300,21.17,0,1
4,18,5,6300,23.79,0,1
4,18,6,6300,24.19,0,1
4,18,7,6300,21.77,0,1
4,18,8,6300,14.92,0,1
4,18,9,6300,13.1,0,1
4,18,10,6300,10.08,0,1
4,18,11,6300,10.68,0,1
4,18,12,6300,9.68,0,1
4,18,13,6300,9.68,0,1
4,19,1,6300,14.11,0,1
4,19,2,6300,15.72,0,1
4,19,3,6300,17.54,0,1
4,19,4,6300,19.76,0,1
4,19,5,6300,21.97,0,1
4,19,6,6300,22.98,0,1
4,19,7,6300,21.57,0,1
4,19,8,6300,15.52,0,1
4,19,9,6300,15.12,0,1
4,19,10,6300,13.71,0,1
4,19,11,6300,12.5,0,1
4,19,12,6300,11.69,0,1
4,19,13,6300,11.29,0,1
4,20,1,6300,13.71,0,2
4,20,2,6300,13.91,0,1
4,20,3,6300,13.1,0,1
4,20,4,6300,13.51,0,1
4,20,5,6300,17.74,0,1
4,20,6,6300,19.35,0,1
4,20,7,6300,19.15,0,1
4,20,8,6300,14.92,0,1
4,20,9,6300,15.12,0,1
4,20,10,6300,15.32,0,1
4,20,11,6300,13.1,0,1
4,20,12,6300,10.28,0,1
4,20,13,6300,9.68,0,1
4,21,1,6300,14.31,0,2
4,21,2,6300,14.52,0,1
4,21,3,6300,13.91,0,1
4,21,4,6300,14.31,0,1
4,21,5,6300,14.52,0,1
4,21,6,6300,14.72,0,1
4,21,7,6300,10.08,0,1
4,21,8,6300,11.09,0,1
4,21,9,6300,12.9,0,1
4,21,10,6300,14.11,0,1
4,21,11,6300,14.52,0,1
4,21,12,6300,11.49,0,1
4,21,13,6300,11.89,0,1
4,22,1,6300,16.73,0,2
4,22,2,6300,16.53,0,1
4,22,3,6300,16.33,0,1
4,22,4,6300,15.93,0,1
4,22,5,6300,15.12,0,1
4,22,6,6300,15.32,0,1
4,22,7,6300,14.72,0,1
4,22,8,6300,15.52,0,1
4,22,9,6300,16.93,0,1
4,22,10,6300,17.74,0,1
4,22,11,6300,17.74,0,1
4,22,12,6300,15.93,0,1
4,22,13,6300,14.92,0,1
4,23,1,6300,17.34,0,1
4,23,2,6300,18.14,0,1
4,23,3,6300,18.95,0,1
4,23,4,6300,19.15,0,1
4,23,5,6300,17.74,0,1
4,23,6,6300,17.94,0,1
4,23,7,6300,17.14,0,1
4,23,8,6300,18.14,0,1
4,23,9,6300,19.35,0,1
4,23,10,6300,19.15,0,1
4,23,11,6300,19.56,0,1
4,23,12,6300,19.15,0,1
4,23,13,6300,18.75,0,1
4,24,1,6300,16.53,0,1
4,24,2,6300,18.55,0,1
4,24,3,6300,20.76,0,1
4,24,4,6300,22.38,0,1
4,24,5,6300,18.75,0,1
4,24,6,6300,12.9,0,1
4,24,7,6300,16.33,0,1
4,24,8,6300,16.93,0,1
4,24,9,6300,18.95,0,1
4,24,10,6300,19.15,0,1
4,24,11,6300,18.95,0,1
4,24,12,6300,19.15,0,1
4,24,13,6300,19.35,0,1
4,25,1,6300,17.34,0,1
4,25,2,6300,18.14,0,1
4,25,3,6300,18.95,0,1
4,25,4,6300,19.35,0,1
4,25,5,6300,18.55,0,1
4,25,6,6300,17.74,0,1
4,25,7,6300,18.14,0,1
4,25,8,6300,19.56,0,1
4,25,9,6300,19.76,0,1
4,25,10,6300,18.14,0,1
4,25,11,6300,14.72,0,1
4,25,12,6300,14.72,0,1
4,25,13,6300,14.31,0,1
4,26,1,6300,17.74,0,1
4,26,2,6300,18.14,0,1
4,26,3,6300,18.75,0,1
4,26,4,6300,18.95,0,1
4,26,5,6300,18.14,0,1
4,26,6,6300,17.54,0,2
4,26,7,6300,19.15,0,1
4,26,8,6300,20.36,0,1
4,26,9,6300,20.56,0,1
4,26,10,6300,18.75,0,1
4,26,11,6300,16.93,0,1
4,26,12,6300,16.13,0,1
4,26,13,6300,16.33,0,1
4,27,1,6300,17.54,0,1
4,27,2,6300,17.74,0,1
4,27,3,6300,17.94,0,1
4,27,4,6300,17.34,0,1
4,27,5,6300,16.93,0,1
4,27,6,6300,15.72,0,1
4,27,7,6300,12.9,0,1
4,27,8,6300,12.3,0,1
4,27,9,6300,13.51,0,1
4,27,10,6300,13.91,0,1
4,27,11,6300,14.11,0,1
4,27,12,6300,11.29,0,1
4,27,13,6300,14.31,0,1
4,28,1,6300,16.93,0,1
4,28,2,6300,16.93,0,1
4,28,3,6300,16.13,0,1
4,28,4,6300,15.93,0,1
4,28,5,6300,15.72,0,1
4,28,6,6300,15.93,0,1
4,28,7,6300,15.72,0,1
4,28,8,6300,15.93,0,1
4,28,9,6300,16.13,0,1
4,28,10,6300,16.13,0,1
4,28,11,6300,15.72,0,1
4,28,12,6300,14.92,0,1
4,28,13,6300,15.52,0,1
4,29,1,6300,16.93,0,1
4,29,2,6300,16.73,0,1
4,29,3,6300,15.93,0,1
4,29,4,6300,15.12,0,1
4,29,5,6300,15.72,0,1
4,29,6,6300,15.72,0,1
4,29,7,6300,16.53,0,1
4,29,8,6300,17.74,0,1
4,29,9,6300,17.74,0,1
4,29,10,6300,18.14,0,1
4,29,11,6300,17.74,0,1
4,29,12,6300,17.34,0,1
4,29,13,6300,17.74,0,1
4,30,1,6300,17.34,0,1
4,30,2,6300,16.93,0,1
4,30,3,6300,16.33,0,1
4,30,4,6300,15.52,0,1
4,30,5,6300,15.93,0,1
4,30,6,6300,15.93,0,1
4,30,7,6300,16.93,0,1
4,30,8,6300,18.55,0,1
4,30,9,6300,19.56,0,1
4,30,10,6300,19.15,0,1
4,30,11,6300,19.56,0,1
4,30,12,6300,18.95,0,1
4,30,13,6300,18.75,0,1
4,31,1,6300,17.34,0,1
4,31,2,6300,16.93,0,1
4,31,3,6300,14.92,0,1
4,31,4,6300,14.52,0,1
4,31,5,6300,14.92,0,1
4,31,6,6300,15.12,0,1
4,31,7,6300,15.72,0,1
4,31,8,6300,16.93,0,1
4,31,9,6300,18.35,0,1
4,31,10,6300,18.75,0,1
4,31,11,6300,17.94,0,1
4,31,12,6300,17.14,0,1
4,31,13,6300,16.53,0,1
4,32,1,6300,21.17,0,1
4,32,2,6300,18.55,0,1
4,32,3,6300,15.72,0,1
4,32,4,6300,13.71,0,1
4,32,5,6300,14.31,0,1
4,32,6,6300,13.31,0,1
4,32,7,6300,12.9,0,1
4,32,8,6300,14.72,0,1
4,32,9,6300,15.93,0,1
4,32,10,6300,16.13,0,1
4,32,11,6300,15.32,0,1
4,32,12,6300,11.49,0,1
4,32,13,6300,11.89,0,1
4,33,1,6300,18.75,0,1
4,33,2,6300,17.94,0,1
4,33,3,6300,15.32,0,1
4,33,4,6300,14.31,0,1
4,33,5,6300,14.92,0,1
4,33,6,6300,14.52,0,1
4,33,7,6300,14.52,0,1
4,33,8,6300,15.72,0,1
4,33,9,6300,16.73,0,1
4,33,10,6300,16.33,0,1
4,33,11,6300,15.32,0,1
4,33,12,6300,14.11,0,1
4,33,13,6300,14.11,0,1
4,34,1,6300,17.34,0,1
4,34,2,6300,16.93,0,1
4,34,3,6300,15.93,0,1
4,34,4,6300,15.12,0,1
4,34,5,6300,15.72,0,1
4,34,6,6300,15.93,0,1
4,34,7,6300,16.53,0,1
4,34,8,6300,17.34,0,1
4,34,9,6300,17.34,0,1
4,34,10,6300,16.33,0,1
4,34,11,6300,16.13,0,1
4,34,12,6300,15.52,0,1
4,34,13,6300,14.72,0,1
4,35,1,6300,17.94,0,1
4,35,2,6300,17.54,0,1
4,35,3,6300,17.54,0,1
4,35,4,6300,16.53,0,1
4,35,5,6300,16.33,0,1
4,35,6,6300,15.52,0,1
4,35,7,6300,14.92,0,1
4,35,8,6300,14.92,0,1
4,35,9,6300,14.31,0,1
4,35,10,6300,13.51,0,1
4,35,11,6300,13.1,0,1
4,35,12,6300,12.9,0,1
4,35,13,6300,13.1,0,1
4,36,1,6300,17.34,0,1
4,36,2,6300,16.93,0,1
4,36,3,6300,16.93,0,1
4,36,4,6300,16.13,0,1
4,36,5,6300,16.33,0,1
4,36,6,6300,15.32,0,1
4,36,7,6300,13.91,0,1
4,36,8,6300,13.71,0,1
4,36,9,6300,13.71,0,1
4,36,10,6300,13.1,0,1
4,36,11,6300,12.3,0,1
4,36,12,6300,12.5,0,1
4,36,13,6300,12.5,0,1
4,37,1,6300,15.12,0,1
4,37,2,6300,15.12,0,1
4,37,3,6300,15.52,0,1
4,37,4,6300,15.52,0,1
4,37,5,6300,15.32,0,1
4,37,6,6300,14.11,0,2
4,37,7,6300,13.31,0,1
4,37,8,6300,12.9,0,1
4,37,9,6300,13.1,0,1
4,37,10,6300,12.5,0,1
4,37,11,6300,11.69,0,1
4,37,12,6300,11.89,0,1
4,37,13,6300,11.89,0,1
4,38,1,6300,14.92,0,1
4,38,2,6300,15.12,0,1
4,38,3,6300,15.32,0,1
4,38,4,6300,14.92,0,1
4,38,5,6300,14.92,0,1
4,38,6,6300,13.91,0,2
4,38,7,6300,12.9,0,2
4,38,8,6300,12.3,0,1
4,38,9,6300,11.69,0,1
4,38,10,6300,12.1,0,1
4,38,11,6300,12.1,0,1
4,38,12,6300,12.1,0,1
4,38,13,6300,12.3,0,1
4,39,1,6300,14.92,0,1
4,39,2,6300,15.52,0,1
4,39,3,6300,15.52,0,1
4,39,4,6300,15.32,0,1
4,39,5,6300,14.52,0,1
4,39,6,6300,13.31,0,2
4,39,7,6300,12.5,0,2
4,39,8,6300,12.1,0,1
4,39,9,6300,12.3,0,1
4,39,10,6300,12.7,0,1
4,39,11,6300,12.9,0,1
4,39,12,6300,12.9,0,1
4,39,13,6300,12.9,0,1
4,40,1,6300,16.13,0,1
4,40,2,6300,17.14,0,1
4,40,3,6300,17.34,0,1
4,40,4,6300,15.72,0,1
4,40,5,6300,13.51,0,1
4,40,6,6300,11.89,0,2
4,40,7,6300,11.49,0,2
4,40,8,6300,11.29,0,1
4,40,9,6300,11.89,0,1
4,40,10,6300,12.9,0,1
4,40,11,6300,13.31,0,1
4,40,12,6300,13.51,0,1
4,40,13,6300,13.91,0,1
5,1,1,6300,13.71,0,1
5,1,2,6300,15.93,0,2
5,1,3,6300,14.92,0,2
5,1,4,6300,16.13,0,2
5,1,5,6300,16.13,0,2
5,1,6,6300,15.52,0,2
5,1,7,6300,15.12,0,2
5,1,8,6300,14.72,0,2
5,1,9,6300,14.11,0,2
5,1,10,6300,14.92,0,2
5,1,11,6300,14.31,0,2
5,1,12,6300,15.72,0,2
5,1,13,6300,15.32,0,2
5,2,1,6300,15.32,0,1
5,2,2,6300,17.14,0,2
5,2,3,6300,16.13,0,2
5,2,4,6300,16.93,0,2
5,2,5,6300,16.73,0,2
5,2,6,6300,16.53,0,2
5,2,7,6300,15.52,0,2
5,2,8,6300,14.72,0,2
5,2,9,6300,14.11,0,2
5,2,10,6300,13.71,0,2
5,2,11,6300,14.31,0,2
5,2,12,6300,14.72,0,2
5,2,13,6300,15.32,0,2
5,3,1,6300,15.32,0,1
5,3,2,6300,15.72,0,2
5,3,3,6300,17.34,0,2
5,3,4,6300,17.34,0,2
5,3,5,6300,16.73,0,2
5,3,6,6300,15.93,0,2
5,3,7,6300,15.52,0,2
5,3,8,6300,15.12,0,2
5,3,9,6300,14.72,0,2
5,3,10,6300,15.72,0,2
5,3,11,6300,15.93,0,2
5,3,12,6300,15.52,0,2
5,3,13,6300,14.52,0,2
5,4,1,6300,15.12,0,1
5,4,2,6300,15.32,0,1
5,4,3,6300,16.93,0,1
5,4,4,6300,17.74,0,2
5,4,5,6300,16.73,0,2
5,4,6,6300,16.93,0,2
5,4,7,6300,17.94,0,2
5,4,8,6300,18.75,0,2
5,4,9,6300,17.54,0,2
5,4,10,6300,17.54,0,2
5,4,11,6300,16.73,0,2
5,4,12,6300,14.52,0,2
5,4,13,6300,12.9,0,2
5,5,1,6300,14.92,0,1
5,5,2,6300,15.32,0,1
5,5,3,6300,16.33,0,1
5,5,4,6300,16.53,0,1
5,5,5,6300,15.72,0,1
5,5,6,6300,15.72,0,1
5,5,7,6300,18.35,0,1
5,5,8,6300,20.76,0,2
5,5,9,6300,20.97,0,1
5,5,10,6300,19.96,0,1
5,5,11,6300,17.94,0,1
5,5,12,6300,16.93,0,1
5,5,13,6300,14.92,0,1
5,6,1,6300,14.72,0,1
5,6,2,6300,15.32,0,1
5,6,3,6300,14.11,0,1
5,6,4,6300,13.71,0,1
5,6,5,6300,13.91,0,1
5,6,6,6300,15.12,0,1
5,6,7,6300,20.36,0,1
5,6,8,6300,26.61,0,1
5,6,9,6300,27.82,0,1
5,6,10,6300,23.79,0,1
5,6,11,6300,18.55,0,1
5,6,12,6300,18.75,0,1
5,6,13,6300,18.55,0,1
5,7,1,6300,16.53,0,1
5,7,2,6300,17.54,0,1
5,7,3,6300,16.53,0,1
5,7,4,6300,15.93,0,1
5,7,5,6300,15.93,0,1
5,7,6,6300,15.72,0,1
5,7,7,6300,19.35,0,1
5,7,8,6300,22.38,0,1
5,7,9,6300,22.98,0,1
5,7,10,6300,20.76,0,1
5,7,11,6300,19.35,0,1
5,7,12,6300,20.36,0,1
5,7,13,6300,20.76,0,1
5,8,1,6300,15.72,0,2
5,8,2,6300,17.14,0,1
5,8,3,6300,17.34,0,1
5,8,4,6300,18.14,0,1
5,8,5,6300,18.55,0,1
5,8,6,6300,18.55,0,1
5,8,7,6300,19.35,0,1
5,8,8,6300,23.39,0,1
5,8,9,6300,23.79,0,1
5,8,10,6300,21.57,0,1
5,8,11,6300,18.95,0,1
5,8,12,6300,17.14,0,1
5,8,13,6300,17.14,0,1
5,9,1,6300,16.53,0,1
5,9,2,6300,18.75,0,1
5,9,3,6300,18.95,0,1
5,9,4,6300,20.56,0,2
5,9,5,6300,20.56,0,1
5,9,6,6300,20.36,0,1
5,9,7,6300,19.76,0,1
5,9,8,6300,18.95,0,1
5,9,9,6300,18.95,0,1
5,9,10,6300,18.14,0,1
5,9,11,6300,17.34,0,1
5,9,12,6300,15.93,0,1
5,9,13,6300,15.93,0,1
5,10,1,6300,16.73,0,2
5,10,2,6300,18.35,0,1
5,10,3,6300,18.55,0,1
5,10,4,6300,19.35,0,1
5,10,5,6300,20.76,0,1
5,10,6,6300,20.56,0,1
5,10,7,6300,20.36,0,1
5,10,8,6300,19.15,0,1
5,10,9,6300,17.74,0,1
5,10,10,6300,16.33,0,1
5,10,11,6300,15.32,0,1
5,10,12,6300,13.71,0,1
5,10,13,6300,14.11,0,1
5,11,1,6300,16.33,0,1
5,11,2,6300,17.54,0,1
5,11,3,6300,18.35,0,1
5,11,4,6300,20.56,0,1
5,11,5,6300,19.76,0,1
5,11,6,6300,18.75,0,1
5,11,7,6300,17.54,0,1
5,11,8,6300,17.14,0,1
5,11,9,6300,15.72,0,1
5,11,10,6300,14.92,0,1
5,11,11,6300,13.51,0,1
5,11,12,6300,12.5,0,1
5,11,13,6300,12.5,0,1
5,12,1,6300,15.12,0,1
5,12,2,6300,16.13,0,1
5,12,3,6300,16.73,0,1
5,12,4,6300,17.94,0,1
5,12,5,6300,18.55,0,1
5,12,6,6300,16.33,0,1
5,12,7,6300,13.91,0,1
5,12,8,6300,13.71,0,1
5,12,9,6300,13.31,0,1
5,12,10,6300,12.5,0,1
5,12,11,6300,11.69,0,1
5,12,12,6300,11.49,0,1
5,12,13,6300,11.89,0,1
5,13,1,6300,14.11,0,1
5,13,2,6300,14.72,0,1
5,13,3,6300,15.12,0,1
5,13,4,6300,15.52,0,1
5,13,5,6300,15.72,0,1
5,13,6,6300,14.11,0,1
5,13,7,6300,13.1,0,1
5,13,8,6300,12.3,0,1
5,13,9,6300,12.3,0,1
5,13,10,6300,12.3,0,1
5,13,11,6300,11.49,0,1
5,13,12,6300,11.49,0,1
5,13,13,6300,11.69,0,1
5,14,1,6300,12.7,0,1
5,14,2,6300,12.5,0,1
5,14,3,6300,12.9,0,1
5,14,4,6300,12.5,0,1
5,14,5,6300,12.5,0,1
5,14,6,6300,12.5,0,1
5,14,7,6300,12.9,0,1
5,14,8,6300,12.7,0,1
5,14,9,6300,12.9,0,1
5,14,10,6300,12.7,0,1
5,14,11,6300,12.1,0,1
5,14,12,6300,12.5,0,1
5,14,13,6300,12.7,0,1
5,15,1,6300,12.1,0,1
5,15,2,6300,12.1,0,1
5,15,3,6300,12.1,0,1
5,15,4,6300,10.89,0,1
5,15,5,6300,10.48,0,1
5,15,6,6300,13.31,0,1
5,15,7,6300,13.31,0,1
5,15,8,6300,13.31,0,1
5,15,9,6300,13.31,0,1
5,15,10,6300,12.5,0,1
5,15,11,6300,12.1,0,1
5,15,12,6300,11.69,0,1
5,15,13,6300,12.3,0,1
5,16,1,6300,12.1,0,1
5,16,2,6300,13.1,0,1
5,16,3,6300,15.93,0,1
5,16,4,6300,13.71,0,1
5,16,5,6300,14.92,0,1
5,16,6,6300,14.52,0,1
5,16,7,6300,15.32,0,1
5,16,8,6300,14.11,0,1
5,16,9,6300,13.91,0,1
5,16,10,6300,13.1,0,1
5,16,11,6300,8.47,0,1
5,16,12,6300,7.06,0,1
5,16,13,6300,9.27,0,1
5,17,1,6300,13.1,0,1
5,17,2,6300,15.12,0,1
5,17,3,6300,15.93,0,1
5,17,4,6300,17.74,0,1
5,17,5,6300,18.95,0,1
5,17,6,6300,18.55,0,1
5,17,7,6300,16.93,0,1
5,17,8,6300,14.92,0,1
5,17,9,6300,13.51,0,1
5,17,10,6300,11.09,0,1
5,17,11,6300,8.87,0,1
5,17,12,6300,8.87,0,1
5,17,13,6300,9.07,0,1
5,18,1,6300,13.51,0,1
5,18,2,6300,14.72,0,1
5,18,3,6300,21.37,0,1
5,18,4,6300,28.43,0,1
5,18,5,6300,37.3,0,1
5,18,6,6300,40.12,0,1
5,18,7,6300,28.22,0,1
5,18,8,6300,19.15,0,1
5,18,9,6300,14.72,0,1
5,18,10,6300,13.1,0,1
5,18,11,6300,12.7,0,1
5,18,12,6300,9.68,0,1
5,18,13,6300,11.09,0,1
5,19,1,6300,16.93,0,1
5,19,2,6300,18.35,0,1
5,19,3,6300,20.16,0,1
5,19,4,6300,24.19,0,1
5,19,5,6300,27.01,0,1
5,19,6,6300,28.02,0,1
5,19,7,6300,23.99,0,1
5,19,8,6300,19.35,0,1
5,19,9,6300,16.53,0,1
5,19,10,6300,16.13,0,1
5,19,11,6300,15.93,0,1
5,19,12,6300,15.52,0,1
5,19,13,6300,15.32,0,1
5,20,1,6300,16.13,0,2
5,20,2,6300,17.14,0,1
5,20,3,6300,18.14,0,1
5,20,4,6300,19.15,0,1
5,20,5,6300,19.56,0,1
5,20,6,6300,25.6,0,2
5,20,7,6300,22.58,0,2
5,20,8,6300,18.55,0,2
5,20,9,6300,18.14,0,1
5,20,10,6300,21.77,0,1
5,20,11,6300,23.79,0,1
5,20,12,6300,24.19,0,1
5,20,13,6300,19.56,0,1
5,21,1,6300,17.34,0,2
5,21,2,6300,17.54,0,1
5,21,3,6300,17.74,0,1
5,21,4,6300,18.75,0,1
5,21,5,6300,19.56,0,1
5,21,6,6300,20.76,0,2
5,21,7,6300,19.35,0,2
5,21,8,6300,17.94,0,2
5,21,9,6300,19.56,0,2
5,21,10,6300,21.57,0,1
5,21,11,6300,21.97,0,1
5,21,12,6300,20.36,0,1
5,21,13,6300,19.15,0,1
5,22,1,6300,18.95,0,2
5,22,2,6300,19.56,0,1
5,22,3,6300,19.96,0,1
5,22,4,6300,19.96,0,1
5,22,5,6300,18.75,0,1
5,22,6,6300,18.14,0,1
5,22,7,6300,19.15,0,1
5,22,8,6300,21.37,0,1
5,22,9,6300,24.39,0,1
5,22,10,6300,26.21,0,1
5,22,11,6300,25.6,0,1
5,22,12,6300,22.78,0,1
5,22,13,6300,20.36,0,1
5,23,1,6300,20.56,0,2
5,23,2,6300,22.58,0,1
5,23,3,6300,22.98,0,1
5,23,4,6300,23.59,0,1
5,23,5,6300,20.76,0,1
5,23,6,6300,20.36,0,1
5,23,7,6300,21.37,0,1
5,23,8,6300,25,0,1
5,23,9,6300,27.62,0,1
5,23,10,6300,29.03,0,1
5,23,11,6300,28.22,0,1
5,23,12,6300,26.41,0,1
5,23,13,6300,23.99,0,1
5,24,1,6300,21.17,0,2
5,24,2,6300,28.43,0,1
5,24,3,6300,26.21,0,1
5,24,4,6300,27.01,0,1
5,24,5,6300,24.19,0,1
5,24,6,6300,24.19,0,1
5,24,7,6300,26.81,0,1
5,24,8,6300,31.45,0,1
5,24,9,6300,31.45,0,1
5,24,10,6300,31.65,0,1
5,24,11,6300,31.45,0,1
5,24,12,6300,30.84,0,1
5,24,13,6300,30.64,0,1
5,25,1,6300,20.16,0,2
5,25,2,6300,21.77,0,1
5,25,3,6300,22.98,0,1
5,25,4,6300,22.58,0,1
5,25,5,6300,22.38,0,1
5,25,6,6300,23.39,0,1
5,25,7,6300,24.8,0,1
5,25,8,6300,27.62,0,1
5,25,9,6300,30.04,0,1
5,25,10,6300,28.22,0,1
5,25,11,6300,25.6,0,1
5,25,12,6300,25,0,1
5,25,13,6300,25,0,1
5,26,1,6300,19.15,0,2
5,26,2,6300,19.35,0,1
5,26,3,6300,20.16,0,2
5,26,4,6300,20.97,0,2
5,26,5,6300,20.76,0,2
5,26,6,6300,20.36,0,2
5,26,7,6300,21.57,0,1
5,26,8,6300,25.2,0,1
5,26,9,6300,28.63,0,1
5,26,10,6300,24.6,0,1
5,26,11,6300,21.97,0,1
5,26,12,6300,20.36,0,1
5,26,13,6300,19.56,0,1
5,27,1,6300,18.35,0,2
5,27,2,6300,18.35,0,2
5,27,3,6300,19.56,0,2
5,27,4,6300,20.16,0,2
5,27,5,6300,19.35,0,1
5,27,6,6300,19.76,0,1
5,27,7,6300,21.37,0,1
5,27,8,6300,21.97,0,1
5,27,9,6300,22.38,0,1
5,27,10,6300,21.97,0,1
5,27,11,6300,18.95,0,1
5,27,12,6300,17.94,0,1
5,27,13,6300,18.55,0,1
5,28,1,6300,17.34,0,2
5,28,2,6300,17.94,0,2
5,28,3,6300,18.55,0,2
5,28,4,6300,18.35,0,2
5,28,5,6300,17.94,0,1
5,28,6,6300,17.34,0,1
5,28,7,6300,19.76,0,1
5,28,8,6300,21.57,0,1
5,28,9,6300,22.18,0,1
5,28,10,6300,21.57,0,1
5,28,11,6300,19.76,0,1
5,28,12,6300,17.54,0,1
5,28,13,6300,18.35,0,1
5,29,1,6300,18.35,0,2
5,29,2,6300,18.35,0,2
5,29,3,6300,18.35,0,2
5,29,4,6300,17.74,0,2
5,29,5,6300,16.53,0,1
5,29,6,6300,16.93,0,1
5,29,7,6300,18.35,0,1
5,29,8,6300,20.97,0,1
5,29,9,6300,21.97,0,1
5,29,10,6300,23.18,0,1
5,29,11,6300,21.17,0,1
5,29,12,6300,19.96,0,1
5,29,13,6300,20.16,0,1
5,30,1,6300,18.55,0,2
5,30,2,6300,18.55,0,2
5,30,3,6300,17.54,0,2
5,30,4,6300,17.14,0,2
5,30,5,6300,15.72,0,2
5,30,6,6300,16.93,0,1
5,30,7,6300,18.35,0,1
5,30,8,6300,21.17,0,1
5,30,9,6300,23.59,0,1
5,30,10,6300,25.6,0,1
5,30,11,6300,26.01,0,1
5,30,12,6300,25.6,0,1
5,30,13,6300,24.6,0,1
5,31,1,6300,18.95,0,2
5,31,2,6300,18.75,0,2
5,31,3,6300,17.94,0,2
5,31,4,6300,16.93,0,2
5,31,5,6300,16.13,0,2
5,31,6,6300,16.93,0,2
5,31,7,6300,17.74,0,2
5,31,8,6300,21.17,0,1
5,31,9,6300,22.78,0,1
5,31,10,6300,23.79,0,1
5,31,11,6300,22.98,0,2
5,31,12,6300,21.77,0,2
5,31,13,6300,21.17,0,2
5,32,1,6300,20.56,0,2
5,32,2,6300,19.96,0,2
5,32,3,6300,18.14,0,2
5,32,4,6300,17.14,0,2
5,32,5,6300,16.13,0,2
5,32,6,6300,15.93,0,2
5,32,7,6300,17.74,0,2
5,32,8,6300,20.56,0,2
5,32,9,6300,21.97,0,2
5,32,10,6300,22.18,0,2
5,32,11,6300,20.76,0,2
5,32,12,6300,19.96,0,2
5,32,13,6300,18.75,0,2
5,33,1,6300,19.56,0,2
5,33,2,6300,18.95,0,2
5,33,3,6300,17.54,0,2
5,33,4,6300,16.53,0,2
5,33,5,6300,16.73,0,2
5,33,6,6300,16.93,0,2
5,33,7,6300,18.55,0,2
5,33,8,6300,19.96,0,2
5,33,9,6300,21.37,0,2
5,33,10,6300,20.56,0,2
5,33,11,6300,18.75,0,2
5,33,12,6300,17.74,0,2
5,33,13,6300,17.34,0,2
5,34,1,6300,18.95,0,2
5,34,2,6300,18.75,0,2
5,34,3,6300,18.14,0,2
5,34,4,6300,17.94,0,2
5,34,5,6300,17.54,0,2
5,34,6,6300,18.55,0,2
5,34,7,6300,20.36,0,2
5,34,8,6300,20.56,0,2
5,34,9,6300,19.76,0,2
5,34,10,6300,18.14,0,2
5,34,11,6300,17.14,0,2
5,34,12,6300,16.53,0,2
5,34,13,6300,15.52,0,2
5,35,1,6300,17.74,0,1
5,35,2,6300,18.14,0,2
5,35,3,6300,17.34,0,2
5,35,4,6300,17.34,0,2
5,35,5,6300,17.54,0,1
5,35,6,6300,17.74,0,2
5,35,7,6300,17.54,0,2
5,35,8,6300,16.73,0,2
5,35,9,6300,15.72,0,2
5,35,10,6300,14.72,0,1
5,35,11,6300,14.31,0,1
5,35,12,6300,13.71,0,1
5,35,13,6300,13.71,0,1
5,36,1,6300,16.93,0,1
5,36,2,6300,16.93,0,1
5,36,3,6300,17.94,0,1
5,36,4,6300,18.35,0,1
5,36,5,6300,18.14,0,1
5,36,6,6300,16.73,0,2
5,36,7,6300,13.91,0,2
5,36,8,6300,13.1,0,1
5,36,9,6300,13.1,0,1
5,36,10,6300,11.49,0,1
5,36,11,6300,10.08,0,1
5,36,12,6300,10.08,0,1
5,36,13,6300,11.29,0,1
5,37,1,6300,14.92,0,2
5,37,2,6300,15.12,0,2
5,37,3,6300,16.13,0,2
5,37,4,6300,16.73,0,1
5,37,5,6300,16.53,0,2
5,37,6,6300,14.92,0,2
5,37,7,6300,12.9,0,2
5,37,8,6300,12.1,0,1
5,37,9,6300,12.5,0,2
5,37,10,6300,11.29,0,2
5,37,11,6300,10.68,0,2
5,37,12,6300,10.48,0,2
5,37,13,6300,11.09,0,2
5,38,1,6300,14.31,0,1
5,38,2,6300,14.52,0,1
5,38,3,6300,14.52,0,1
5,38,4,6300,14.92,0,1
5,38,5,6300,14.92,0,2
5,38,6,6300,13.71,0,2
5,38,7,6300,12.7,0,2
5,38,8,6300,12.1,0,2
5,38,9,6300,11.89,0,2
5,38,10,6300,12.1,0,2
5,38,11,6300,12.7,0,2
5,38,12,6300,13.1,0,2
5,38,13,6300,12.9,0,2
5,39,1,6300,13.71,0,2
5,39,2,6300,13.91,0,2
5,39,3,6300,14.52,0,2
5,39,4,6300,13.91,0,2
5,39,5,6300,13.51,0,2
5,39,6,6300,12.7,0,2
5,39,7,6300,12.1,0,2
5,39,8,6300,11.69,0,2
5,39,9,6300,11.89,0,2
5,39,10,6300,12.7,0,2
5,39,11,6300,12.9,0,2
5,39,12,6300,13.1,0,2
5,39,13,6300,13.1,0,2
5,40,1,6300,13.91,0,2
5,40,2,6300,14.31,0,2
5,40,3,6300,14.52,0,2
5,40,4,6300,14.11,0,2
5,40,5,6300,12.3,0,2
5,40,6,6300,11.69,0,2
5,40,7,6300,11.69,0,2
5,40,8,6300,11.89,0,2
5,40,9,6300,11.89,0,2
5,40,10,6300,12.3,0,2
5,40,11,6300,12.7,0,2
5,40,12,6300,12.7,0,2
5,40,13,6300,12.9,0,2
6,1,1,6300,13.91,0,1
6,1,2,6300,14.31,0,1
6,1,3,6300,14.31,0,1
6,1,4,6300,14.92,0,2
6,1,5,6300,14.92,0,2
6,1,6,6300,15.32,0,2
6,1,7,6300,15.32,0,2
6,1,8,6300,14.31,0,2
6,1,9,6300,14.31,0,2
6,1,10,6300,15.12,0,2
6,1,11,6300,14.11,0,2
6,1,12,6300,16.93,0,2
6,1,13,6300,17.94,0,2
6,2,1,6300,14.31,0,1
6,2,2,6300,16.53,0,2
6,2,3,6300,14.72,0,2
6,2,4,6300,16.33,0,2
6,2,5,6300,16.93,0,2
6,2,6,6300,16.73,0,2
6,2,7,6300,16.33,0,2
6,2,8,6300,15.52,0,2
6,2,9,6300,13.51,0,2
6,2,10,6300,12.9,0,2
6,2,11,6300,13.71,0,2
6,2,12,6300,12.7,0,2
6,2,13,6300,15.72,0,2
6,3,1,6300,14.31,0,2
6,3,2,6300,15.32,0,2
6,3,3,6300,16.93,0,2
6,3,4,6300,16.53,0,2
6,3,5,6300,15.32,0,2
6,3,6,6300,15.12,0,2
6,3,7,6300,13.31,0,2
6,3,8,6300,14.31,0,2
6,3,9,6300,13.51,0,2
6,3,10,6300,12.9,0,2
6,3,11,6300,15.12,0,2
6,3,12,6300,15.12,0,2
6,3,13,6300,11.69,0,2
6,4,1,6300,13.71,0,2
6,4,2,6300,13.91,0,2
6,4,3,6300,16.53,0,2
6,4,4,6300,16.93,0,2
6,4,5,6300,17.14,0,2
6,4,6,6300,16.73,0,2
6,4,7,6300,19.56,0,2
6,4,8,6300,19.56,0,2
6,4,9,6300,19.56,0,2
6,4,10,6300,19.15,0,2
6,4,11,6300,19.35,0,2
6,4,12,6300,15.12,0,2
6,4,13,6300,14.92,0,2
6,5,1,6300,13.71,0,2
6,5,2,6300,14.31,0,2
6,5,3,6300,15.72,0,2
6,5,4,6300,16.33,0,2
6,5,5,6300,15.72,0,2
6,5,6,6300,18.14,0,2
6,5,7,6300,20.36,0,2
6,5,8,6300,24.39,0,2
6,5,9,6300,26.01,0,2
6,5,10,6300,23.79,0,2
6,5,11,6300,21.97,0,2
6,5,12,6300,21.57,0,2
6,5,13,6300,20.76,0,2
6,6,1,6300,15.93,0,2
6,6,2,6300,16.33,0,1
6,6,3,6300,14.52,0,2
6,6,4,6300,13.71,0,2
6,6,5,6300,13.71,0,2
6,6,6,6300,13.91,0,2
6,6,7,6300,21.37,0,2
6,6,8,6300,36.49,0,2
6,6,9,6300,37.09,0,2
6,6,10,6300,30.24,0,2
6,6,11,6300,23.99,0,2
6,6,12,6300,24.6,0,2
6,6,13,6300,28.63,0,2
6,7,1,6300,16.93,0,2
6,7,2,6300,18.55,0,1
6,7,3,6300,17.54,0,1
6,7,4,6300,16.93,0,2
6,7,5,6300,17.14,0,2
6,7,6,6300,17.74,0,2
6,7,7,6300,21.17,0,2
6,7,8,6300,25.2,0,2
6,7,9,6300,27.22,0,2
6,7,10,6300,25.6,0,2
6,7,11,6300,25.4,0,2
6,7,12,6300,27.82,0,2
6,7,13,6300,30.04,0,2
6,8,1,6300,16.93,0,2
6,8,2,6300,20.16,0,1
6,8,3,6300,20.76,0,1
6,8,4,6300,21.57,0,2
6,8,5,6300,22.18,0,2
6,8,6,6300,21.57,0,2
6,8,7,6300,20.16,0,2
6,8,8,6300,20.56,0,2
6,8,9,6300,20.16,0,2
6,8,10,6300,20.76,0,1
6,8,11,6300,22.98,0,2
6,8,12,6300,27.82,0,1
6,8,13,6300,22.78,0,1
6,9,1,6300,18.95,0,2
6,9,2,6300,21.17,0,1
6,9,3,6300,21.57,0,1
6,9,4,6300,23.18,0,2
6,9,5,6300,22.98,0,2
6,9,6,6300,23.18,0,2
6,9,7,6300,22.38,0,2
6,9,8,6300,21.57,0,2
6,9,9,6300,20.56,0,2
6,9,10,6300,21.57,0,1
6,9,11,6300,24.19,0,1
6,9,12,6300,25.8,0,1
6,9,13,6300,27.42,0,1
6,10,1,6300,19.56,0,2
6,10,2,6300,20.76,0,1
6,10,3,6300,21.37,0,1
6,10,4,6300,22.98,0,1
6,10,5,6300,22.98,0,2
6,10,6,6300,23.59,0,2
6,10,7,6300,25.8,0,2
6,10,8,6300,22.98,0,2
6,10,9,6300,21.77,0,1
6,10,10,6300,20.56,0,1
6,10,11,6300,19.56,0,1
6,10,12,6300,16.93,0,1
6,10,13,6300,21.57,0,1
6,11,1,6300,19.56,0,2
6,11,2,6300,20.56,0,1
6,11,3,6300,20.76,0,1
6,11,4,6300,20.36,0,1
6,11,5,6300,21.97,0,1
6,11,6,6300,21.77,0,1
6,11,7,6300,21.77,0,1
6,11,8,6300,20.56,0,1
6,11,9,6300,20.97,0,1
6,11,10,6300,20.56,0,1
6,11,11,6300,19.56,0,1
6,11,12,6300,20.56,0,1
6,11,13,6300,21.17,0,1
6,12,1,6300,17.54,0,2
6,12,2,6300,18.14,0,1
6,12,3,6300,18.35,0,1
6,12,4,6300,18.35,0,1
6,12,5,6300,20.97,0,1
6,12,6,6300,19.35,0,1
6,12,7,6300,15.12,0,1
6,12,8,6300,15.93,0,1
6,12,9,6300,17.54,0,1
6,12,10,6300,17.74,0,1
6,12,11,6300,18.75,0,1
6,12,12,6300,16.73,0,1
6,12,13,6300,15.52,0,1
6,13,1,6300,16.33,0,2
6,13,2,6300,16.93,0,1
6,13,3,6300,17.34,0,1
6,13,4,6300,17.94,0,1
6,13,5,6300,18.35,0,1
6,13,6,6300,16.93,0,1
6,13,7,6300,15.72,0,1
6,13,8,6300,16.13,0,1
6,13,9,6300,16.93,0,1
6,13,10,6300,18.14,0,1
6,13,11,6300,17.94,0,1
6,13,12,6300,17.14,0,1
6,13,13,6300,15.32,0,1
6,14,1,6300,14.52,0,2
6,14,2,6300,14.72,0,1
6,14,3,6300,15.12,0,1
6,14,4,6300,15.12,0,1
6,14,5,6300,15.12,0,1
6,14,6,6300,15.32,0,1
6,14,7,6300,15.72,0,1
6,14,8,6300,16.13,0,1
6,14,9,6300,16.53,0,1
6,14,10,6300,17.14,0,1
6,14,11,6300,17.54,0,1
6,14,12,6300,18.35,0,1
6,14,13,6300,17.54,0,1
6,15,1,6300,13.51,0,2
6,15,2,6300,13.91,0,1
6,15,3,6300,14.31,0,1
6,15,4,6300,13.71,0,1
6,15,5,6300,14.31,0,1
6,15,6,6300,14.92,0,1
6,15,7,6300,15.12,0,1
6,15,8,6300,15.12,0,1
6,15,9,6300,15.32,0,1
6,15,10,6300,16.73,0,1
6,15,11,6300,18.14,0,1
6,15,12,6300,17.94,0,1
6,15,13,6300,18.35,0,1
6,16,1,6300,14.52,0,2
6,16,2,6300,15.12,0,1
6,16,3,6300,15.93,0,1
6,16,4,6300,15.52,0,1
6,16,5,6300,15.72,0,1
6,16,6,6300,13.51,0,2
6,16,7,6300,14.31,0,2
6,16,8,6300,13.71,0,2
6,16,9,6300,13.71,0,1
6,16,10,6300,14.11,0,1
6,16,11,6300,15.32,0,1
6,16,12,6300,13.91,0,1
6,16,13,6300,14.52,0,1
6,17,1,6300,14.52,0,2
6,17,2,6300,14.52,0,1
6,17,3,6300,16.13,0,1
6,17,4,6300,17.94,0,1
6,17,5,6300,17.94,0,1
6,17,6,6300,16.93,0,2
6,17,7,6300,15.52,0,2
6,17,8,6300,14.11,0,2
6,17,9,6300,13.91,0,1
6,17,10,6300,14.52,0,1
6,17,11,6300,14.92,0,1
6,17,12,6300,14.11,0,1
6,17,13,6300,13.71,0,1
6,18,1,6300,16.93,0,2
6,18,2,6300,17.74,0,1
6,18,3,6300,19.56,0,1
6,18,4,6300,22.18,0,1
6,18,5,6300,24.39,0,1
6,18,6,6300,23.99,0,2
6,18,7,6300,20.97,0,2
6,18,8,6300,16.53,0,2
6,18,9,6300,13.51,0,1
6,18,10,6300,13.51,0,1
6,18,11,6300,13.71,0,1
6,18,12,6300,12.1,0,1
6,18,13,6300,12.3,0,1
6,19,1,6300,19.15,0,2
6,19,2,6300,20.56,0,1
6,19,3,6300,21.97,0,1
6,19,4,6300,23.59,0,1
6,19,5,6300,24.6,0,1
6,19,6,6300,24.39,0,2
6,19,7,6300,21.97,0,2
6,19,8,6300,18.95,0,2
6,19,9,6300,17.74,0,1
6,19,10,6300,17.94,0,1
6,19,11,6300,18.95,0,1
6,19,12,6300,19.15,0,1
6,19,13,6300,18.75,0,1
6,20,1,6300,18.35,0,2
6,20,2,6300,18.75,0,1
6,20,3,6300,20.36,0,1
6,20,4,6300,22.58,0,1
6,20,5,6300,25.4,0,1
6,20,6,6300,26.01,0,2
6,20,7,6300,21.77,0,2
6,20,8,6300,19.35,0,2
6,20,9,6300,21.17,0,2
6,20,10,6300,26.21,0,1
6,20,11,6300,32.26,0,1
6,20,12,6300,36.89,0,1
6,20,13,6300,28.02,0,1
6,21,1,6300,18.75,0,2
6,21,2,6300,20.76,0,2
6,21,3,6300,21.37,0,1
6,21,4,6300,21.57,0,1
6,21,5,6300,22.18,0,1
6,21,6,6300,22.38,0,2
6,21,7,6300,20.76,0,2
6,21,8,6300,20.16,0,2
6,21,9,6300,22.58,0,2
6,21,10,6300,25.2,0,1
6,21,11,6300,27.62,0,1
6,21,12,6300,27.22,0,1
6,21,13,6300,25.2,0,1
6,22,1,6300,19.15,0,2
6,22,2,6300,20.36,0,1
6,22,3,6300,20.56,0,1
6,22,4,6300,20.56,0,1
6,22,5,6300,19.96,0,1
6,22,6,6300,17.94,0,1
6,22,7,6300,20.36,0,2
6,22,8,6300,23.99,0,2
6,22,9,6300,29.64,0,2
6,22,10,6300,32.66,0,1
6,22,11,6300,31.85,0,1
6,22,12,6300,26.41,0,1
6,22,13,6300,21.57,0,1
6,23,1,6300,20.76,0,2
6,23,2,6300,22.38,0,1
6,23,3,6300,23.18,0,1
6,23,4,6300,23.59,0,1
6,23,5,6300,21.97,0,1
6,23,6,6300,22.38,0,1
6,23,7,6300,24.19,0,1
6,23,8,6300,28.22,0,1
6,23,9,6300,31.85,0,1
6,23,10,6300,33.67,0,1
6,23,11,6300,33.06,0,1
6,23,12,6300,29.84,0,1
6,23,13,6300,28.02,0,1
6,24,1,6300,20.76,0,2
6,24,2,6300,23.39,0,1
6,24,3,6300,24.39,0,1
6,24,4,6300,25.2,0,1
6,24,5,6300,27.22,0,1
6,24,6,6300,29.43,0,1
6,24,7,6300,31.65,0,1
6,24,8,6300,35.68,0,2
6,24,9,6300,37.7,0,1
6,24,10,6300,39.51,0,1
6,24,11,6300,41.13,0,1
6,24,12,6300,39.31,0,1
6,24,13,6300,39.31,0,1
6,25,1,6300,20.76,0,2
6,25,2,6300,21.97,0,2
6,25,3,6300,23.18,0,1
6,25,4,6300,24.39,0,1
6,25,5,6300,25,0,1
6,25,6,6300,26.41,0,1
6,25,7,6300,27.82,0,1
6,25,8,6300,30.84,0,1
6,25,9,6300,33.26,0,1
6,25,10,6300,34.07,0,1
6,25,11,6300,34.07,0,1
6,25,12,6300,33.87,0,1
6,25,13,6300,32.26,0,1
6,26,1,6300,17.54,0,2
6,26,2,6300,18.95,0,2
6,26,3,6300,20.16,0,2
6,26,4,6300,21.37,0,2
6,26,5,6300,21.97,0,2
6,26,6,6300,21.97,0,2
6,26,7,6300,23.59,0,1
6,26,8,6300,26.01,0,1
6,26,9,6300,28.43,0,1
6,26,10,6300,27.62,0,1
6,26,11,6300,26.21,0,1
6,26,12,6300,24.19,0,1
6,26,13,6300,19.76,0,1
6,27,1,6300,18.55,0,2
6,27,2,6300,18.95,0,2
6,27,3,6300,20.16,0,2
6,27,4,6300,21.17,0,1
6,27,5,6300,21.17,0,1
6,27,6,6300,22.38,0,2
6,27,7,6300,22.38,0,1
6,27,8,6300,23.99,0,1
6,27,9,6300,25.6,0,1
6,27,10,6300,24.8,0,1
6,27,11,6300,21.57,0,1
6,27,12,6300,18.95,0,1
6,27,13,6300,20.97,0,1
6,28,1,6300,19.35,0,2
6,28,2,6300,19.76,0,2
6,28,3,6300,19.96,0,2
6,28,4,6300,20.36,0,2
6,28,5,6300,20.56,0,2
6,28,6,6300,20.56,0,2
6,28,7,6300,21.97,0,1
6,28,8,6300,24.39,0,1
6,28,9,6300,25,0,1
6,28,10,6300,23.99,0,1
6,28,11,6300,21.17,0,1
6,28,12,6300,17.14,0,1
6,28,13,6300,20.56,0,1
6,29,1,6300,20.16,0,2
6,29,2,6300,20.16,0,2
6,29,3,6300,20.16,0,2
6,29,4,6300,19.35,0,2
6,29,5,6300,18.75,0,2
6,29,6,6300,18.95,0,2
6,29,7,6300,20.56,0,1
6,29,8,6300,22.18,0,1
6,29,9,6300,24.19,0,1
6,29,10,6300,24.19,0,1
6,29,11,6300,22.38,0,1
6,29,12,6300,20.97,0,1
6,29,13,6300,22.18,0,1
6,30,1,6300,20.16,0,2
6,30,2,6300,20.16,0,2
6,30,3,6300,20.16,0,2
6,30,4,6300,19.35,0,2
6,30,5,6300,19.15,0,2
6,30,6,6300,20.56,0,2
6,30,7,6300,22.18,0,2
6,30,8,6300,24.39,0,1
6,30,9,6300,27.22,0,1
6,30,10,6300,28.83,0,1
6,30,11,6300,30.84,0,1
6,30,12,6300,31.65,0,1
6,30,13,6300,28.83,0,1
6,31,1,6300,22.38,0,2
6,31,2,6300,21.97,0,2
6,31,3,6300,21.17,0,2
6,31,4,6300,19.76,0,2
6,31,5,6300,19.15,0,2
6,31,6,6300,18.95,0,2
6,31,7,6300,21.57,0,2
6,31,8,6300,23.79,0,2
6,31,9,6300,26.21,0,2
6,31,10,6300,27.22,0,2
6,31,11,6300,27.01,0,2
6,31,12,6300,26.01,0,2
6,31,13,6300,25,0,2
6,32,1,6300,24.39,0,2
6,32,2,6300,23.59,0,2
6,32,3,6300,24.6,0,2
6,32,4,6300,19.76,0,2
6,32,5,6300,19.15,0,2
6,32,6,6300,18.55,0,2
6,32,7,6300,20.36,0,2
6,32,8,6300,25.6,0,2
6,32,9,6300,27.82,0,2
6,32,10,6300,26.41,0,2
6,32,11,6300,23.18,0,2
6,32,12,6300,24.19,0,2
6,32,13,6300,25.4,0,2
6,33,1,6300,22.38,0,2
6,33,2,6300,21.97,0,2
6,33,3,6300,21.37,0,2
6,33,4,6300,20.16,0,2
6,33,5,6300,19.15,0,2
6,33,6,6300,19.96,0,2
6,33,7,6300,21.77,0,2
6,33,8,6300,23.99,0,2
6,33,9,6300,25.8,0,2
6,33,10,6300,24.39,0,2
6,33,11,6300,22.58,0,2
6,33,12,6300,21.97,0,2
6,33,13,6300,21.97,0,2
6,34,1,6300,19.76,0,2
6,34,2,6300,19.96,0,2
6,34,3,6300,19.96,0,2
6,34,4,6300,19.76,0,2
6,34,5,6300,19.35,0,2
6,34,6,6300,21.17,0,2
6,34,7,6300,25.2,0,2
6,34,8,6300,21.77,0,2
6,34,9,6300,20.76,0,2
6,34,10,6300,19.35,0,2
6,34,11,6300,17.14,0,2
6,34,12,6300,17.34,0,2
6,34,13,6300,15.32,0,2
6,35,1,6300,16.93,0,2
6,35,2,6300,17.34,0,2
6,35,3,6300,18.55,0,2
6,35,4,6300,17.94,0,2
6,35,5,6300,18.14,0,2
6,35,6,6300,19.15,0,2
6,35,7,6300,18.75,0,2
6,35,8,6300,17.74,0,2
6,35,9,6300,16.73,0,2
6,35,10,6300,15.52,0,2
6,35,11,6300,14.72,0,2
6,35,12,6300,14.31,0,2
6,35,13,6300,14.31,0,2
6,36,1,6300,14.92,0,2
6,36,2,6300,16.13,0,2
6,36,3,6300,18.14,0,2
6,36,4,6300,18.75,0,2
6,36,5,6300,18.95,0,2
6,36,6,6300,18.35,0,2
6,36,7,6300,9.88,0,2
6,36,8,6300,10.48,0,2
6,36,9,6300,11.29,0,2
6,36,10,6300,11.29,0,2
6,36,11,6300,7.06,0,2
6,36,12,6300,8.06,0,2
6,36,13,6300,9.88,0,2
6,37,1,6300,13.71,0,2
6,37,2,6300,14.72,0,2
6,37,3,6300,15.72,0,2
6,37,4,6300,16.93,0,2
6,37,5,6300,17.14,0,2
6,37,6,6300,15.52,0,2
6,37,7,6300,13.1,0,2
6,37,8,6300,11.49,0,2
6,37,9,6300,11.29,0,2
6,37,10,6300,10.68,0,2
6,37,11,6300,10.28,0,2
6,37,12,6300,9.88,0,2
6,37,13,6300,10.28,0,2
6,38,1,6300,12.9,0,2
6,38,2,6300,13.31,0,2
6,38,3,6300,14.31,0,2
6,38,4,6300,14.52,0,2
6,38,5,6300,14.52,0,2
6,38,6,6300,14.11,0,2
6,38,7,6300,12.7,0,2
6,38,8,6300,11.69,0,2
6,38,9,6300,12.1,0,2
6,38,10,6300,12.1,0,2
6,38,11,6300,13.51,0,2
6,38,12,6300,13.91,0,2
6,38,13,6300,13.1,0,2
6,39,1,6300,12.3,0,2
6,39,2,6300,12.9,0,2
6,39,3,6300,13.71,0,2
6,39,4,6300,13.1,0,2
6,39,5,6300,13.31,0,2
6,39,6,6300,13.1,0,2
6,39,7,6300,12.7,0,2
6,39,8,6300,11.69,0,2
6,39,9,6300,12.1,0,2
6,39,10,6300,12.3,0,2
6,39,11,6300,12.9,0,2
6,39,12,6300,13.31,0,2
6,39,13,6300,13.1,0,2
6,40,1,6300,12.1,0,2
6,40,2,6300,12.3,0,2
6,40,3,6300,12.7,0,2
6,40,4,6300,11.89,0,2
6,40,5,6300,11.29,0,2
6,40,6,6300,11.89,0,2
6,40,7,6300,11.49,0,2
6,40,8,6300,11.69,0,2
6,40,9,6300,14.11,0,2
6,40,10,6300,12.5,0,2
6,40,11,6300,11.49,0,2
6,40,12,6300,11.29,0,2
6,40,13,6300,11.69,0,2
7,1,1,6300,12.7,0,1
7,1,2,6300,13.91,0,1
7,1,3,6300,12.9,0,1
7,1,4,6300,13.71,0,1
7,1,5,6300,14.11,0,1
7,1,6,6300,14.11,0,1
7,1,7,6300,14.52,0,1
7,1,8,6300,14.11,0,2
7,1,9,6300,14.72,0,2
7,1,10,6300,15.93,0,2
7,1,11,6300,16.53,0,2
7,1,12,6300,20.56,0,2
7,1,13,6300,23.59,0,2
7,2,1,6300,12.9,0,2
7,2,2,6300,12.9,0,2
7,2,3,6300,14.72,0,2
7,2,4,6300,11.69,0,2
7,2,5,6300,12.3,0,2
7,2,6,6300,15.93,0,2
7,2,7,6300,15.12,0,2
7,2,8,6300,14.31,0,2
7,2,9,6300,14.52,0,2
7,2,10,6300,15.93,0,2
7,2,11,6300,15.52,0,2
7,2,12,6300,18.35,0,2
7,2,13,6300,20.16,0,2
7,3,1,6300,13.1,0,2
7,3,2,6300,15.12,0,2
7,3,3,6300,17.54,0,2
7,3,4,6300,15.12,0,2
7,3,5,6300,12.7,0,2
7,3,6,6300,12.9,0,2
7,3,7,6300,16.73,0,2
7,3,8,6300,15.12,0,2
7,3,9,6300,15.72,0,2
7,3,10,6300,17.34,0,2
7,3,11,6300,16.53,0,2
7,3,12,6300,19.15,0,2
7,3,13,6300,20.56,0,2
7,4,1,6300,14.72,0,2
7,4,2,6300,16.93,0,2
7,4,3,6300,19.56,0,2
7,4,4,6300,18.35,0,2
7,4,5,6300,16.53,0,2
7,4,6,6300,18.14,0,2
7,4,7,6300,19.96,0,2
7,4,8,6300,20.76,0,2
7,4,9,6300,20.56,0,2
7,4,10,6300,20.16,0,2
7,4,11,6300,21.17,0,2
7,4,12,6300,22.18,0,2
7,4,13,6300,22.98,0,2
7,5,1,6300,15.93,0,2
7,5,2,6300,17.54,0,2
7,5,3,6300,19.35,0,2
7,5,4,6300,20.36,0,2
7,5,5,6300,21.77,0,2
7,5,6,6300,25,0,2
7,5,7,6300,30.04,0,2
7,5,8,6300,31.05,0,2
7,5,9,6300,31.25,0,2
7,5,10,6300,29.64,0,2
7,5,11,6300,30.04,0,2
7,5,12,6300,35.48,0,2
7,5,13,6300,34.47,0,2
7,6,1,6300,17.14,0,2
7,6,2,6300,18.55,0,2
7,6,3,6300,19.15,0,2
7,6,4,6300,19.35,0,2
7,6,5,6300,20.56,0,2
7,6,6,6300,23.39,0,2
7,6,7,6300,25.8,0,2
7,6,8,6300,27.82,0,2
7,6,9,6300,28.22,0,2
7,6,10,6300,28.83,0,2
7,6,11,6300,34.07,0,2
7,6,12,6300,39.31,0,2
7,6,13,6300,44.15,0,2
7,7,1,6300,18.14,0,2
7,7,2,6300,19.56,0,2
7,7,3,6300,19.56,0,2
7,7,4,6300,18.95,0,2
7,7,5,6300,19.15,0,2
7,7,6,6300,21.57,0,2
7,7,7,6300,23.39,0,2
7,7,8,6300,24.19,0,2
7,7,9,6300,26.61,0,2
7,7,10,6300,29.64,0,2
7,7,11,6300,35.08,0,2
7,7,12,6300,38.1,0,2
7,7,13,6300,42.74,0,2
7,8,1,6300,13.91,0,2
7,8,2,6300,19.96,0,2
7,8,3,6300,20.97,0,2
7,8,4,6300,19.15,0,2
7,8,5,6300,20.97,0,2
7,8,6,6300,22.38,0,2
7,8,7,6300,23.18,0,2
7,8,8,6300,23.79,0,2
7,8,9,6300,24.19,0,2
7,8,10,6300,27.82,0,2
7,8,11,6300,33.67,0,2
7,8,12,6300,36.89,0,2
7,8,13,6300,41.73,0,2
7,9,1,6300,19.56,0,2
7,9,2,6300,20.97,0,2
7,9,3,6300,21.77,0,1
7,9,4,6300,23.59,0,2
7,9,5,6300,25.8,0,2
7,9,6,6300,29.64,0,2
7,9,7,6300,25.6,0,2
7,9,8,6300,22.78,0,2
7,9,9,6300,25.2,0,2
7,9,10,6300,28.02,0,2
7,9,11,6300,33.06,0,2
7,9,12,6300,35.08,0,2
7,9,13,6300,37.5,0,1
7,10,1,6300,22.38,0,2
7,10,2,6300,23.18,0,2
7,10,3,6300,23.79,0,1
7,10,4,6300,23.59,0,2
7,10,5,6300,27.42,0,2
7,10,6,6300,28.63,0,2
7,10,7,6300,26.21,0,2
7,10,8,6300,23.59,0,2
7,10,9,6300,27.22,0,2
7,10,10,6300,29.03,0,2
7,10,11,6300,31.25,0,2
7,10,12,6300,32.46,0,2
7,10,13,6300,35.08,0,2
7,11,1,6300,23.59,0,2
7,11,2,6300,25.2,0,2
7,11,3,6300,25,0,1
7,11,4,6300,22.58,0,1
7,11,5,6300,23.79,0,2
7,11,6,6300,23.18,0,2
7,11,7,6300,20.97,0,2
7,11,8,6300,23.39,0,2
7,11,9,6300,26.01,0,2
7,11,10,6300,26.01,0,1
7,11,11,6300,26.61,0,1
7,11,12,6300,29.84,0,1
7,11,13,6300,31.45,0,1
7,12,1,6300,21.17,0,2
7,12,2,6300,22.18,0,2
7,12,3,6300,22.18,0,1
7,12,4,6300,21.97,0,1
7,12,5,6300,21.37,0,2
7,12,6,6300,20.76,0,2
7,12,7,6300,20.36,0,2
7,12,8,6300,22.18,0,2
7,12,9,6300,23.99,0,2
7,12,10,6300,23.59,0,1
7,12,11,6300,25.4,0,1
7,12,12,6300,25.4,0,1
7,12,13,6300,25.2,0,1
7,13,1,6300,15.93,0,2
7,13,2,6300,16.13,0,2
7,13,3,6300,17.14,0,1
7,13,4,6300,18.35,0,1
7,13,5,6300,19.56,0,2
7,13,6,6300,20.16,0,2
7,13,7,6300,20.97,0,2
7,13,8,6300,22.98,0,2
7,13,9,6300,23.18,0,1
7,13,10,6300,24.39,0,1
7,13,11,6300,26.81,0,1
7,13,12,6300,27.82,0,1
7,13,13,6300,27.22,0,1
7,14,1,6300,15.12,0,2
7,14,2,6300,14.92,0,2
7,14,3,6300,15.32,0,1
7,14,4,6300,16.93,0,2
7,14,5,6300,17.74,0,1
7,14,6,6300,17.94,0,1
7,14,7,6300,19.35,0,2
7,14,8,6300,21.17,0,1
7,14,9,6300,22.58,0,2
7,14,10,6300,25,0,1
7,14,11,6300,27.62,0,1
7,14,12,6300,27.62,0,1
7,14,13,6300,27.01,0,1
7,15,1,6300,14.31,0,2
7,15,2,6300,14.31,0,2
7,15,3,6300,15.32,0,2
7,15,4,6300,16.53,0,2
7,15,5,6300,16.53,0,2
7,15,6,6300,16.13,0,2
7,15,7,6300,15.52,0,2
7,15,8,6300,15.72,0,2
7,15,9,6300,17.54,0,2
7,15,10,6300,20.56,0,1
7,15,11,6300,25.2,0,1
7,15,12,6300,25.6,0,1
7,15,13,6300,23.59,0,1
7,16,1,6300,14.52,0,2
7,16,2,6300,14.72,0,2
7,16,3,6300,15.93,0,2
7,16,4,6300,16.73,0,2
7,16,5,6300,16.13,0,2
7,16,6,6300,15.12,0,2
7,16,7,6300,13.51,0,2
7,16,8,6300,14.72,0,2
7,16,9,6300,15.52,0,2
7,16,10,6300,19.15,0,2
7,16,11,6300,25.2,0,2
7,16,12,6300,22.38,0,1
7,16,13,6300,21.17,0,1
7,17,1,6300,16.33,0,2
7,17,2,6300,16.33,0,2
7,17,3,6300,16.93,0,1
7,17,4,6300,18.75,0,2
7,17,5,6300,18.55,0,2
7,17,6,6300,16.93,0,2
7,17,7,6300,15.52,0,2
7,17,8,6300,14.52,0,2
7,17,9,6300,17.14,0,2
7,17,10,6300,23.18,0,1
7,17,11,6300,27.01,0,1
7,17,12,6300,24.6,0,1
7,17,13,6300,22.18,0,1
7,18,1,6300,15.52,0,2
7,18,2,6300,17.14,0,1
7,18,3,6300,18.14,0,1
7,18,4,6300,20.16,0,1
7,18,5,6300,20.56,0,2
7,18,6,6300,18.75,0,2
7,18,7,6300,17.54,0,2
7,18,8,6300,16.13,0,2
7,18,9,6300,18.55,0,2
7,18,10,6300,23.18,0,1
7,18,11,6300,27.01,0,1
7,18,12,6300,26.61,0,1
7,18,13,6300,23.39,0,1
7,19,1,6300,18.14,0,2
7,19,2,6300,18.95,0,1
7,19,3,6300,19.56,0,1
7,19,4,6300,21.17,0,1
7,19,5,6300,22.98,0,1
7,19,6,6300,21.57,0,2
7,19,7,6300,20.56,0,2
7,19,8,6300,19.76,0,2
7,19,9,6300,20.76,0,1
7,19,10,6300,25,0,1
7,19,11,6300,26.41,0,1
7,19,12,6300,26.41,0,1
7,19,13,6300,24.19,0,1
7,20,1,6300,18.55,0,2
7,20,2,6300,18.14,0,2
7,20,3,6300,19.56,0,1
7,20,4,6300,21.77,0,1
7,20,5,6300,22.78,0,2
7,20,6,6300,20.56,0,2
7,20,7,6300,19.35,0,2
7,20,8,6300,17.34,0,2
7,20,9,6300,22.58,0,2
7,20,10,6300,24.6,0,1
7,20,11,6300,26.41,0,1
7,20,12,6300,25.6,0,1
7,20,13,6300,23.59,0,1
7,21,1,6300,17.34,0,2
7,21,2,6300,18.35,0,2
7,21,3,6300,20.56,0,1
7,21,4,6300,22.38,0,1
7,21,5,6300,23.18,0,1
7,21,6,6300,19.96,0,2
7,21,7,6300,18.55,0,2
7,21,8,6300,20.36,0,2
7,21,9,6300,23.18,0,2
7,21,10,6300,25.2,0,2
7,21,11,6300,26.01,0,1
7,21,12,6300,26.21,0,1
7,21,13,6300,23.79,0,1
7,22,1,6300,19.56,0,2
7,22,2,6300,21.57,0,2
7,22,3,6300,23.79,0,1
7,22,4,6300,25.4,0,1
7,22,5,6300,23.59,0,1
7,22,6,6300,21.17,0,2
7,22,7,6300,20.56,0,2
7,22,8,6300,22.78,0,2
7,22,9,6300,27.22,0,2
7,22,10,6300,29.23,0,2
7,22,11,6300,29.84,0,1
7,22,12,6300,28.43,0,1
7,22,13,6300,27.62,0,1
7,23,1,6300,21.97,0,2
7,23,2,6300,25,0,2
7,23,3,6300,26.41,0,1
7,23,4,6300,25.8,0,1
7,23,5,6300,24.39,0,1
7,23,6,6300,24.8,0,2
7,23,7,6300,26.41,0,2
7,23,8,6300,30.04,0,2
7,23,9,6300,34.27,0,2
7,23,10,6300,35.48,0,2
7,23,11,6300,36.49,0,1
7,23,12,6300,34.47,0,1
7,23,13,6300,33.67,0,1
7,24,1,6300,21.77,0,2
7,24,2,6300,23.79,0,2
7,24,3,6300,25.4,0,1
7,24,4,6300,25.6,0,1
7,24,5,6300,24.8,0,1
7,24,6,6300,25.8,0,2
7,24,7,6300,27.22,0,2
7,24,8,6300,30.44,0,2
7,24,9,6300,34.47,0,2
7,24,10,6300,37.09,0,2
7,24,11,6300,37.09,0,2
7,24,12,6300,35.28,0,1
7,24,13,6300,35.08,0,1
7,25,1,6300,18.75,0,2
7,25,2,6300,21.37,0,2
7,25,3,6300,22.78,0,1
7,25,4,6300,23.79,0,2
7,25,5,6300,23.99,0,1
7,25,6,6300,25.4,0,2
7,25,7,6300,26.21,0,2
7,25,8,6300,28.02,0,2
7,25,9,6300,30.44,0,2
7,25,10,6300,33.06,0,2
7,25,11,6300,34.27,0,2
7,25,12,6300,34.07,0,1
7,25,13,6300,35.08,0,1
7,26,1,6300,19.56,0,2
7,26,2,6300,20.76,0,2
7,26,3,6300,22.18,0,2
7,26,4,6300,22.98,0,2
7,26,5,6300,23.59,0,2
7,26,6,6300,24.8,0,2
7,26,7,6300,25,0,1
7,26,8,6300,25.4,0,2
7,26,9,6300,26.41,0,2
7,26,10,6300,29.03,0,2
7,26,11,6300,29.84,0,1
7,26,12,6300,29.03,0,1
7,26,13,6300,30.24,0,1
7,27,1,6300,19.15,0,2
7,27,2,6300,19.56,0,2
7,27,3,6300,20.97,0,2
7,27,4,6300,22.78,0,2
7,27,5,6300,23.99,0,2
7,27,6,6300,25.2,0,2
7,27,7,6300,23.79,0,2
7,27,8,6300,21.97,0,1
7,27,9,6300,23.79,0,2
7,27,10,6300,23.59,0,1
7,27,11,6300,22.98,0,1
7,27,12,6300,22.78,0,1
7,27,13,6300,23.18,0,1
7,28,1,6300,20.56,0,2
7,28,2,6300,21.37,0,2
7,28,3,6300,21.77,0,2
7,28,4,6300,22.58,0,2
7,28,5,6300,22.38,0,2
7,28,6,6300,21.77,0,2
7,28,7,6300,21.77,0,2
7,28,8,6300,22.18,0,2
7,28,9,6300,21.17,0,2
7,28,10,6300,17.94,0,2
7,28,11,6300,17.94,0,2
7,28,12,6300,19.56,0,2
7,28,13,6300,21.17,0,1
7,29,1,6300,21.37,0,2
7,29,2,6300,21.17,0,2
7,29,3,6300,22.58,0,2
7,29,4,6300,21.97,0,2
7,29,5,6300,20.36,0,2
7,29,6,6300,19.35,0,2
7,29,7,6300,19.76,0,2
7,29,8,6300,20.97,0,1
7,29,9,6300,22.18,0,1
7,29,10,6300,21.77,0,1
7,29,11,6300,21.17,0,1
7,29,12,6300,21.17,0,1
7,29,13,6300,22.78,0,1
7,30,1,6300,21.57,0,2
7,30,2,6300,21.77,0,2
7,30,3,6300,21.57,0,2
7,30,4,6300,21.57,0,2
7,30,5,6300,19.35,0,2
7,30,6,6300,19.56,0,2
7,30,7,6300,19.96,0,2
7,30,8,6300,22.38,0,1
7,30,9,6300,23.39,0,1
7,30,10,6300,23.59,0,1
7,30,11,6300,23.18,0,1
7,30,12,6300,22.78,0,1
7,30,13,6300,23.79,0,1
7,31,1,6300,23.59,0,2
7,31,2,6300,22.98,0,2
7,31,3,6300,22.98,0,2
7,31,4,6300,21.57,0,2
7,31,5,6300,20.56,0,2
7,31,6,6300,21.57,0,2
7,31,7,6300,23.79,0,2
7,31,8,6300,26.41,0,2
7,31,9,6300,28.02,0,2
7,31,10,6300,27.62,0,2
7,31,11,6300,26.01,0,2
7,31,12,6300,23.99,0,2
7,31,13,6300,23.18,0,2
7,32,1,6300,26.61,0,2
7,32,2,6300,24.39,0,2
7,32,3,6300,23.79,0,2
7,32,4,6300,22.58,0,2
7,32,5,6300,20.56,0,2
7,32,6,6300,20.97,0,2
7,32,7,6300,25.6,0,2
7,32,8,6300,31.85,0,2
7,32,9,6300,36.29,0,2
7,32,10,6300,31.25,0,2
7,32,11,6300,28.43,0,2
7,32,12,6300,26.61,0,2
7,32,13,6300,26.61,0,2
7,33,1,6300,23.99,0,2
7,33,2,6300,23.18,0,2
7,33,3,6300,23.18,0,2
7,33,4,6300,22.78,0,2
7,33,5,6300,22.58,0,2
7,33,6,6300,24.19,0,2
7,33,7,6300,25.8,0,2
7,33,8,6300,29.03,0,2
7,33,9,6300,30.04,0,2
7,33,10,6300,29.03,0,2
7,33,11,6300,29.23,0,2
7,33,12,6300,31.25,0,2
7,33,13,6300,32.46,0,2
7,34,1,6300,20.36,0,2
7,34,2,6300,19.96,0,2
7,34,3,6300,19.96,0,2
7,34,4,6300,19.76,0,2
7,34,5,6300,19.35,0,2
7,34,6,6300,20.76,0,2
7,34,7,6300,21.37,0,2
7,34,8,6300,22.78,0,2
7,34,9,6300,22.38,0,2
7,34,10,6300,22.18,0,2
7,34,11,6300,21.17,0,2
7,34,12,6300,23.99,0,2
7,34,13,6300,24.19,0,2
7,35,1,6300,16.93,0,2
7,35,2,6300,17.14,0,2
7,35,3,6300,17.74,0,2
7,35,4,6300,18.35,0,2
7,35,5,6300,18.14,0,2
7,35,6,6300,17.14,0,2
7,35,7,6300,16.73,0,2
7,35,8,6300,16.33,0,2
7,35,9,6300,15.93,0,2
7,35,10,6300,15.52,0,2
7,35,11,6300,15.12,0,2
7,35,12,6300,15.12,0,2
7,35,13,6300,15.72,0,2
7,36,1,6300,9.27,0,2
7,36,2,6300,13.71,0,2
7,36,3,6300,15.72,0,2
7,36,4,6300,16.53,0,2
7,36,5,6300,15.12,0,2
7,36,6,6300,16.53,0,2
7,36,7,6300,12.3,0,2
7,36,8,6300,12.1,0,2
7,36,9,6300,11.09,0,2
7,36,10,6300,10.48,0,2
7,36,11,6300,10.89,0,2
7,36,12,6300,12.1,0,2
7,36,13,6300,12.1,0,2
7,37,1,6300,12.7,0,2
7,37,2,6300,13.71,0,2
7,37,3,6300,14.72,0,2
7,37,4,6300,15.72,0,2
7,37,5,6300,15.52,0,2
7,37,6,6300,14.92,0,2
7,37,7,6300,12.9,0,2
7,37,8,6300,11.09,0,2
7,37,9,6300,10.89,0,2
7,37,10,6300,10.89,0,2
7,37,11,6300,10.28,0,2
7,37,12,6300,10.08,0,2
7,37,13,6300,9.68,0,2
7,38,1,6300,12.7,0,2
7,38,2,6300,13.1,0,2
7,38,3,6300,13.51,0,2
7,38,4,6300,13.91,0,2
7,38,5,6300,14.31,0,2
7,38,6,6300,13.1,0,2
7,38,7,6300,11.49,0,2
7,38,8,6300,11.09,0,2
7,38,9,6300,11.29,0,2
7,38,10,6300,11.49,0,2
7,38,11,6300,11.49,0,2
7,38,12,6300,11.09,0,2
7,38,13,6300,10.89,0,2
7,39,1,6300,11.69,0,2
7,39,2,6300,11.89,0,2
7,39,3,6300,12.3,0,2
7,39,4,6300,12.5,0,2
7,39,5,6300,12.9,0,2
7,39,6,6300,12.1,0,2
7,39,7,6300,11.89,0,2
7,39,8,6300,11.69,0,2
7,39,9,6300,11.69,0,2
7,39,10,6300,11.49,0,2
7,39,11,6300,11.89,0,2
7,39,12,6300,11.49,0,2
7,39,13,6300,11.49,0,2
7,40,1,6300,10.48,0,2
7,40,2,6300,10.48,0,2
7,40,3,6300,10.68,0,2
7,40,4,6300,10.68,0,2
7,40,5,6300,10.68,0,2
7,40,6,6300,10.08,0,2
7,40,7,6300,10.48,0,2
7,40,8,6300,11.09,0,2
7,40,9,6300,11.49,0,2
7,40,10,6300,10.08,0,2
7,40,11,6300,9.68,0,2
7,40,12,6300,10.48,0,2
7,40,13,6300,10.89,0,2
8,1,1,6300,11.69,0,1
8,1,2,6300,12.7,0,1
8,1,3,6300,12.9,0,1
8,1,4,6300,13.31,0,1
8,1,5,6300,14.11,0,1
8,1,6,6300,13.51,0,1
8,1,7,6300,13.91,0,1
8,1,8,6300,14.92,0,2
8,1,9,6300,15.12,0,2
8,1,10,6300,16.13,0,2
8,1,11,6300,20.56,0,2
8,1,12,6300,22.78,0,2
8,1,13,6300,26.61,0,2
8,2,1,6300,10.48,0,1
8,2,2,6300,9.48,0,1
8,2,3,6300,11.69,0,1
8,2,4,6300,13.91,0,1
8,2,5,6300,13.31,0,1
8,2,6,6300,13.71,0,1
8,2,7,6300,15.93,0,1
8,2,8,6300,14.92,0,1
8,2,9,6300,16.53,0,2
8,2,10,6300,17.74,0,2
8,2,11,6300,17.74,0,2
8,2,12,6300,21.97,0,2
8,2,13,6300,25,0,2
8,3,1,6300,9.48,0,2
8,3,2,6300,17.34,0,2
8,3,3,6300,19.35,0,2
8,3,4,6300,16.13,0,1
8,3,5,6300,10.68,0,1
8,3,6,6300,10.08,0,1
8,3,7,6300,15.72,0,2
8,3,8,6300,14.72,0,2
8,3,9,6300,15.93,0,2
8,3,10,6300,17.94,0,2
8,3,11,6300,17.94,0,2
8,3,12,6300,20.97,0,2
8,3,13,6300,23.99,0,2
8,4,1,6300,14.72,0,2
8,4,2,6300,18.14,0,2
8,4,3,6300,21.77,0,2
8,4,4,6300,20.56,0,2
8,4,5,6300,19.76,0,2
8,4,6,6300,19.76,0,2
8,4,7,6300,25.4,0,2
8,4,8,6300,25.2,0,2
8,4,9,6300,25.6,0,2
8,4,10,6300,27.01,0,2
8,4,11,6300,28.02,0,2
8,4,12,6300,28.02,0,2
8,4,13,6300,25.4,0,2
8,5,1,6300,12.3,0,2
8,5,2,6300,21.57,0,2
8,5,3,6300,22.38,0,2
8,5,4,6300,24.39,0,2
8,5,5,6300,39.31,0,2
8,5,6,6300,37.3,0,2
8,5,7,6300,52.42,0,2
8,5,8,6300,55.44,0,2
8,5,9,6300,48.18,0,2
8,5,10,6300,39.51,0,2
8,5,11,6300,47.38,0,2
8,5,12,6300,54.03,0,2
8,5,13,6300,56.04,0,2
8,6,1,6300,17.54,0,2
8,6,2,6300,21.57,0,2
8,6,3,6300,22.98,0,2
8,6,4,6300,25.4,0,2
8,6,5,6300,28.63,0,2
8,6,6,6300,29.23,0,2
8,6,7,6300,26.81,0,2
8,6,8,6300,30.24,0,2
8,6,9,6300,30.64,0,2
8,6,10,6300,34.27,0,2
8,6,11,6300,46.97,0,2
8,6,12,6300,66.33,0,2
8,6,13,6300,90.32,0,2
8,7,1,6300,19.15,0,2
8,7,2,6300,20.97,0,2
8,7,3,6300,20.56,0,2
8,7,4,6300,18.95,0,2
8,7,5,6300,16.73,0,2
8,7,6,6300,22.58,0,2
8,7,7,6300,25.6,0,2
8,7,8,6300,26.01,0,2
8,7,9,6300,27.82,0,2
8,7,10,6300,34.27,0,2
8,7,11,6300,43.95,0,2
8,7,12,6300,47.17,0,2
8,7,13,6300,54.43,0,2
8,8,1,6300,20.16,0,2
8,8,2,6300,23.59,0,2
8,8,3,6300,22.98,0,2
8,8,4,6300,21.97,0,2
8,8,5,6300,21.77,0,2
8,8,6,6300,24.39,0,2
8,8,7,6300,24.8,0,2
8,8,8,6300,29.03,0,2
8,8,9,6300,30.04,0,2
8,8,10,6300,35.08,0,2
8,8,11,6300,43.34,0,2
8,8,12,6300,55.64,0,2
8,8,13,6300,62.29,0,2
8,9,1,6300,21.97,0,2
8,9,2,6300,24.6,0,2
8,9,3,6300,25.2,0,2
8,9,4,6300,24.8,0,2
8,9,5,6300,27.62,0,2
8,9,6,6300,42.34,0,2
8,9,7,6300,27.62,0,2
8,9,8,6300,27.62,0,2
8,9,9,6300,32.05,0,2
8,9,10,6300,38.51,0,2
8,9,11,6300,42.94,0,2
8,9,12,6300,45.76,0,2
8,9,13,6300,58.46,0,2
8,10,1,6300,23.59,0,2
8,10,2,6300,25,0,2
8,10,3,6300,25.4,0,2
8,10,4,6300,24.19,0,2
8,10,5,6300,28.22,0,2
8,10,6,6300,31.25,0,2
8,10,7,6300,28.83,0,2
8,10,8,6300,27.82,0,2
8,10,9,6300,32.66,0,2
8,10,10,6300,36.89,0,2
8,10,11,6300,41.13,0,2
8,10,12,6300,44.35,0,2
8,10,13,6300,48.59,0,2
8,11,1,6300,25,0,2
8,11,2,6300,28.83,0,2
8,11,3,6300,27.82,0,2
8,11,4,6300,26.21,0,2
8,11,5,6300,24.8,0,2
8,11,6,6300,21.97,0,2
8,11,7,6300,20.97,0,2
8,11,8,6300,26.41,0,2
8,11,9,6300,29.23,0,2
8,11,10,6300,30.64,0,2
8,11,11,6300,30.24,0,2
8,11,12,6300,33.87,0,2
8,11,13,6300,37.3,0,2
8,12,1,6300,22.38,0,2
8,12,2,6300,23.79,0,2
8,12,3,6300,24.39,0,2
8,12,4,6300,24.39,0,2
8,12,5,6300,23.79,0,2
8,12,6,6300,22.78,0,2
8,12,7,6300,22.58,0,2
8,12,8,6300,26.01,0,2
8,12,9,6300,28.22,0,2
8,12,10,6300,29.03,0,2
8,12,11,6300,31.05,0,2
8,12,12,6300,32.05,0,2
8,12,13,6300,34.07,0,2
8,13,1,6300,15.93,0,2
8,13,2,6300,15.52,0,2
8,13,3,6300,16.93,0,2
8,13,4,6300,18.95,0,2
8,13,5,6300,20.76,0,2
8,13,6,6300,21.57,0,2
8,13,7,6300,22.98,0,2
8,13,8,6300,26.41,0,2
8,13,9,6300,27.22,0,2
8,13,10,6300,29.23,0,2
8,13,11,6300,32.05,0,2
8,13,12,6300,33.67,0,2
8,13,13,6300,35.28,0,2
8,14,1,6300,16.33,0,2
8,14,2,6300,15.12,0,2
8,14,3,6300,16.13,0,2
8,14,4,6300,17.94,0,2
8,14,5,6300,19.35,0,2
8,14,6,6300,19.35,0,2
8,14,7,6300,19.56,0,2
8,14,8,6300,24.6,0,2
8,14,9,6300,26.21,0,2
8,14,10,6300,29.03,0,2
8,14,11,6300,32.46,0,2
8,14,12,6300,32.66,0,2
8,14,13,6300,31.45,0,2
8,15,1,6300,14.31,0,2
8,15,2,6300,14.72,0,2
8,15,3,6300,15.32,0,2
8,15,4,6300,17.74,0,2
8,15,5,6300,18.35,0,2
8,15,6,6300,17.74,0,2
8,15,7,6300,14.92,0,2
8,15,8,6300,16.93,0,2
8,15,9,6300,18.75,0,2
8,15,10,6300,22.78,0,2
8,15,11,6300,29.23,0,2
8,15,12,6300,31.85,0,2
8,15,13,6300,25.6,0,2
8,16,1,6300,14.92,0,2
8,16,2,6300,14.72,0,2
8,16,3,6300,14.52,0,2
8,16,4,6300,16.93,0,2
8,16,5,6300,16.93,0,2
8,16,6,6300,15.72,0,2
8,16,7,6300,14.52,0,2
8,16,8,6300,15.52,0,2
8,16,9,6300,17.34,0,2
8,16,10,6300,23.79,0,2
8,16,11,6300,29.64,0,2
8,16,12,6300,28.83,0,2
8,16,13,6300,26.61,0,2
8,17,1,6300,15.32,0,2
8,17,2,6300,15.52,0,2
8,17,3,6300,15.72,0,2
8,17,4,6300,17.34,0,2
8,17,5,6300,17.54,0,2
8,17,6,6300,16.33,0,2
8,17,7,6300,15.32,0,2
8,17,8,6300,15.72,0,2
8,17,9,6300,21.17,0,2
8,17,10,6300,29.64,0,2
8,17,11,6300,34.07,0,2
8,17,12,6300,32.05,0,2
8,17,13,6300,28.02,0,2
8,18,1,6300,16.53,0,2
8,18,2,6300,15.32,0,2
8,18,3,6300,16.33,0,2
8,18,4,6300,17.54,0,2
8,18,5,6300,18.55,0,2
8,18,6,6300,16.73,0,2
8,18,7,6300,15.93,0,2
8,18,8,6300,17.14,0,2
8,18,9,6300,19.15,0,2
8,18,10,6300,29.43,0,2
8,18,11,6300,34.47,0,2
8,18,12,6300,33.06,0,2
8,18,13,6300,30.24,0,2
8,19,1,6300,17.34,0,2
8,19,2,6300,17.34,0,2
8,19,3,6300,17.94,0,2
8,19,4,6300,19.96,0,2
8,19,5,6300,20.97,0,2
8,19,6,6300,18.95,0,2
8,19,7,6300,17.54,0,2
8,19,8,6300,19.96,0,2
8,19,9,6300,23.79,0,2
8,19,10,6300,29.64,0,1
8,19,11,6300,31.45,0,2
8,19,12,6300,31.25,0,2
8,19,13,6300,30.04,0,2
8,20,1,6300,19.76,0,2
8,20,2,6300,18.14,0,2
8,20,3,6300,19.76,0,2
8,20,4,6300,21.97,0,2
8,20,5,6300,22.78,0,2
8,20,6,6300,18.95,0,2
8,20,7,6300,19.96,0,2
8,20,8,6300,21.37,0,2
8,20,9,6300,23.99,0,2
8,20,10,6300,28.02,0,2
8,20,11,6300,27.22,0,2
8,20,12,6300,26.21,0,2
8,20,13,6300,22.98,0,2
8,21,1,6300,16.33,0,2
8,21,2,6300,17.94,0,2
8,21,3,6300,20.36,0,2
8,21,4,6300,22.38,0,2
8,21,5,6300,23.59,0,2
8,21,6,6300,18.14,0,2
8,21,7,6300,15.32,0,2
8,21,8,6300,19.15,0,2
8,21,9,6300,22.58,0,2
8,21,10,6300,24.19,0,2
8,21,11,6300,23.18,0,2
8,21,12,6300,26.01,0,2
8,21,13,6300,22.38,0,2
8,22,1,6300,19.56,0,2
8,22,2,6300,20.76,0,2
8,22,3,6300,22.98,0,2
8,22,4,6300,24.8,0,2
8,22,5,6300,23.79,0,2
8,22,6,6300,20.16,0,2
8,22,7,6300,20.16,0,2
8,22,8,6300,22.38,0,2
8,22,9,6300,26.61,0,2
8,22,10,6300,28.02,0,2
8,22,11,6300,28.22,0,2
8,22,12,6300,28.63,0,2
8,22,13,6300,28.43,0,2
8,23,1,6300,22.18,0,2
8,23,2,6300,27.42,0,2
8,23,3,6300,28.43,0,2
8,23,4,6300,27.42,0,2
8,23,5,6300,24.6,0,2
8,23,6,6300,25.6,0,2
8,23,7,6300,26.61,0,2
8,23,8,6300,30.84,0,2
8,23,9,6300,33.87,0,2
8,23,10,6300,34.88,0,2
8,23,11,6300,37.09,0,2
8,23,12,6300,35.88,0,2
8,23,13,6300,36.09,0,2
8,24,1,6300,21.97,0,2
8,24,2,6300,24.39,0,2
8,24,3,6300,26.41,0,2
8,24,4,6300,25.8,0,2
8,24,5,6300,24.19,0,2
8,24,6,6300,24.8,0,2
8,24,7,6300,26.81,0,2
8,24,8,6300,28.83,0,2
8,24,9,6300,30.64,0,2
8,24,10,6300,33.26,0,2
8,24,11,6300,35.48,0,2
8,24,12,6300,38.1,0,2
8,24,13,6300,37.09,0,2
8,25,1,6300,15.72,0,2
8,25,2,6300,21.57,0,2
8,25,3,6300,23.59,0,2
8,25,4,6300,23.39,0,2
8,25,5,6300,23.79,0,2
8,25,6,6300,24.6,0,2
8,25,7,6300,25.2,0,2
8,25,8,6300,25.8,0,2
8,25,9,6300,26.21,0,2
8,25,10,6300,29.23,0,2
8,25,11,6300,35.48,0,2
8,25,12,6300,33.06,0,2
8,25,13,6300,32.26,0,2
8,26,1,6300,19.56,0,2
8,26,2,6300,20.97,0,2
8,26,3,6300,22.78,0,2
8,26,4,6300,23.59,0,2
8,26,5,6300,23.39,0,2
8,26,6,6300,24.19,0,2
8,26,7,6300,24.39,0,2
8,26,8,6300,24.39,0,2
8,26,9,6300,25.8,0,2
8,26,10,6300,27.82,0,2
8,26,11,6300,30.24,0,2
8,26,12,6300,30.44,0,2
8,26,13,6300,31.05,0,2
8,27,1,6300,20.56,0,2
8,27,2,6300,20.97,0,2
8,27,3,6300,22.78,0,2
8,27,4,6300,23.39,0,2
8,27,5,6300,24.19,0,2
8,27,6,6300,27.01,0,2
8,27,7,6300,22.78,0,2
8,27,8,6300,20.76,0,2
8,27,9,6300,21.77,0,2
8,27,10,6300,23.18,0,2
8,27,11,6300,23.18,0,2
8,27,12,6300,22.78,0,2
8,27,13,6300,22.98,0,2
8,28,1,6300,22.38,0,2
8,28,2,6300,22.38,0,2
8,28,3,6300,23.18,0,2
8,28,4,6300,22.98,0,2
8,28,5,6300,22.58,0,2
8,28,6,6300,21.77,0,2
8,28,7,6300,19.96,0,2
8,28,8,6300,18.95,0,2
8,28,9,6300,20.76,0,2
8,28,10,6300,20.76,0,2
8,28,11,6300,19.15,0,2
8,28,12,6300,16.93,0,2
8,28,13,6300,20.97,0,2
8,29,1,6300,22.38,0,2
8,29,2,6300,22.78,0,2
8,29,3,6300,23.18,0,2
8,29,4,6300,21.97,0,2
8,29,5,6300,21.57,0,2
8,29,6,6300,20.36,0,2
8,29,7,6300,18.95,0,2
8,29,8,6300,20.36,0,2
8,29,9,6300,21.17,0,2
8,29,10,6300,21.57,0,2
8,29,11,6300,20.76,0,2
8,29,12,6300,21.17,0,2
8,29,13,6300,24.19,0,2
8,30,1,6300,24.39,0,2
8,30,2,6300,23.79,0,2
8,30,3,6300,24.19,0,2
8,30,4,6300,22.58,0,2
8,30,5,6300,20.97,0,2
8,30,6,6300,21.57,0,2
8,30,7,6300,20.16,0,2
8,30,8,6300,22.18,0,2
8,30,9,6300,23.39,0,2
8,30,10,6300,23.39,0,1
8,30,11,6300,22.78,0,2
8,30,12,6300,22.78,0,2
8,30,13,6300,24.6,0,2
8,31,1,6300,24.39,0,2
8,31,2,6300,23.99,0,2
8,31,3,6300,24.8,0,2
8,31,4,6300,24.39,0,2
8,31,5,6300,23.99,0,2
8,31,6,6300,22.58,0,2
8,31,7,6300,24.6,0,2
8,31,8,6300,27.42,0,2
8,31,9,6300,28.43,0,1
8,31,10,6300,27.62,0,2
8,31,11,6300,24.6,0,2
8,31,12,6300,22.98,0,2
8,31,13,6300,20.76,0,2
8,32,1,6300,25.6,0,2
8,32,2,6300,25.8,0,2
8,32,3,6300,26.01,0,2
8,32,4,6300,25.6,0,2
8,32,5,6300,24.19,0,2
8,32,6,6300,23.99,0,2
8,32,7,6300,27.82,0,2
8,32,8,6300,30.84,0,2
8,32,9,6300,32.26,0,2
8,32,10,6300,32.05,0,2
8,32,11,6300,32.05,0,2
8,32,12,6300,29.64,0,2
8,32,13,6300,29.03,0,2
8,33,1,6300,23.39,0,2
8,33,2,6300,23.99,0,2
8,33,3,6300,24.6,0,2
8,33,4,6300,24.19,0,2
8,33,5,6300,24.19,0,2
8,33,6,6300,25.6,0,2
8,33,7,6300,28.63,0,2
8,33,8,6300,31.05,0,2
8,33,9,6300,31.65,0,2
8,33,10,6300,31.85,0,2
8,33,11,6300,34.07,0,2
8,33,12,6300,44.35,0,2
8,33,13,6300,48.18,0,2
8,34,1,6300,21.57,0,2
8,34,2,6300,22.38,0,2
8,34,3,6300,22.58,0,2
8,34,4,6300,22.58,0,2
8,34,5,6300,23.18,0,2
8,34,6,6300,23.18,0,2
8,34,7,6300,24.39,0,2
8,34,8,6300,26.61,0,2
8,34,9,6300,26.21,0,2
8,34,10,6300,26.41,0,2
8,34,11,6300,28.02,0,2
8,34,12,6300,30.24,0,2
8,34,13,6300,32.26,0,2
8,35,1,6300,17.34,0,2
8,35,2,6300,17.34,0,2
8,35,3,6300,17.74,0,2
8,35,4,6300,18.35,0,2
8,35,5,6300,17.94,0,2
8,35,6,6300,16.33,0,2
8,35,7,6300,15.93,0,2
8,35,8,6300,15.93,0,2
8,35,9,6300,16.73,0,2
8,35,10,6300,16.53,0,2
8,35,11,6300,15.72,0,2
8,35,12,6300,15.32,0,2
8,35,13,6300,18.55,0,2
8,36,1,6300,13.71,0,2
8,36,2,6300,14.11,0,2
8,36,3,6300,15.52,0,2
8,36,4,6300,16.33,0,1
8,36,5,6300,15.72,0,2
8,36,6,6300,13.31,0,2
8,36,7,6300,10.89,0,2
8,36,8,6300,10.28,0,2
8,36,9,6300,12.5,0,2
8,36,10,6300,13.1,0,2
8,36,11,6300,13.31,0,2
8,36,12,6300,13.71,0,2
8,36,13,6300,14.11,0,2
8,37,1,6300,13.31,0,2
8,37,2,6300,13.71,0,2
8,37,3,6300,13.91,0,2
8,37,4,6300,14.11,0,1
8,37,5,6300,13.91,0,1
8,37,6,6300,12.7,0,1
8,37,7,6300,12.1,0,1
8,37,8,6300,11.29,0,1
8,37,9,6300,11.49,0,2
8,37,10,6300,11.49,0,2
8,37,11,6300,11.09,0,2
8,37,12,6300,10.28,0,2
8,37,13,6300,8.67,0,2
8,38,1,6300,12.3,0,2
8,38,2,6300,12.5,0,2
8,38,3,6300,11.89,0,2
8,38,4,6300,12.1,0,1
8,38,5,6300,11.89,0,1
8,38,6,6300,11.49,0,1
8,38,7,6300,10.89,0,1
8,38,8,6300,10.28,0,1
8,38,9,6300,11.69,0,2
8,38,10,6300,11.69,0,2
8,38,11,6300,11.89,0,2
8,38,12,6300,11.09,0,2
8,38,13,6300,10.68,0,2
8,39,1,6300,10.48,0,2
8,39,2,6300,10.08,0,2
8,39,3,6300,9.48,0,2
8,39,4,6300,9.68,0,2
8,39,5,6300,10.08,0,1
8,39,6,6300,9.88,0,1
8,39,7,6300,10.89,0,1
8,39,8,6300,10.89,0,1
8,39,9,6300,11.49,0,1
8,39,10,6300,11.49,0,2
8,39,11,6300,11.49,0,2
8,39,12,6300,11.29,0,2
8,39,13,6300,11.09,0,2
8,40,1,6300,9.68,0,2
8,40,2,6300,7.66,0,2
8,40,3,6300,8.27,0,2
8,40,4,6300,8.47,0,2
8,40,5,6300,8.27,0,1
8,40,6,6300,8.67,0,1
8,40,7,6300,9.07,0,1
8,40,8,6300,10.48,0,1
8,40,9,6300,10.68,0,1
8,40,10,6300,10.89,0,2
8,40,11,6300,10.48,0,2
8,40,12,6300,10.28,0,2
8,40,13,6300,11.29,0,2
9,1,1,6300,13.1,0,1
9,1,2,6300,13.71,0,1
9,1,3,6300,13.31,0,1
9,1,4,6300,12.3,0,1
9,1,5,6300,11.49,0,1
9,1,6,6300,10.89,0,1
9,1,7,6300,12.1,0,1
9,1,8,6300,13.91,0,1
9,1,9,6300,15.12,0,2
9,1,10,6300,14.31,0,2
9,1,11,6300,14.92,0,2
9,1,12,6300,17.74,0,2
9,1,13,6300,21.57,0,2
9,2,1,6300,12.7,0,1
9,2,2,6300,12.9,0,1
9,2,3,6300,14.31,0,1
9,2,4,6300,13.51,0,1
9,2,5,6300,12.1,0,1
9,2,6,6300,13.31,0,1
9,2,7,6300,12.9,0,1
9,2,8,6300,14.72,0,1
9,2,9,6300,15.52,0,2
9,2,10,6300,17.14,0,2
9,2,11,6300,20.36,0,2
9,2,12,6300,20.76,0,2
9,2,13,6300,21.57,0,2
9,3,1,6300,15.12,0,1
9,3,2,6300,15.93,0,2
9,3,3,6300,18.75,0,1
9,3,4,6300,17.94,0,1
9,3,5,6300,17.94,0,1
9,3,6,6300,17.54,0,1
9,3,7,6300,18.55,0,1
9,3,8,6300,18.75,0,1
9,3,9,6300,19.96,0,2
9,3,10,6300,26.01,0,2
9,3,11,6300,30.64,0,2
9,3,12,6300,33.47,0,2
9,3,13,6300,31.45,0,2
9,4,1,6300,15.72,0,2
9,4,2,6300,18.55,0,2
9,4,3,6300,21.77,0,2
9,4,4,6300,22.58,0,2
9,4,5,6300,22.78,0,2
9,4,6,6300,24.19,0,1
9,4,7,6300,25.8,0,1
9,4,8,6300,26.61,0,2
9,4,9,6300,29.23,0,2
9,4,10,6300,33.87,0,2
9,4,11,6300,47.17,0,2
9,4,12,6300,51.61,0,2
9,4,13,6300,46.57,0,2
9,5,1,6300,18.14,0,2
9,5,2,6300,22.38,0,2
9,5,3,6300,25.4,0,2
9,5,4,6300,29.23,0,2
9,5,5,6300,31.05,0,2
9,5,6,6300,33.47,0,2
9,5,7,6300,36.29,0,2
9,5,8,6300,36.89,0,2
9,5,9,6300,39.31,0,2
9,5,10,6300,46.97,0,2
9,5,11,6300,55.44,0,2
9,5,12,6300,62.29,0,2
9,5,13,6300,62.29,0,2
9,6,1,6300,20.36,0,2
9,6,2,6300,22.38,0,2
9,6,3,6300,25.8,0,2
9,6,4,6300,28.43,0,2
9,6,5,6300,29.84,0,2
9,6,6,6300,31.85,0,2
9,6,7,6300,35.88,0,2
9,6,8,6300,36.69,0,2
9,6,9,6300,35.88,0,2
9,6,10,6300,43.75,0,2
9,6,11,6300,65.72,0,2
9,6,12,6300,87.49,0,2
9,6,13,6300,94.35,0,2
9,7,1,6300,22.78,0,2
9,7,2,6300,23.99,0,2
9,7,3,6300,24.8,0,2
9,7,4,6300,23.39,0,2
9,7,5,6300,25.6,0,2
9,7,6,6300,27.42,0,2
9,7,7,6300,29.84,0,2
9,7,8,6300,31.65,0,2
9,7,9,6300,35.68,0,2
9,7,10,6300,41.73,0,2
9,7,11,6300,58.46,0,2
9,7,12,6300,72.58,0,2
9,7,13,6300,78.83,0,2
9,8,1,6300,23.59,0,2
9,8,2,6300,24.8,0,2
9,8,3,6300,23.79,0,2
9,8,4,6300,21.57,0,2
9,8,5,6300,17.74,0,2
9,8,6,6300,24.19,0,2
9,8,7,6300,28.22,0,2
9,8,8,6300,32.26,0,2
9,8,9,6300,36.29,0,2
9,8,10,6300,42.54,0,2
9,8,11,6300,54.84,0,2
9,8,12,6300,70.36,0,2
9,8,13,6300,78.42,0,2
9,9,1,6300,23.99,0,2
9,9,2,6300,24.19,0,2
9,9,3,6300,24.19,0,2
9,9,4,6300,22.78,0,2
9,9,5,6300,23.79,0,2
9,9,6,6300,26.81,0,2
9,9,7,6300,30.84,0,2
9,9,8,6300,34.88,0,2
9,9,9,6300,37.7,0,2
9,9,10,6300,40.32,0,2
9,9,11,6300,46.37,0,2
9,9,12,6300,61.49,0,2
9,9,13,6300,75,0,2
9,10,1,6300,24.8,0,2
9,10,2,6300,23.99,0,2
9,10,3,6300,24.8,0,2
9,10,4,6300,26.81,0,2
9,10,5,6300,26.21,0,2
9,10,6,6300,28.22,0,2
9,10,7,6300,31.25,0,2
9,10,8,6300,36.89,0,2
9,10,9,6300,39.31,0,2
9,10,10,6300,40.52,0,2
9,10,11,6300,42.94,0,2
9,10,12,6300,51.81,0,2
9,10,13,6300,69.55,0,2
9,11,1,6300,23.39,0,2
9,11,2,6300,25.4,0,2
9,11,3,6300,27.62,0,2
9,11,4,6300,28.63,0,2
9,11,5,6300,28.22,0,2
9,11,6,6300,28.22,0,2
9,11,7,6300,29.64,0,2
9,11,8,6300,31.65,0,2
9,11,9,6300,33.47,0,2
9,11,10,6300,34.27,0,2
9,11,11,6300,37.5,0,2
9,11,12,6300,41.13,0,2
9,11,13,6300,45.76,0,2
9,12,1,6300,21.77,0,2
9,12,2,6300,23.18,0,2
9,12,3,6300,25,0,2
9,12,4,6300,26.01,0,2
9,12,5,6300,26.81,0,2
9,12,6,6300,28.22,0,2
9,12,7,6300,30.04,0,2
9,12,8,6300,31.65,0,2
9,12,9,6300,33.26,0,2
9,12,10,6300,34.47,0,2
9,12,11,6300,37.3,0,2
9,12,12,6300,41.53,0,2
9,12,13,6300,42.54,0,2
9,13,1,6300,19.15,0,2
9,13,2,6300,19.76,0,2
9,13,3,6300,21.17,0,2
9,13,4,6300,22.98,0,2
9,13,5,6300,24.8,0,2
9,13,6,6300,25.4,0,2
9,13,7,6300,25.4,0,2
9,13,8,6300,26.61,0,2
9,13,9,6300,27.82,0,2
9,13,10,6300,30.24,0,2
9,13,11,6300,33.06,0,2
9,13,12,6300,35.68,0,2
9,13,13,6300,35.68,0,2
9,14,1,6300,18.35,0,2
9,14,2,6300,18.35,0,2
9,14,3,6300,18.55,0,2
9,14,4,6300,19.96,0,2
9,14,5,6300,21.17,0,2
9,14,6,6300,21.57,0,2
9,14,7,6300,21.57,0,2
9,14,8,6300,21.77,0,2
9,14,9,6300,22.38,0,2
9,14,10,6300,25.2,0,2
9,14,11,6300,29.03,0,2
9,14,12,6300,32.26,0,2
9,14,13,6300,32.66,0,2
9,15,1,6300,14.92,0,2
9,15,2,6300,14.52,0,2
9,15,3,6300,14.72,0,2
9,15,4,6300,17.14,0,2
9,15,5,6300,18.75,0,2
9,15,6,6300,18.75,0,2
9,15,7,6300,18.35,0,2
9,15,8,6300,17.94,0,2
9,15,9,6300,20.56,0,2
9,15,10,6300,25,0,2
9,15,11,6300,27.82,0,2
9,15,12,6300,29.03,0,2
9,15,13,6300,28.83,0,2
9,16,1,6300,12.9,0,2
9,16,2,6300,12.9,0,2
9,16,3,6300,13.91,0,2
9,16,4,6300,15.72,0,2
9,16,5,6300,17.54,0,2
9,16,6,6300,16.73,0,2
9,16,7,6300,14.92,0,2
9,16,8,6300,15.12,0,2
9,16,9,6300,19.15,0,2
9,16,10,6300,27.62,0,2
9,16,11,6300,29.23,0,2
9,16,12,6300,28.63,0,2
9,16,13,6300,26.61,0,2
9,17,1,6300,14.92,0,2
9,17,2,6300,13.71,0,2
9,17,3,6300,13.51,0,2
9,17,4,6300,15.93,0,2
9,17,5,6300,17.34,0,2
9,17,6,6300,16.33,0,2
9,17,7,6300,15.32,0,2
9,17,8,6300,16.13,0,2
9,17,9,6300,21.77,0,2
9,17,10,6300,29.43,0,2
9,17,11,6300,32.05,0,2
9,17,12,6300,30.64,0,2
9,17,13,6300,29.03,0,2
9,18,1,6300,17.94,0,2
9,18,2,6300,16.53,0,2
9,18,3,6300,14.11,0,2
9,18,4,6300,15.72,0,2
9,18,5,6300,18.14,0,2
9,18,6,6300,16.33,0,2
9,18,7,6300,14.72,0,2
9,18,8,6300,17.94,0,2
9,18,9,6300,24.19,0,2
9,18,10,6300,32.66,0,2
9,18,11,6300,37.7,0,2
9,18,12,6300,36.29,0,2
9,18,13,6300,33.06,0,2
9,19,1,6300,16.33,0,2
9,19,2,6300,16.93,0,2
9,19,3,6300,17.34,0,2
9,19,4,6300,17.34,0,2
9,19,5,6300,17.14,0,2
9,19,6,6300,13.91,0,2
9,19,7,6300,14.72,0,2
9,19,8,6300,21.57,0,2
9,19,9,6300,30.64,0,2
9,19,10,6300,37.9,0,2
9,19,11,6300,39.92,0,2
9,19,12,6300,36.69,0,2
9,19,13,6300,38.71,0,2
9,20,1,6300,17.74,0,2
9,20,2,6300,17.94,0,2
9,20,3,6300,19.76,0,2
9,20,4,6300,21.17,0,2
9,20,5,6300,20.56,0,2
9,20,6,6300,19.15,0,2
9,20,7,6300,18.14,0,2
9,20,8,6300,20.56,0,2
9,20,9,6300,25.8,0,2
9,20,10,6300,31.65,0,2
9,20,11,6300,32.66,0,2
9,20,12,6300,32.46,0,2
9,20,13,6300,30.24,0,2
9,21,1,6300,18.55,0,2
9,21,2,6300,19.35,0,2
9,21,3,6300,20.76,0,2
9,21,4,6300,21.77,0,2
9,21,5,6300,21.37,0,2
9,21,6,6300,19.56,0,2
9,21,7,6300,19.35,0,2
9,21,8,6300,21.97,0,2
9,21,9,6300,25.2,0,2
9,21,10,6300,27.22,0,2
9,21,11,6300,27.42,0,2
9,21,12,6300,27.22,0,2
9,21,13,6300,27.01,0,2
9,22,1,6300,20.36,0,2
9,22,2,6300,20.56,0,2
9,22,3,6300,22.18,0,2
9,22,4,6300,23.59,0,2
9,22,5,6300,23.18,0,2
9,22,6,6300,20.16,0,2
9,22,7,6300,21.57,0,2
9,22,8,6300,23.79,0,2
9,22,9,6300,24.39,0,2
9,22,10,6300,24.8,0,2
9,22,11,6300,26.01,0,2
9,22,12,6300,27.22,0,2
9,22,13,6300,27.01,0,2
9,23,1,6300,21.37,0,2
9,23,2,6300,22.58,0,2
9,23,3,6300,23.79,0,2
9,23,4,6300,24.8,0,2
9,23,5,6300,24.19,0,2
9,23,6,6300,23.39,0,2
9,23,7,6300,24.19,0,2
9,23,8,6300,26.01,0,2
9,23,9,6300,25.8,0,2
9,23,10,6300,26.21,0,2
9,23,11,6300,29.03,0,2
9,23,12,6300,30.24,0,2
9,23,13,6300,30.84,0,2
9,24,1,6300,21.57,0,2
9,24,2,6300,24.19,0,2
9,24,3,6300,26.21,0,2
9,24,4,6300,27.82,0,2
9,24,5,6300,26.61,0,2
9,24,6,6300,24.6,0,2
9,24,7,6300,26.61,0,2
9,24,8,6300,27.01,0,2
9,24,9,6300,25.8,0,2
9,24,10,6300,25.6,0,2
9,24,11,6300,28.02,0,2
9,24,12,6300,33.26,0,2
9,24,13,6300,44.35,0,2
9,25,1,6300,21.17,0,2
9,25,2,6300,22.78,0,2
9,25,3,6300,25.4,0,2
9,25,4,6300,26.61,0,2
9,25,5,6300,25.4,0,2
9,25,6,6300,25.6,0,2
9,25,7,6300,26.81,0,2
9,25,8,6300,26.81,0,2
9,25,9,6300,26.61,0,2
9,25,10,6300,27.22,0,2
9,25,11,6300,30.44,0,2
9,25,12,6300,31.45,0,2
9,25,13,6300,33.06,0,2
9,26,1,6300,20.56,0,2
9,26,2,6300,21.97,0,2
9,26,3,6300,23.39,0,2
9,26,4,6300,24.8,0,2
9,26,5,6300,24.8,0,2
9,26,6,6300,25.2,0,2
9,26,7,6300,26.61,0,2
9,26,8,6300,26.01,0,2
9,26,9,6300,25.8,0,2
9,26,10,6300,26.41,0,2
9,26,11,6300,28.43,0,2
9,26,12,6300,27.82,0,2
9,26,13,6300,28.83,0,2
9,27,1,6300,21.77,0,2
9,27,2,6300,22.38,0,2
9,27,3,6300,23.99,0,2
9,27,4,6300,23.79,0,2
9,27,5,6300,23.18,0,2
9,27,6,6300,23.39,0,2
9,27,7,6300,23.79,0,2
9,27,8,6300,23.39,0,2
9,27,9,6300,24.6,0,2
9,27,10,6300,26.01,0,2
9,27,11,6300,26.41,0,2
9,27,12,6300,26.61,0,2
9,27,13,6300,26.41,0,2
9,28,1,6300,22.38,0,2
9,28,2,6300,23.59,0,2
9,28,3,6300,24.39,0,2
9,28,4,6300,23.18,0,2
9,28,5,6300,21.17,0,2
9,28,6,6300,21.77,0,2
9,28,7,6300,22.18,0,2
9,28,8,6300,21.37,0,2
9,28,9,6300,23.59,0,2
9,28,10,6300,26.01,0,2
9,28,11,6300,26.01,0,2
9,28,12,6300,25.2,0,2
9,28,13,6300,25,0,2
9,29,1,6300,23.59,0,2
9,29,2,6300,23.79,0,2
9,29,3,6300,24.19,0,2
9,29,4,6300,24.19,0,2
9,29,5,6300,22.58,0,2
9,29,6,6300,22.78,0,2
9,29,7,6300,21.97,0,2
9,29,8,6300,22.18,0,2
9,29,9,6300,22.98,0,2
9,29,10,6300,23.99,0,2
9,29,11,6300,24.8,0,2
9,29,12,6300,25,0,2
9,29,13,6300,26.01,0,2
9,30,1,6300,22.98,0,2
9,30,2,6300,23.39,0,2
9,30,3,6300,22.58,0,2
9,30,4,6300,21.37,0,2
9,30,5,6300,21.17,0,2
9,30,6,6300,21.97,0,2
9,30,7,6300,22.78,0,2
9,30,8,6300,23.39,0,2
9,30,9,6300,24.6,0,2
9,30,10,6300,25.4,0,2
9,30,11,6300,25.6,0,2
9,30,12,6300,24.8,0,2
9,30,13,6300,25,0,2
9,31,1,6300,26.41,0,2
9,31,2,6300,26.61,0,2
9,31,3,6300,25.8,0,2
9,31,4,6300,25,0,2
9,31,5,6300,25,0,2
9,31,6,6300,25.6,0,2
9,31,7,6300,28.02,0,2
9,31,8,6300,29.43,0,2
9,31,9,6300,30.04,0,2
9,31,10,6300,29.23,0,2
9,31,11,6300,28.22,0,2
9,31,12,6300,28.02,0,2
9,31,13,6300,28.43,0,2
9,32,1,6300,28.22,0,2
9,32,2,6300,30.04,0,2
9,32,3,6300,29.43,0,2
9,32,4,6300,30.24,0,2
9,32,5,6300,29.84,0,2
9,32,6,6300,30.84,0,2
9,32,7,6300,33.87,0,2
9,32,8,6300,35.08,0,2
9,32,9,6300,34.68,0,2
9,32,10,6300,31.85,0,2
9,32,11,6300,31.25,0,2
9,32,12,6300,31.05,0,2
9,32,13,6300,30.44,0,2
9,33,1,6300,26.41,0,2
9,33,2,6300,28.02,0,2
9,33,3,6300,28.83,0,2
9,33,4,6300,29.23,0,2
9,33,5,6300,30.04,0,2
9,33,6,6300,30.84,0,2
9,33,7,6300,33.87,0,2
9,33,8,6300,35.48,0,2
9,33,9,6300,35.88,0,2
9,33,10,6300,34.07,0,2
9,33,11,6300,33.06,0,2
9,33,12,6300,33.06,0,2
9,33,13,6300,33.47,0,2
9,34,1,6300,21.77,0,2
9,34,2,6300,21.97,0,2
9,34,3,6300,21.77,0,2
9,34,4,6300,22.78,0,2
9,34,5,6300,23.99,0,2
9,34,6,6300,25.8,0,2
9,34,7,6300,27.62,0,2
9,34,8,6300,28.22,0,2
9,34,9,6300,29.64,0,2
9,34,10,6300,29.23,0,2
9,34,11,6300,30.84,0,2
9,34,12,6300,29.84,0,2
9,34,13,6300,29.03,0,2
9,35,1,6300,16.73,0,2
9,35,2,6300,17.14,0,2
9,35,3,6300,16.93,0,2
9,35,4,6300,17.54,0,2
9,35,5,6300,19.15,0,2
9,35,6,6300,18.14,0,2
9,35,7,6300,18.35,0,2
9,35,8,6300,17.74,0,2
9,35,9,6300,17.94,0,2
9,35,10,6300,18.75,0,2
9,35,11,6300,20.76,0,2
9,35,12,6300,21.57,0,2
9,35,13,6300,22.38,0,2
9,36,1,6300,11.89,0,2
9,36,2,6300,13.51,0,2
9,36,3,6300,14.11,0,2
9,36,4,6300,15.12,0,1
9,36,5,6300,15.52,0,1
9,36,6,6300,14.92,0,1
9,36,7,6300,13.1,0,1
9,36,8,6300,11.49,0,1
9,36,9,6300,10.68,0,2
9,36,10,6300,12.9,0,2
9,36,11,6300,15.52,0,2
9,36,12,6300,16.33,0,2
9,36,13,6300,16.93,0,2
9,37,1,6300,12.5,0,2
9,37,2,6300,12.9,0,2
9,37,3,6300,12.7,0,2
9,37,4,6300,12.3,0,1
9,37,5,6300,12.7,0,1
9,37,6,6300,11.89,0,1
9,37,7,6300,11.29,0,1
9,37,8,6300,10.89,0,1
9,37,9,6300,12.3,0,2
9,37,10,6300,12.7,0,2
9,37,11,6300,13.51,0,2
9,37,12,6300,14.11,0,2
9,37,13,6300,13.91,0,2
9,38,1,6300,11.09,0,2
9,38,2,6300,11.09,0,2
9,38,3,6300,10.48,0,2
9,38,4,6300,10.48,0,1
9,38,5,6300,10.48,0,1
9,38,6,6300,10.48,0,1
9,38,7,6300,10.08,0,1
9,38,8,6300,11.89,0,1
9,38,9,6300,13.31,0,1
9,38,10,6300,14.92,0,2
9,38,11,6300,15.93,0,2
9,38,12,6300,12.9,0,2
9,38,13,6300,12.1,0,2
9,39,1,6300,10.08,0,2
9,39,2,6300,9.68,0,2
9,39,3,6300,9.07,0,2
9,39,4,6300,8.87,0,1
9,39,5,6300,8.87,0,1
9,39,6,6300,8.67,0,1
9,39,7,6300,9.48,0,1
9,39,8,6300,10.28,0,1
9,39,9,6300,11.49,0,1
9,39,10,6300,12.5,0,2
9,39,11,6300,12.7,0,2
9,39,12,6300,11.69,0,2
9,39,13,6300,10.89,0,2
9,40,1,6300,8.87,0,2
9,40,2,6300,8.27,0,2
9,40,3,6300,7.66,0,2
9,40,4,6300,7.06,0,2
9,40,5,6300,7.06,0,1
9,40,6,6300,7.46,0,1
9,40,7,6300,8.06,0,1
9,40,8,6300,8.67,0,1
9,40,9,6300,9.48,0,1
9,40,10,6300,9.88,0,1
9,40,11,6300,10.48,0,2
9,40,12,6300,11.09,0,2
9,40,13,6300,9.48,0,2
10,1,1,6300,14.31,0,1
10,1,2,6300,13.91,0,1
10,1,3,6300,13.31,0,2
10,1,4,6300,11.29,0,1
10,1,5,6300,10.89,0,1
10,1,6,6300,11.29,0,1
10,1,7,6300,12.3,0,1
10,1,8,6300,13.51,0,1
10,1,9,6300,14.92,0,1
10,1,10,6300,13.51,0,1
10,1,11,6300,13.71,0,1
10,1,12,6300,14.92,0,1
10,1,13,6300,19.76,0,1
10,2,1,6300,14.52,0,1
10,2,2,6300,15.12,0,1
10,2,3,6300,14.72,0,1
10,2,4,6300,14.72,0,1
10,2,5,6300,13.51,0,1
10,2,6,6300,13.51,0,1
10,2,7,6300,12.5,0,1
10,2,8,6300,16.33,0,1
10,2,9,6300,16.13,0,1
10,2,10,6300,16.73,0,1
10,2,11,6300,17.34,0,1
10,2,12,6300,16.93,0,1
10,2,13,6300,18.95,0,1
10,3,1,6300,15.52,0,1
10,3,2,6300,15.93,0,1
10,3,3,6300,16.53,0,1
10,3,4,6300,17.14,0,1
10,3,5,6300,18.95,0,1
10,3,6,6300,17.74,0,1
10,3,7,6300,15.32,0,1
10,3,8,6300,17.14,0,1
10,3,9,6300,22.98,0,2
10,3,10,6300,33.67,0,2
10,3,11,6300,42.13,0,2
10,3,12,6300,47.78,0,2
10,3,13,6300,33.26,0,2
10,4,1,6300,19.35,0,2
10,4,2,6300,20.56,0,2
10,4,3,6300,21.57,0,2
10,4,4,6300,22.18,0,1
10,4,5,6300,23.18,0,1
10,4,6,6300,23.59,0,1
10,4,7,6300,22.98,0,1
10,4,8,6300,23.18,0,1
10,4,9,6300,29.03,0,2
10,4,10,6300,26.61,0,2
10,4,11,6300,54.43,0,2
10,4,12,6300,57.66,0,2
10,4,13,6300,50.6,0,2
10,5,1,6300,20.56,0,2
10,5,2,6300,22.18,0,2
10,5,3,6300,27.01,0,2
10,5,4,6300,33.47,0,2
10,5,5,6300,33.47,0,2
10,5,6,6300,34.07,0,2
10,5,7,6300,34.88,0,2
10,5,8,6300,34.88,0,2
10,5,9,6300,36.69,0,2
10,5,10,6300,47.98,0,2
10,5,11,6300,58.87,0,2
10,5,12,6300,62.09,0,2
10,5,13,6300,58.87,0,2
10,6,1,6300,22.58,0,2
10,6,2,6300,26.01,0,2
10,6,3,6300,27.22,0,2
10,6,4,6300,30.84,0,2
10,6,5,6300,30.84,0,2
10,6,6,6300,32.05,0,2
10,6,7,6300,35.08,0,2
10,6,8,6300,35.68,0,2
10,6,9,6300,36.49,0,2
10,6,10,6300,45.16,0,2
10,6,11,6300,60.08,0,2
10,6,12,6300,81.45,0,2
10,6,13,6300,89.71,0,2
10,7,1,6300,25,0,2
10,7,2,6300,27.22,0,2
10,7,3,6300,26.61,0,2
10,7,4,6300,26.01,0,2
10,7,5,6300,25.8,0,2
10,7,6,6300,27.42,0,2
10,7,7,6300,30.64,0,2
10,7,8,6300,34.27,0,2
10,7,9,6300,36.09,0,2
10,7,10,6300,40.72,0,2
10,7,11,6300,54.03,0,2
10,7,12,6300,71.37,0,2
10,7,13,6300,76.81,0,2
10,8,1,6300,26.01,0,2
10,8,2,6300,26.01,0,2
10,8,3,6300,26.21,0,2
10,8,4,6300,23.59,0,2
10,8,5,6300,22.98,0,2
10,8,6,6300,27.01,0,2
10,8,7,6300,33.26,0,2
10,8,8,6300,35.28,0,2
10,8,9,6300,37.9,0,2
10,8,10,6300,42.13,0,2
10,8,11,6300,46.77,0,2
10,8,12,6300,47.78,0,2
10,8,13,6300,53.02,0,2
10,9,1,6300,26.01,0,2
10,9,2,6300,26.21,0,2
10,9,3,6300,25.6,0,2
10,9,4,6300,24.6,0,2
10,9,5,6300,24.8,0,2
10,9,6,6300,29.03,0,2
10,9,7,6300,31.85,0,2
10,9,8,6300,35.48,0,2
10,9,9,6300,36.29,0,2
10,9,10,6300,38.3,0,2
10,9,11,6300,45.16,0,2
10,9,12,6300,51.81,0,2
10,9,13,6300,56.25,0,2
10,10,1,6300,25.6,0,2
10,10,2,6300,26.21,0,2
10,10,3,6300,26.41,0,2
10,10,4,6300,26.81,0,2
10,10,5,6300,27.01,0,2
10,10,6,6300,30.64,0,2
10,10,7,6300,34.07,0,2
10,10,8,6300,36.89,0,2
10,10,9,6300,36.29,0,2
10,10,10,6300,35.68,0,2
10,10,11,6300,39.92,0,2
10,10,12,6300,50.8,0,2
10,10,13,6300,49.8,0,2
10,11,1,6300,23.79,0,2
10,11,2,6300,24.6,0,2
10,11,3,6300,26.01,0,2
10,11,4,6300,27.42,0,2
10,11,5,6300,28.63,0,2
10,11,6,6300,29.84,0,2
10,11,7,6300,31.65,0,2
10,11,8,6300,33.67,0,2
10,11,9,6300,34.07,0,2
10,11,10,6300,34.27,0,2
10,11,11,6300,36.89,0,2
10,11,12,6300,41.13,0,2
10,11,13,6300,44.15,0,2
10,12,1,6300,20.36,0,2
10,12,2,6300,22.38,0,2
10,12,3,6300,25.6,0,2
10,12,4,6300,28.02,0,2
10,12,5,6300,28.43,0,2
10,12,6,6300,32.26,0,2
10,12,7,6300,34.07,0,2
10,12,8,6300,35.28,0,2
10,12,9,6300,35.28,0,2
10,12,10,6300,35.88,0,2
10,12,11,6300,38.3,0,2
10,12,12,6300,45.16,0,2
10,12,13,6300,44.15,0,2
10,13,1,6300,19.76,0,2
10,13,2,6300,20.36,0,2
10,13,3,6300,22.78,0,2
10,13,4,6300,25.4,0,2
10,13,5,6300,26.81,0,2
10,13,6,6300,27.22,0,2
10,13,7,6300,27.42,0,2
10,13,8,6300,27.82,0,2
10,13,9,6300,29.23,0,2
10,13,10,6300,31.45,0,2
10,13,11,6300,34.07,0,2
10,13,12,6300,37.7,0,2
10,13,13,6300,37.5,0,2
10,14,1,6300,17.34,0,2
10,14,2,6300,17.54,0,2
10,14,3,6300,17.74,0,2
10,14,4,6300,20.36,0,2
10,14,5,6300,21.77,0,2
10,14,6,6300,22.38,0,2
10,14,7,6300,21.37,0,2
10,14,8,6300,21.77,0,2
10,14,9,6300,20.76,0,2
10,14,10,6300,21.17,0,2
10,14,11,6300,25.4,0,2
10,14,12,6300,30.84,0,2
10,14,13,6300,34.07,0,2
10,15,1,6300,16.33,0,2
10,15,2,6300,15.72,0,2
10,15,3,6300,15.52,0,2
10,15,4,6300,17.94,0,2
10,15,5,6300,19.15,0,2
10,15,6,6300,18.75,0,2
10,15,7,6300,18.35,0,2
10,15,8,6300,19.15,0,2
10,15,9,6300,20.36,0,2
10,15,10,6300,24.39,0,2
10,15,11,6300,26.41,0,2
10,15,12,6300,28.43,0,2
10,15,13,6300,28.63,0,2
10,16,1,6300,13.31,0,2
10,16,2,6300,13.1,0,2
10,16,3,6300,13.31,0,2
10,16,4,6300,15.32,0,2
10,16,5,6300,19.35,0,2
10,16,6,6300,16.93,0,2
10,16,7,6300,14.72,0,2
10,16,8,6300,16.73,0,2
10,16,9,6300,22.38,0,2
10,16,10,6300,28.02,0,2
10,16,11,6300,29.64,0,2
10,16,12,6300,28.22,0,2
10,16,13,6300,24.39,0,2
10,17,1,6300,15.52,0,2
10,17,2,6300,14.72,0,2
10,17,3,6300,13.71,0,2
10,17,4,6300,16.73,0,2
10,17,5,6300,17.74,0,2
10,17,6,6300,17.74,0,2
10,17,7,6300,15.93,0,2
10,17,8,6300,17.94,0,2
10,17,9,6300,23.99,0,2
10,17,10,6300,30.04,0,2
10,17,11,6300,31.25,0,2
10,17,12,6300,29.84,0,2
10,17,13,6300,28.22,0,2
10,18,1,6300,19.35,0,2
10,18,2,6300,15.12,0,2
10,18,3,6300,12.1,0,2
10,18,4,6300,14.52,0,2
10,18,5,6300,18.14,0,2
10,18,6,6300,16.13,0,2
10,18,7,6300,14.31,0,2
10,18,8,6300,16.73,0,2
10,18,9,6300,22.58,0,2
10,18,10,6300,36.09,0,2
10,18,11,6300,38.1,0,2
10,18,12,6300,40.32,0,2
10,18,13,6300,33.47,0,2
10,19,1,6300,17.54,0,2
10,19,2,6300,16.93,0,2
10,19,3,6300,15.52,0,2
10,19,4,6300,17.34,0,2
10,19,5,6300,18.35,0,2
10,19,6,6300,16.93,0,2
10,19,7,6300,16.13,0,2
10,19,8,6300,19.96,0,2
10,19,9,6300,25.6,0,2
10,19,10,6300,32.26,0,2
10,19,11,6300,36.09,0,2
10,19,12,6300,35.28,0,2
10,19,13,6300,33.06,0,2
10,20,1,6300,17.54,0,2
10,20,2,6300,18.75,0,2
10,20,3,6300,20.76,0,2
10,20,4,6300,23.18,0,2
10,20,5,6300,24.39,0,2
10,20,6,6300,20.56,0,2
10,20,7,6300,17.14,0,2
10,20,8,6300,20.36,0,2
10,20,9,6300,27.01,0,2
10,20,10,6300,32.46,0,2
10,20,11,6300,29.64,0,2
10,20,12,6300,29.64,0,2
10,20,13,6300,33.26,0,2
10,21,1,6300,18.35,0,2
10,21,2,6300,18.75,0,2
10,21,3,6300,19.96,0,2
10,21,4,6300,21.77,0,2
10,21,5,6300,21.57,0,2
10,21,6,6300,19.56,0,2
10,21,7,6300,18.75,0,2
10,21,8,6300,20.76,0,2
10,21,9,6300,25.2,0,2
10,21,10,6300,26.81,0,2
10,21,11,6300,27.22,0,2
10,21,12,6300,27.01,0,2
10,21,13,6300,28.02,0,2
10,22,1,6300,20.97,0,2
10,22,2,6300,17.54,0,2
10,22,3,6300,19.76,0,2
10,22,4,6300,22.38,0,2
10,22,5,6300,22.78,0,2
10,22,6,6300,17.54,0,2
10,22,7,6300,21.17,0,2
10,22,8,6300,24.39,0,2
10,22,9,6300,22.98,0,2
10,22,10,6300,20.76,0,2
10,22,11,6300,21.57,0,2
10,22,12,6300,25.2,0,2
10,22,13,6300,24.6,0,2
10,23,1,6300,18.95,0,2
10,23,2,6300,18.95,0,2
10,23,3,6300,21.77,0,2
10,23,4,6300,22.78,0,2
10,23,5,6300,22.78,0,2
10,23,6,6300,21.37,0,2
10,23,7,6300,22.78,0,2
10,23,8,6300,24.8,0,2
10,23,9,6300,23.79,0,2
10,23,10,6300,22.98,0,2
10,23,11,6300,24.39,0,2
10,23,12,6300,26.41,0,2
10,23,13,6300,26.81,0,2
10,24,1,6300,17.94,0,2
10,24,2,6300,18.55,0,2
10,24,3,6300,25.8,0,2
10,24,4,6300,26.01,0,2
10,24,5,6300,27.42,0,2
10,24,6,6300,24.19,0,2
10,24,7,6300,29.03,0,2
10,24,8,6300,28.02,0,2
10,24,9,6300,25,0,2
10,24,10,6300,23.18,0,2
10,24,11,6300,23.59,0,2
10,24,12,6300,27.62,0,2
10,24,13,6300,25.4,0,2
10,25,1,6300,18.55,0,2
10,25,2,6300,20.76,0,2
10,25,3,6300,23.59,0,2
10,25,4,6300,25.6,0,2
10,25,5,6300,24.8,0,2
10,25,6,6300,24.6,0,2
10,25,7,6300,26.01,0,2
10,25,8,6300,26.01,0,2
10,25,9,6300,25,0,2
10,25,10,6300,24.6,0,2
10,25,11,6300,27.01,0,2
10,25,12,6300,28.43,0,2
10,25,13,6300,28.43,0,2
10,26,1,6300,19.96,0,2
10,26,2,6300,20.56,0,2
10,26,3,6300,24.19,0,2
10,26,4,6300,25.2,0,2
10,26,5,6300,24.8,0,2
10,26,6,6300,26.61,0,2
10,26,7,6300,28.63,0,2
10,26,8,6300,27.62,0,2
10,26,9,6300,26.61,0,2
10,26,10,6300,26.41,0,2
10,26,11,6300,28.22,0,2
10,26,12,6300,27.22,0,2
10,26,13,6300,28.43,0,2
10,27,1,6300,22.18,0,2
10,27,2,6300,22.18,0,2
10,27,3,6300,25,0,2
10,27,4,6300,25.4,0,2
10,27,5,6300,25,0,2
10,27,6,6300,25.2,0,2
10,27,7,6300,26.41,0,2
10,27,8,6300,25,0,2
10,27,9,6300,25.2,0,2
10,27,10,6300,26.81,0,2
10,27,11,6300,28.43,0,2
10,27,12,6300,28.63,0,2
10,27,13,6300,28.63,0,2
10,28,1,6300,22.38,0,2
10,28,2,6300,23.79,0,2
10,28,3,6300,27.22,0,2
10,28,4,6300,28.43,0,2
10,28,5,6300,29.23,0,2
10,28,6,6300,29.43,0,2
10,28,7,6300,25.8,0,2
10,28,8,6300,24.6,0,2
10,28,9,6300,25.4,0,2
10,28,10,6300,27.22,0,2
10,28,11,6300,28.83,0,2
10,28,12,6300,31.05,0,2
10,28,13,6300,32.26,0,2
10,29,1,6300,24.8,0,2
10,29,2,6300,25.4,0,2
10,29,3,6300,26.61,0,1
10,29,4,6300,26.01,0,2
10,29,5,6300,25.8,0,1
10,29,6,6300,26.21,0,1
10,29,7,6300,24.8,0,2
10,29,8,6300,24.39,0,2
10,29,9,6300,25,0,2
10,29,10,6300,26.61,0,2
10,29,11,6300,27.22,0,2
10,29,12,6300,28.63,0,2
10,29,13,6300,29.03,0,2
10,30,1,6300,22.38,0,2
10,30,2,6300,24.19,0,2
10,30,3,6300,23.99,0,1
10,30,4,6300,22.18,0,1
10,30,5,6300,20.76,0,1
10,30,6,6300,21.37,0,1
10,30,7,6300,23.39,0,2
10,30,8,6300,24.39,0,2
10,30,9,6300,25.8,0,2
10,30,10,6300,26.61,0,2
10,30,11,6300,27.01,0,2
10,30,12,6300,29.23,0,2
10,30,13,6300,16.33,0,2
10,31,1,6300,28.22,0,2
10,31,2,6300,28.43,0,2
10,31,3,6300,28.22,0,2
10,31,4,6300,27.82,0,2
10,31,5,6300,28.22,0,2
10,31,6,6300,29.03,0,2
10,31,7,6300,30.24,0,2
10,31,8,6300,30.64,0,2
10,31,9,6300,30.44,0,2
10,31,10,6300,30.24,0,2
10,31,11,6300,30.04,0,2
10,31,12,6300,29.84,0,2
10,31,13,6300,29.84,0,2
10,32,1,6300,31.05,0,2
10,32,2,6300,32.86,0,2
10,32,3,6300,30.24,0,2
10,32,4,6300,30.04,0,2
10,32,5,6300,32.66,0,2
10,32,6,6300,34.07,0,2
10,32,7,6300,36.89,0,2
10,32,8,6300,37.3,0,2
10,32,9,6300,35.08,0,2
10,32,10,6300,31.85,0,2
10,32,11,6300,29.23,0,2
10,32,12,6300,30.24,0,2
10,32,13,6300,29.43,0,2
10,33,1,6300,29.23,0,2
10,33,2,6300,30.04,0,2
10,33,3,6300,29.84,0,2
10,33,4,6300,29.84,0,2
10,33,5,6300,31.65,0,2
10,33,6,6300,33.87,0,2
10,33,7,6300,36.09,0,2
10,33,8,6300,37.3,0,2
10,33,9,6300,36.69,0,2
10,33,10,6300,35.08,0,2
10,33,11,6300,32.86,0,2
10,33,12,6300,33.26,0,2
10,33,13,6300,32.46,0,2
10,34,1,6300,23.59,0,2
10,34,2,6300,24.19,0,2
10,34,3,6300,23.79,0,2
10,34,4,6300,24.19,0,2
10,34,5,6300,25.4,0,2
10,34,6,6300,27.62,0,2
10,34,7,6300,30.24,0,2
10,34,8,6300,31.05,0,2
10,34,9,6300,31.05,0,2
10,34,10,6300,31.05,0,2
10,34,11,6300,33.06,0,2
10,34,12,6300,29.84,0,2
10,34,13,6300,28.22,0,2
10,35,1,6300,17.94,0,2
10,35,2,6300,17.94,0,2
10,35,3,6300,17.74,0,2
10,35,4,6300,18.55,0,2
10,35,5,6300,19.76,0,2
10,35,6,6300,21.57,0,2
10,35,7,6300,20.97,0,1
10,35,8,6300,20.36,0,2
10,35,9,6300,20.16,0,2
10,35,10,6300,20.56,0,2
10,35,11,6300,22.58,0,2
10,35,12,6300,22.98,0,2
10,35,13,6300,23.39,0,2
10,36,1,6300,13.1,0,2
10,36,2,6300,16.13,0,2
10,36,3,6300,13.51,0,2
10,36,4,6300,14.11,0,2
10,36,5,6300,15.12,0,2
10,36,6,6300,15.32,0,2
10,36,7,6300,15.32,0,1
10,36,8,6300,14.11,0,1
10,36,9,6300,13.51,0,2
10,36,10,6300,11.69,0,2
10,36,11,6300,14.11,0,2
10,36,12,6300,15.12,0,2
10,36,13,6300,16.33,0,2
10,37,1,6300,12.7,0,2
10,37,2,6300,12.9,0,2
10,37,3,6300,12.1,0,2
10,37,4,6300,12.1,0,1
10,37,5,6300,12.5,0,1
10,37,6,6300,12.5,0,1
10,37,7,6300,11.69,0,1
10,37,8,6300,12.5,0,1
10,37,9,6300,13.1,0,2
10,37,10,6300,13.91,0,2
10,37,11,6300,14.72,0,2
10,37,12,6300,14.92,0,2
10,37,13,6300,15.12,0,2
10,38,1,6300,11.09,0,2
10,38,2,6300,10.89,0,2
10,38,3,6300,10.48,0,2
10,38,4,6300,9.88,0,1
10,38,5,6300,9.48,0,1
10,38,6,6300,9.48,0,1
10,38,7,6300,10.48,0,1
10,38,8,6300,12.3,0,1
10,38,9,6300,14.52,0,2
10,38,10,6300,17.54,0,2
10,38,11,6300,21.77,0,2
10,38,12,6300,11.89,0,2
10,38,13,6300,11.89,0,2
10,39,1,6300,10.28,0,2
10,39,2,6300,9.27,0,2
10,39,3,6300,8.47,0,2
10,39,4,6300,7.66,0,1
10,39,5,6300,7.06,0,1
10,39,6,6300,6.85,0,1
10,39,7,6300,7.46,0,1
10,39,8,6300,8.06,0,1
10,39,9,6300,10.89,0,1
10,39,10,6300,13.1,0,2
10,39,11,6300,14.11,0,2
10,39,12,6300,12.1,0,2
10,39,13,6300,11.49,0,2
10,40,1,6300,9.88,0,2
10,40,2,6300,9.07,0,2
10,40,3,6300,7.66,0,2
10,40,4,6300,7.06,0,2
10,40,5,6300,6.45,0,1
10,40,6,6300,6.25,0,1
10,40,7,6300,6.25,0,1
10,40,8,6300,7.26,0,1
10,40,9,6300,8.27,0,1
10,40,10,6300,9.88,0,2
10,40,11,6300,11.09,0,2
10,40,12,6300,11.49,0,2
10,40,13,6300,11.09,0,2
11,1,1,6300,15.12,0,1
11,1,2,6300,14.72,0,1
11,1,3,6300,14.11,0,2
11,1,4,6300,14.31,0,1
11,1,5,6300,14.72,0,1
11,1,6,6300,15.52,0,1
11,1,7,6300,16.73,0,1
11,1,8,6300,17.14,0,1
11,1,9,6300,15.93,0,1
11,1,10,6300,14.11,0,1
11,1,11,6300,14.92,0,1
11,1,12,6300,15.12,0,1
11,1,13,6300,16.13,0,1
11,2,1,6300,16.13,0,1
11,2,2,6300,16.13,0,1
11,2,3,6300,15.32,0,1
11,2,4,6300,14.72,0,1
11,2,5,6300,14.31,0,1
11,2,6,6300,14.72,0,1
11,2,7,6300,14.92,0,1
11,2,8,6300,16.93,0,1
11,2,9,6300,15.12,0,1
11,2,10,6300,15.93,0,1
11,2,11,6300,16.33,0,2
11,2,12,6300,17.74,0,1
11,2,13,6300,20.16,0,1
11,3,1,6300,18.55,0,1
11,3,2,6300,16.33,0,1
11,3,3,6300,14.92,0,1
11,3,4,6300,14.31,0,1
11,3,5,6300,12.3,0,1
11,3,6,6300,12.3,0,1
11,3,7,6300,12.7,0,1
11,3,8,6300,16.13,0,1
11,3,9,6300,15.12,0,1
11,3,10,6300,22.38,0,2
11,3,11,6300,23.79,0,2
11,3,12,6300,26.61,0,2
11,3,13,6300,29.43,0,1
11,4,1,6300,19.15,0,2
11,4,2,6300,18.95,0,1
11,4,3,6300,18.35,0,1
11,4,4,6300,17.94,0,1
11,4,5,6300,16.93,0,1
11,4,6,6300,17.54,0,1
11,4,7,6300,18.55,0,1
11,4,8,6300,22.78,0,1
11,4,9,6300,26.01,0,1
11,4,10,6300,35.28,0,2
11,4,11,6300,36.69,0,2
11,4,12,6300,33.47,0,2
11,4,13,6300,39.31,0,2
11,5,1,6300,21.97,0,2
11,5,2,6300,22.18,0,2
11,5,3,6300,23.59,0,2
11,5,4,6300,23.39,0,2
11,5,5,6300,22.98,0,1
11,5,6,6300,24.8,0,1
11,5,7,6300,26.41,0,1
11,5,8,6300,31.45,0,1
11,5,9,6300,38.3,0,1
11,5,10,6300,42.94,0,2
11,5,11,6300,45.96,0,2
11,5,12,6300,49.39,0,2
11,5,13,6300,48.38,0,2
11,6,1,6300,25,0,2
11,6,2,6300,25.6,0,2
11,6,3,6300,26.41,0,2
11,6,4,6300,25,0,2
11,6,5,6300,23.59,0,2
11,6,6,6300,24.8,0,2
11,6,7,6300,28.22,0,2
11,6,8,6300,30.64,0,2
11,6,9,6300,34.47,0,1
11,6,10,6300,42.13,0,2
11,6,11,6300,49.39,0,2
11,6,12,6300,57.66,0,2
11,6,13,6300,57.86,0,2
11,7,1,6300,26.21,0,2
11,7,2,6300,29.64,0,2
11,7,3,6300,29.64,0,2
11,7,4,6300,27.82,0,2
11,7,5,6300,27.01,0,2
11,7,6,6300,27.62,0,2
11,7,7,6300,30.24,0,2
11,7,8,6300,32.46,0,2
11,7,9,6300,33.26,0,1
11,7,10,6300,35.48,0,1
11,7,11,6300,44.15,0,1
11,7,12,6300,52.42,0,1
11,7,13,6300,54.63,0,2
11,8,1,6300,27.42,0,2
11,8,2,6300,28.83,0,2
11,8,3,6300,30.44,0,2
11,8,4,6300,30.04,0,2
11,8,5,6300,29.64,0,2
11,8,6,6300,32.05,0,2
11,8,7,6300,32.46,0,2
11,8,8,6300,33.06,0,2
11,8,9,6300,31.05,0,1
11,8,10,6300,34.68,0,1
11,8,11,6300,38.3,0,1
11,8,12,6300,45.96,0,1
11,8,13,6300,47.98,0,1
11,9,1,6300,29.84,0,2
11,9,2,6300,29.64,0,2
11,9,3,6300,29.84,0,2
11,9,4,6300,30.04,0,2
11,9,5,6300,31.85,0,2
11,9,6,6300,34.27,0,2
11,9,7,6300,34.47,0,2
11,9,8,6300,33.47,0,2
11,9,9,6300,31.65,0,2
11,9,10,6300,31.85,0,2
11,9,11,6300,35.68,0,2
11,9,12,6300,38.3,0,2
11,9,13,6300,44.76,0,2
11,10,1,6300,28.02,0,2
11,10,2,6300,28.02,0,2
11,10,3,6300,27.01,0,2
11,10,4,6300,28.02,0,2
11,10,5,6300,29.64,0,2
11,10,6,6300,32.26,0,2
11,10,7,6300,32.26,0,2
11,10,8,6300,33.47,0,2
11,10,9,6300,32.26,0,2
11,10,10,6300,33.87,0,2
11,10,11,6300,35.28,0,2
11,10,12,6300,38.3,0,2
11,10,13,6300,42.94,0,2
11,11,1,6300,25.2,0,2
11,11,2,6300,25.4,0,2
11,11,3,6300,25.6,0,2
11,11,4,6300,26.01,0,2
11,11,5,6300,27.22,0,2
11,11,6,6300,28.22,0,2
11,11,7,6300,28.22,0,2
11,11,8,6300,29.03,0,2
11,11,9,6300,30.44,0,2
11,11,10,6300,32.86,0,2
11,11,11,6300,34.47,0,2
11,11,12,6300,36.69,0,2
11,11,13,6300,41.33,0,2
11,12,1,6300,22.38,0,2
11,12,2,6300,22.98,0,2
11,12,3,6300,24.19,0,2
11,12,4,6300,26.01,0,2
11,12,5,6300,28.22,0,2
11,12,6,6300,28.43,0,2
11,12,7,6300,28.63,0,2
11,12,8,6300,27.01,0,2
11,12,9,6300,28.22,0,2
11,12,10,6300,31.05,0,2
11,12,11,6300,33.67,0,2
11,12,12,6300,34.68,0,2
11,12,13,6300,36.49,0,2
11,13,1,6300,18.75,0,2
11,13,2,6300,18.55,0,2
11,13,3,6300,19.96,0,2
11,13,4,6300,21.97,0,2
11,13,5,6300,23.79,0,2
11,13,6,6300,23.99,0,2
11,13,7,6300,23.39,0,2
11,13,8,6300,24.6,0,2
11,13,9,6300,28.43,0,2
11,13,10,6300,32.66,0,2
11,13,11,6300,34.07,0,2
11,13,12,6300,33.26,0,2
11,13,13,6300,33.06,0,2
11,14,1,6300,18.95,0,2
11,14,2,6300,18.35,0,2
11,14,3,6300,17.74,0,2
11,14,4,6300,18.95,0,2
11,14,5,6300,20.16,0,2
11,14,6,6300,19.35,0,2
11,14,7,6300,18.55,0,2
11,14,8,6300,18.95,0,2
11,14,9,6300,23.18,0,2
11,14,10,6300,27.82,0,2
11,14,11,6300,29.64,0,2
11,14,12,6300,30.24,0,2
11,14,13,6300,30.64,0,2
11,15,1,6300,18.75,0,2
11,15,2,6300,17.74,0,2
11,15,3,6300,17.94,0,2
11,15,4,6300,18.35,0,2
11,15,5,6300,18.55,0,2
11,15,6,6300,18.95,0,2
11,15,7,6300,16.93,0,2
11,15,8,6300,18.75,0,2
11,15,9,6300,22.58,0,2
11,15,10,6300,25.6,0,2
11,15,11,6300,27.42,0,2
11,15,12,6300,28.22,0,2
11,15,13,6300,27.42,0,2
11,16,1,6300,20.36,0,2
11,16,2,6300,15.32,0,2
11,16,3,6300,15.52,0,2
11,16,4,6300,17.74,0,2
11,16,5,6300,20.36,0,2
11,16,6,6300,17.94,0,2
11,16,7,6300,15.72,0,2
11,16,8,6300,21.17,0,2
11,16,9,6300,24.19,0,2
11,16,10,6300,25.8,0,2
11,16,11,6300,28.02,0,2
11,16,12,6300,27.82,0,2
11,16,13,6300,25.6,0,2
11,17,1,6300,19.56,0,2
11,17,2,6300,18.75,0,2
11,17,3,6300,15.72,0,2
11,17,4,6300,17.74,0,2
11,17,5,6300,18.95,0,2
11,17,6,6300,19.76,0,2
11,17,7,6300,19.56,0,2
11,17,8,6300,22.38,0,2
11,17,9,6300,25.4,0,2
11,17,10,6300,27.01,0,2
11,17,11,6300,28.83,0,2
11,17,12,6300,28.63,0,2
11,17,13,6300,28.83,0,2
11,18,1,6300,18.55,0,2
11,18,2,6300,17.74,0,2
11,18,3,6300,16.53,0,2
11,18,4,6300,16.93,0,2
11,18,5,6300,17.94,0,2
11,18,6,6300,17.34,0,2
11,18,7,6300,17.74,0,2
11,18,8,6300,20.76,0,2
11,18,9,6300,23.99,0,2
11,18,10,6300,29.03,0,2
11,18,11,6300,29.84,0,2
11,18,12,6300,29.64,0,2
11,18,13,6300,28.63,0,2
11,19,1,6300,14.72,0,2
11,19,2,6300,15.93,0,2
11,19,3,6300,16.33,0,2
11,19,4,6300,17.14,0,2
11,19,5,6300,16.53,0,2
11,19,6,6300,15.12,0,2
11,19,7,6300,15.93,0,2
11,19,8,6300,19.96,0,2
11,19,9,6300,24.19,0,2
11,19,10,6300,28.83,0,2
11,19,11,6300,28.83,0,2
11,19,12,6300,26.61,0,2
11,19,13,6300,24.6,0,2
11,20,1,6300,16.33,0,2
11,20,2,6300,18.14,0,2
11,20,3,6300,20.97,0,2
11,20,4,6300,20.16,0,2
11,20,5,6300,16.93,0,2
11,20,6,6300,15.52,0,2
11,20,7,6300,16.13,0,2
11,20,8,6300,19.76,0,2
11,20,9,6300,24.8,0,2
11,20,10,6300,27.82,0,2
11,20,11,6300,28.63,0,2
11,20,12,6300,28.22,0,2
11,20,13,6300,28.02,0,2
11,21,1,6300,15.93,0,2
11,21,2,6300,17.54,0,2
11,21,3,6300,19.35,0,2
11,21,4,6300,20.56,0,2
11,21,5,6300,20.36,0,2
11,21,6,6300,18.35,0,2
11,21,7,6300,18.35,0,2
11,21,8,6300,20.97,0,2
11,21,9,6300,23.79,0,2
11,21,10,6300,27.01,0,2
11,21,11,6300,28.02,0,2
11,21,12,6300,28.43,0,2
11,21,13,6300,27.01,0,2
11,22,1,6300,16.53,0,2
11,22,2,6300,16.53,0,2
11,22,3,6300,18.75,0,2
11,22,4,6300,20.56,0,2
11,22,5,6300,21.17,0,2
11,22,6,6300,20.16,0,2
11,22,7,6300,20.36,0,2
11,22,8,6300,22.98,0,2
11,22,9,6300,23.59,0,2
11,22,10,6300,24.8,0,2
11,22,11,6300,25.6,0,2
11,22,12,6300,26.61,0,2
11,22,13,6300,26.21,0,2
11,23,1,6300,13.91,0,2
11,23,2,6300,14.31,0,2
11,23,3,6300,16.73,0,2
11,23,4,6300,18.55,0,2
11,23,5,6300,19.56,0,2
11,23,6,6300,17.34,0,2
11,23,7,6300,21.77,0,2
11,23,8,6300,24.8,0,2
11,23,9,6300,24.19,0,2
11,23,10,6300,23.39,0,2
11,23,11,6300,25.4,0,2
11,23,12,6300,27.22,0,2
11,23,13,6300,26.81,0,2
11,24,1,6300,15.72,0,2
11,24,2,6300,15.93,0,2
11,24,3,6300,19.15,0,2
11,24,4,6300,20.97,0,2
11,24,5,6300,20.16,0,2
11,24,6,6300,19.56,0,2
11,24,7,6300,21.17,0,2
11,24,8,6300,23.99,0,2
11,24,9,6300,23.79,0,2
11,24,10,6300,23.79,0,2
11,24,11,6300,25,0,2
11,24,12,6300,25.8,0,2
11,24,13,6300,26.41,0,2
11,25,1,6300,14.52,0,2
11,25,2,6300,15.32,0,2
11,25,3,6300,19.96,0,2
11,25,4,6300,22.38,0,2
11,25,5,6300,20.76,0,2
11,25,6,6300,20.36,0,2
11,25,7,6300,25,0,2
11,25,8,6300,23.79,0,2
11,25,9,6300,24.19,0,2
11,25,10,6300,24.6,0,2
11,25,11,6300,25.2,0,2
11,25,12,6300,24.8,0,2
11,25,13,6300,25,0,2
11,26,1,6300,18.14,0,2
11,26,2,6300,19.15,0,2
11,26,3,6300,22.58,0,2
11,26,4,6300,23.79,0,2
11,26,5,6300,22.58,0,2
11,26,6,6300,22.78,0,2
11,26,7,6300,25.4,0,2
11,26,8,6300,24.6,0,2
11,26,9,6300,24.39,0,2
11,26,10,6300,25.2,0,2
11,26,11,6300,27.01,0,2
11,26,12,6300,27.01,0,2
11,26,13,6300,26.81,0,2
11,27,1,6300,22.18,0,2
11,27,2,6300,22.78,0,2
11,27,3,6300,24.6,0,2
11,27,4,6300,24.6,0,2
11,27,5,6300,23.79,0,2
11,27,6,6300,24.39,0,2
11,27,7,6300,25,0,2
11,27,8,6300,23.79,0,2
11,27,9,6300,23.39,0,2
11,27,10,6300,25,0,2
11,27,11,6300,28.22,0,2
11,27,12,6300,29.84,0,2
11,27,13,6300,30.24,0,2
11,28,1,6300,26.21,0,2
11,28,2,6300,26.81,0,2
11,28,3,6300,26.61,0,2
11,28,4,6300,26.21,0,2
11,28,5,6300,26.21,0,2
11,28,6,6300,26.01,0,2
11,28,7,6300,24.6,0,2
11,28,8,6300,22.38,0,2
11,28,9,6300,22.38,0,2
11,28,10,6300,25,0,2
11,28,11,6300,28.43,0,2
11,28,12,6300,31.05,0,2
11,28,13,6300,31.45,0,2
11,29,1,6300,28.43,0,2
11,29,2,6300,30.04,0,2
11,29,3,6300,30.04,0,1
11,29,4,6300,29.03,0,1
11,29,5,6300,28.83,0,1
11,29,6,6300,28.43,0,1
11,29,7,6300,28.43,0,2
11,29,8,6300,27.22,0,2
11,29,9,6300,27.22,0,2
11,29,10,6300,29.03,0,2
11,29,11,6300,31.85,0,2
11,29,12,6300,35.08,0,2
11,29,13,6300,35.88,0,2
11,30,1,6300,30.24,0,2
11,30,2,6300,30.64,0,2
11,30,3,6300,30.84,0,1
11,30,4,6300,30.24,0,1
11,30,5,6300,30.44,0,1
11,30,6,6300,30.44,0,1
11,30,7,6300,30.84,0,2
11,30,8,6300,29.84,0,2
11,30,9,6300,31.05,0,2
11,30,10,6300,32.26,0,2
11,30,11,6300,34.27,0,2
11,30,12,6300,35.28,0,2
11,30,13,6300,35.08,0,2
11,31,1,6300,31.45,0,2
11,31,2,6300,33.67,0,2
11,31,3,6300,33.87,0,2
11,31,4,6300,34.07,0,1
11,31,5,6300,34.88,0,1
11,31,6,6300,36.69,0,1
11,31,7,6300,37.9,0,2
11,31,8,6300,38.3,0,2
11,31,9,6300,36.89,0,2
11,31,10,6300,37.09,0,2
11,31,11,6300,39.72,0,2
11,31,12,6300,42.34,0,2
11,31,13,6300,43.95,0,2
11,32,1,6300,32.26,0,2
11,32,2,6300,32.46,0,2
11,32,3,6300,31.85,0,2
11,32,4,6300,32.86,0,2
11,32,5,6300,35.28,0,2
11,32,6,6300,37.5,0,2
11,32,7,6300,39.72,0,2
11,32,8,6300,37.7,0,2
11,32,9,6300,36.69,0,2
11,32,10,6300,35.48,0,2
11,32,11,6300,36.09,0,2
11,32,12,6300,39.51,0,2
11,32,13,6300,39.72,0,2
11,33,1,6300,29.84,0,2
11,33,2,6300,29.84,0,2
11,33,3,6300,29.43,0,2
11,33,4,6300,30.44,0,2
11,33,5,6300,32.46,0,2
11,33,6,6300,34.68,0,2
11,33,7,6300,35.08,0,2
11,33,8,6300,34.47,0,2
11,33,9,6300,33.47,0,2
11,33,10,6300,33.06,0,2
11,33,11,6300,34.07,0,2
11,33,12,6300,36.09,0,2
11,33,13,6300,37.9,0,2
11,34,1,6300,24.39,0,2
11,34,2,6300,24.19,0,2
11,34,3,6300,23.39,0,2
11,34,4,6300,24.6,0,2
11,34,5,6300,27.62,0,2
11,34,6,6300,28.02,0,2
11,34,7,6300,27.01,0,2
11,34,8,6300,26.81,0,2
11,34,9,6300,26.61,0,2
11,34,10,6300,27.01,0,2
11,34,11,6300,28.22,0,2
11,34,12,6300,28.22,0,2
11,34,13,6300,28.22,0,2
11,35,1,6300,18.35,0,1
11,35,2,6300,16.93,0,2
11,35,3,6300,16.13,0,2
11,35,4,6300,16.13,0,2
11,35,5,6300,18.14,0,2
11,35,6,6300,19.35,0,2
11,35,7,6300,20.16,0,2
11,35,8,6300,19.56,0,2
11,35,9,6300,18.75,0,2
11,35,10,6300,18.75,0,2
11,35,11,6300,19.76,0,2
11,35,12,6300,19.76,0,2
11,35,13,6300,19.96,0,2
11,36,1,6300,13.91,0,1
11,36,2,6300,12.7,0,1
11,36,3,6300,10.89,0,2
11,36,4,6300,10.89,0,2
11,36,5,6300,12.9,0,2
11,36,6,6300,15.12,0,2
11,36,7,6300,15.93,0,1
11,36,8,6300,15.72,0,1
11,36,9,6300,15.52,0,2
11,36,10,6300,16.33,0,2
11,36,11,6300,17.54,0,2
11,36,12,6300,18.55,0,2
11,36,13,6300,18.14,0,2
11,37,1,6300,12.3,0,1
11,37,2,6300,11.69,0,1
11,37,3,6300,11.29,0,2
11,37,4,6300,11.09,0,1
11,37,5,6300,12.1,0,1
11,37,6,6300,12.7,0,1
11,37,7,6300,13.51,0,1
11,37,8,6300,14.52,0,1
11,37,9,6300,14.72,0,2
11,37,10,6300,15.52,0,2
11,37,11,6300,16.93,0,2
11,37,12,6300,17.54,0,2
11,37,13,6300,17.74,0,2
11,38,1,6300,10.89,0,1
11,38,2,6300,10.68,0,1
11,38,3,6300,10.48,0,2
11,38,4,6300,10.08,0,1
11,38,5,6300,9.88,0,1
11,38,6,6300,9.88,0,1
11,38,7,6300,10.48,0,1
11,38,8,6300,11.69,0,1
11,38,9,6300,12.9,0,1
11,38,10,6300,14.72,0,2
11,38,11,6300,15.52,0,2
11,38,12,6300,15.12,0,2
11,38,13,6300,13.71,0,2
11,39,1,6300,11.09,0,2
11,39,2,6300,10.48,0,2
11,39,3,6300,9.07,0,2
11,39,4,6300,7.46,0,2
11,39,5,6300,7.26,0,1
11,39,6,6300,7.06,0,1
11,39,7,6300,7.66,0,1
11,39,8,6300,9.27,0,1
11,39,9,6300,10.89,0,2
11,39,10,6300,12.3,0,2
11,39,11,6300,12.7,0,2
11,39,12,6300,12.5,0,2
11,39,13,6300,12.1,0,2
11,40,1,6300,11.29,0,2
11,40,2,6300,10.48,0,2
11,40,3,6300,8.87,0,2
11,40,4,6300,6.85,0,2
11,40,5,6300,6.25,0,2
11,40,6,6300,5.24,0,2
11,40,7,6300,6.25,0,1
11,40,8,6300,8.27,0,1
11,40,9,6300,9.68,0,2
11,40,10,6300,10.89,0,2
11,40,11,6300,11.69,0,2
11,40,12,6300,11.49,0,2
11,40,13,6300,11.09,0,2
12,1,1,6300,16.13,0,1
12,1,2,6300,16.33,0,1
12,1,3,6300,15.12,0,2
12,1,4,6300,15.52,0,2
12,1,5,6300,16.33,0,1
12,1,6,6300,17.14,0,1
12,1,7,6300,18.14,0,1
12,1,8,6300,18.55,0,1
12,1,9,6300,16.73,0,1
12,1,10,6300,13.31,0,1
12,1,11,6300,12.5,0,1
12,1,12,6300,13.1,0,1
12,1,13,6300,13.71,0,1
12,2,1,6300,17.34,0,1
12,2,2,6300,17.34,0,1
12,2,3,6300,15.52,0,2
12,2,4,6300,15.32,0,1
12,2,5,6300,14.72,0,1
12,2,6,6300,15.32,0,1
12,2,7,6300,15.52,0,1
12,2,8,6300,17.54,0,1
12,2,9,6300,17.14,0,1
12,2,10,6300,14.72,0,1
12,2,11,6300,14.52,0,2
12,2,12,6300,15.93,0,1
12,2,13,6300,17.94,0,1
12,3,1,6300,19.96,0,1
12,3,2,6300,15.72,0,1
12,3,3,6300,13.71,0,1
12,3,4,6300,12.3,0,1
12,3,5,6300,9.07,0,1
12,3,6,6300,8.87,0,1
12,3,7,6300,10.28,0,1
12,3,8,6300,16.13,0,1
12,3,9,6300,17.34,0,2
12,3,10,6300,17.74,0,2
12,3,11,6300,15.52,0,2
12,3,12,6300,17.94,0,1
12,3,13,6300,23.59,0,1
12,4,1,6300,20.36,0,2
12,4,2,6300,19.96,0,1
12,4,3,6300,17.94,0,2
12,4,4,6300,16.73,0,1
12,4,5,6300,15.52,0,1
12,4,6,6300,15.72,0,1
12,4,7,6300,17.74,0,1
12,4,8,6300,23.39,0,1
12,4,9,6300,26.61,0,2
12,4,10,6300,29.43,0,2
12,4,11,6300,30.24,0,2
12,4,12,6300,32.46,0,2
12,4,13,6300,35.08,0,1
12,5,1,6300,22.38,0,2
12,5,2,6300,23.59,0,2
12,5,3,6300,22.78,0,2
12,5,4,6300,22.18,0,2
12,5,5,6300,22.18,0,2
12,5,6,6300,22.38,0,2
12,5,7,6300,25.2,0,1
12,5,8,6300,32.46,0,1
12,5,9,6300,42.74,0,1
12,5,10,6300,42.54,0,2
12,5,11,6300,41.73,0,2
12,5,12,6300,43.14,0,2
12,5,13,6300,41.33,0,1
12,6,1,6300,25,0,2
12,6,2,6300,26.41,0,2
12,6,3,6300,25.8,0,2
12,6,4,6300,24.19,0,2
12,6,5,6300,21.57,0,2
12,6,6,6300,20.56,0,2
12,6,7,6300,26.81,0,2
12,6,8,6300,26.81,0,2
12,6,9,6300,29.43,0,1
12,6,10,6300,34.07,0,1
12,6,11,6300,43.14,0,1
12,6,12,6300,56.25,0,2
12,6,13,6300,47.38,0,1
12,7,1,6300,24.6,0,2
12,7,2,6300,31.45,0,2
12,7,3,6300,31.65,0,2
12,7,4,6300,29.03,0,2
12,7,5,6300,28.43,0,2
12,7,6,6300,26.41,0,2
12,7,7,6300,30.04,0,2
12,7,8,6300,30.84,0,2
12,7,9,6300,30.84,0,1
12,7,10,6300,29.84,0,1
12,7,11,6300,38.1,0,1
12,7,12,6300,43.75,0,1
12,7,13,6300,39.92,0,1
12,8,1,6300,27.42,0,2
12,8,2,6300,28.83,0,2
12,8,3,6300,29.23,0,2
12,8,4,6300,29.84,0,2
12,8,5,6300,30.64,0,2
12,8,6,6300,31.45,0,2
12,8,7,6300,29.03,0,2
12,8,8,6300,27.82,0,2
12,8,9,6300,25.8,0,1
12,8,10,6300,28.43,0,1
12,8,11,6300,32.66,0,1
12,8,12,6300,36.49,0,1
12,8,13,6300,37.09,0,1
12,9,1,6300,32.86,0,2
12,9,2,6300,31.05,0,2
12,9,3,6300,29.03,0,2
12,9,4,6300,29.64,0,2
12,9,5,6300,34.07,0,2
12,9,6,6300,36.29,0,2
12,9,7,6300,34.07,0,2
12,9,8,6300,31.05,0,2
12,9,9,6300,26.21,0,2
12,9,10,6300,25.6,0,2
12,9,11,6300,26.41,0,2
12,9,12,6300,28.22,0,2
12,9,13,6300,28.02,0,2
12,10,1,6300,28.02,0,2
12,10,2,6300,27.62,0,2
12,10,3,6300,26.81,0,2
12,10,4,6300,27.42,0,2
12,10,5,6300,29.43,0,2
12,10,6,6300,31.25,0,2
12,10,7,6300,30.64,0,2
12,10,8,6300,30.44,0,2
12,10,9,6300,28.02,0,2
12,10,10,6300,28.22,0,2
12,10,11,6300,27.22,0,2
12,10,12,6300,28.02,0,2
12,10,13,6300,29.23,0,2
12,11,1,6300,25.8,0,2
12,11,2,6300,25.6,0,2
12,11,3,6300,24.8,0,2
12,11,4,6300,25,0,2
12,11,5,6300,27.01,0,2
12,11,6,6300,26.81,0,2
12,11,7,6300,24.39,0,2
12,11,8,6300,25.8,0,2
12,11,9,6300,26.81,0,2
12,11,10,6300,29.23,0,2
12,11,11,6300,29.84,0,2
12,11,12,6300,30.44,0,2
12,11,13,6300,31.45,0,2
12,12,1,6300,22.98,0,2
12,12,2,6300,22.58,0,2
12,12,3,6300,22.38,0,2
12,12,4,6300,22.98,0,2
12,12,5,6300,24.19,0,2
12,12,6,6300,24.39,0,2
12,12,7,6300,24.19,0,2
12,12,8,6300,25.6,0,2
12,12,9,6300,25.8,0,2
12,12,10,6300,27.82,0,2
12,12,11,6300,29.03,0,2
12,12,12,6300,29.64,0,2
12,12,13,6300,30.64,0,2
12,13,1,6300,16.33,0,2
12,13,2,6300,16.73,0,2
12,13,3,6300,17.54,0,2
12,13,4,6300,18.95,0,2
12,13,5,6300,19.76,0,2
12,13,6,6300,19.15,0,2
12,13,7,6300,18.75,0,2
12,13,8,6300,21.77,0,2
12,13,9,6300,29.23,0,2
12,13,10,6300,35.68,0,2
12,13,11,6300,35.88,0,2
12,13,12,6300,31.45,0,2
12,13,13,6300,29.43,0,2
12,14,1,6300,18.35,0,2
12,14,2,6300,17.14,0,2
12,14,3,6300,16.53,0,2
12,14,4,6300,18.14,0,2
12,14,5,6300,18.55,0,2
12,14,6,6300,17.34,0,2
12,14,7,6300,16.73,0,2
12,14,8,6300,17.74,0,2
12,14,9,6300,21.97,0,2
12,14,10,6300,26.41,0,2
12,14,11,6300,28.22,0,2
12,14,12,6300,29.84,0,2
12,14,13,6300,29.84,0,2
12,15,1,6300,17.94,0,2
12,15,2,6300,16.53,0,2
12,15,3,6300,15.52,0,2
12,15,4,6300,14.11,0,2
12,15,5,6300,14.92,0,2
12,15,6,6300,17.74,0,2
12,15,7,6300,14.11,0,2
12,15,8,6300,17.74,0,2
12,15,9,6300,20.76,0,2
12,15,10,6300,23.18,0,2
12,15,11,6300,26.41,0,2
12,15,12,6300,26.41,0,2
12,15,13,6300,24.8,0,2
12,16,1,6300,32.26,0,2
12,16,2,6300,27.42,0,2
12,16,3,6300,21.37,0,2
12,16,4,6300,18.55,0,2
12,16,5,6300,20.56,0,2
12,16,6,6300,20.97,0,2
12,16,7,6300,15.12,0,2
12,16,8,6300,19.96,0,2
12,16,9,6300,23.59,0,2
12,16,10,6300,26.21,0,2
12,16,11,6300,25.8,0,2
12,16,12,6300,26.01,0,2
12,16,13,6300,25.8,0,2
12,17,1,6300,23.39,0,2
12,17,2,6300,22.78,0,2
12,17,3,6300,20.36,0,2
12,17,4,6300,19.15,0,2
12,17,5,6300,19.15,0,2
12,17,6,6300,19.56,0,2
12,17,7,6300,21.17,0,2
12,17,8,6300,25.2,0,2
12,17,9,6300,26.21,0,2
12,17,10,6300,26.21,0,2
12,17,11,6300,26.81,0,2
12,17,12,6300,26.81,0,2
12,17,13,6300,30.44,0,2
12,18,1,6300,17.54,0,2
12,18,2,6300,17.14,0,2
12,18,3,6300,15.93,0,2
12,18,4,6300,16.73,0,2
12,18,5,6300,17.14,0,2
12,18,6,6300,17.34,0,2
12,18,7,6300,18.95,0,2
12,18,8,6300,22.58,0,2
12,18,9,6300,25.2,0,2
12,18,10,6300,25.6,0,2
12,18,11,6300,26.41,0,2
12,18,12,6300,26.01,0,2
12,18,13,6300,26.21,0,2
12,19,1,6300,15.32,0,2
12,19,2,6300,15.72,0,2
12,19,3,6300,16.73,0,2
12,19,4,6300,16.73,0,2
12,19,5,6300,15.52,0,2
12,19,6,6300,13.91,0,2
12,19,7,6300,15.52,0,2
12,19,8,6300,22.98,0,2
12,19,9,6300,26.01,0,2
12,19,10,6300,26.81,0,2
12,19,11,6300,25.2,0,2
12,19,12,6300,22.98,0,2
12,19,13,6300,17.54,0,2
12,20,1,6300,15.72,0,2
12,20,2,6300,15.93,0,2
12,20,3,6300,17.14,0,2
12,20,4,6300,17.94,0,2
12,20,5,6300,16.53,0,2
12,20,6,6300,13.31,0,2
12,20,7,6300,16.13,0,2
12,20,8,6300,20.36,0,2
12,20,9,6300,25.6,0,2
12,20,10,6300,27.01,0,2
12,20,11,6300,26.21,0,2
12,20,12,6300,24.8,0,2
12,20,13,6300,23.18,0,2
12,21,1,6300,14.11,0,2
12,21,2,6300,14.31,0,2
12,21,3,6300,16.13,0,2
12,21,4,6300,19.76,0,2
12,21,5,6300,23.79,0,2
12,21,6,6300,17.34,0,2
12,21,7,6300,16.73,0,2
12,21,8,6300,22.38,0,2
12,21,9,6300,24.19,0,2
12,21,10,6300,25.8,0,2
12,21,11,6300,28.63,0,2
12,21,12,6300,29.43,0,2
12,21,13,6300,25,0,2
12,22,1,6300,14.92,0,2
12,22,2,6300,14.92,0,2
12,22,3,6300,17.74,0,2
12,22,4,6300,20.16,0,2
12,22,5,6300,21.17,0,2
12,22,6,6300,20.16,0,2
12,22,7,6300,20.36,0,2
12,22,8,6300,22.78,0,2
12,22,9,6300,23.79,0,2
12,22,10,6300,25,0,2
12,22,11,6300,26.01,0,2
12,22,12,6300,26.81,0,2
12,22,13,6300,26.01,0,2
12,23,1,6300,14.52,0,2
12,23,2,6300,14.52,0,2
12,23,3,6300,16.53,0,2
12,23,4,6300,18.75,0,2
12,23,5,6300,18.75,0,2
12,23,6,6300,19.56,0,2
12,23,7,6300,21.57,0,2
12,23,8,6300,22.98,0,2
12,23,9,6300,22.18,0,2
12,23,10,6300,21.57,0,2
12,23,11,6300,24.39,0,2
12,23,12,6300,30.24,0,2
12,23,13,6300,25.8,0,2
12,24,1,6300,15.52,0,2
12,24,2,6300,15.72,0,2
12,24,3,6300,18.55,0,2
12,24,4,6300,20.16,0,2
12,24,5,6300,18.75,0,2
12,24,6,6300,18.95,0,2
12,24,7,6300,20.16,0,2
12,24,8,6300,21.17,0,2
12,24,9,6300,21.97,0,2
12,24,10,6300,22.18,0,2
12,24,11,6300,23.59,0,2
12,24,12,6300,25,0,2
12,24,13,6300,25,0,2
12,25,1,6300,12.9,0,2
12,25,2,6300,14.72,0,2
12,25,3,6300,19.76,0,2
12,25,4,6300,22.38,0,2
12,25,5,6300,18.95,0,2
12,25,6,6300,18.55,0,2
12,25,7,6300,25.8,0,2
12,25,8,6300,22.78,0,2
12,25,9,6300,23.79,0,2
12,25,10,6300,24.39,0,2
12,25,11,6300,24.6,0,2
12,25,12,6300,23.39,0,2
12,25,13,6300,22.58,0,2
12,26,1,6300,17.74,0,2
12,26,2,6300,18.35,0,2
12,26,3,6300,21.77,0,2
12,26,4,6300,23.18,0,2
12,26,5,6300,20.97,0,2
12,26,6,6300,21.57,0,2
12,26,7,6300,25,0,2
12,26,8,6300,23.39,0,2
12,26,9,6300,23.39,0,2
12,26,10,6300,23.99,0,2
12,26,11,6300,25.2,0,2
12,26,12,6300,25.2,0,2
12,26,13,6300,25.2,0,2
12,27,1,6300,24.39,0,2
12,27,2,6300,24.8,0,2
12,27,3,6300,25.4,0,2
12,27,4,6300,24.6,0,2
12,27,5,6300,22.78,0,2
12,27,6,6300,22.98,0,2
12,27,7,6300,25,0,2
12,27,8,6300,22.58,0,2
12,27,9,6300,22.38,0,2
12,27,10,6300,24.6,0,2
12,27,11,6300,27.82,0,2
12,27,12,6300,30.44,0,2
12,27,13,6300,30.04,0,2
12,28,1,6300,28.43,0,2
12,28,2,6300,28.63,0,2
12,28,3,6300,28.22,0,2
12,28,4,6300,27.42,0,2
12,28,5,6300,27.22,0,2
12,28,6,6300,27.22,0,2
12,28,7,6300,26.61,0,2
12,28,8,6300,24.6,0,2
12,28,9,6300,22.98,0,2
12,28,10,6300,22.98,0,2
12,28,11,6300,28.22,0,2
12,28,12,6300,31.25,0,2
12,28,13,6300,31.45,0,2
12,29,1,6300,31.05,0,2
12,29,2,6300,34.27,0,2
12,29,3,6300,33.06,0,2
12,29,4,6300,31.05,0,2
12,29,5,6300,30.44,0,2
12,29,6,6300,31.25,0,2
12,29,7,6300,31.45,0,2
12,29,8,6300,29.64,0,2
12,29,9,6300,29.84,0,2
12,29,10,6300,31.25,0,2
12,29,11,6300,35.08,0,2
12,29,12,6300,39.31,0,2
12,29,13,6300,41.93,0,2
12,30,1,6300,32.86,0,2
12,30,2,6300,34.07,0,2
12,30,3,6300,33.67,0,2
12,30,4,6300,34.47,0,2
12,30,5,6300,33.67,0,2
12,30,6,6300,34.47,0,2
12,30,7,6300,35.08,0,2
12,30,8,6300,34.27,0,2
12,30,9,6300,35.08,0,2
12,30,10,6300,36.69,0,2
12,30,11,6300,38.51,0,2
12,30,12,6300,41.53,0,2
12,30,13,6300,41.73,0,2
12,31,1,6300,34.27,0,2
12,31,2,6300,38.71,0,2
12,31,3,6300,37.5,0,2
12,31,4,6300,36.49,0,2
12,31,5,6300,38.71,0,2
12,31,6,6300,42.54,0,2
12,31,7,6300,41.13,0,2
12,31,8,6300,41.33,0,2
12,31,9,6300,39.51,0,2
12,31,10,6300,39.72,0,2
12,31,11,6300,46.17,0,2
12,31,12,6300,50.6,0,2
12,31,13,6300,59.27,0,2
12,32,1,6300,32.26,0,2
12,32,2,6300,34.07,0,2
12,32,3,6300,34.47,0,2
12,32,4,6300,35.28,0,2
12,32,5,6300,37.09,0,2
12,32,6,6300,39.11,0,2
12,32,7,6300,39.51,0,2
12,32,8,6300,37.7,0,2
12,32,9,6300,36.89,0,2
12,32,10,6300,38.51,0,2
12,32,11,6300,38.3,0,2
12,32,12,6300,42.74,0,2
12,32,13,6300,44.96,0,2
12,33,1,6300,29.23,0,2
12,33,2,6300,29.43,0,2
12,33,3,6300,29.64,0,2
12,33,4,6300,32.05,0,2
12,33,5,6300,33.06,0,2
12,33,6,6300,35.08,0,2
12,33,7,6300,34.27,0,2
12,33,8,6300,33.87,0,2
12,33,9,6300,32.66,0,2
12,33,10,6300,32.66,0,2
12,33,11,6300,33.87,0,2
12,33,12,6300,40.32,0,2
12,33,13,6300,45.16,0,2
12,34,1,6300,24.6,0,2
12,34,2,6300,24.19,0,2
12,34,3,6300,23.79,0,2
12,34,4,6300,24.19,0,2
12,34,5,6300,25.2,0,2
12,34,6,6300,26.01,0,2
12,34,7,6300,23.79,0,2
12,34,8,6300,23.59,0,2
12,34,9,6300,24.19,0,2
12,34,10,6300,25.4,0,2
12,34,11,6300,26.61,0,2
12,34,12,6300,26.21,0,2
12,34,13,6300,24.39,0,2
12,35,1,6300,17.14,0,1
12,35,2,6300,16.53,0,2
12,35,3,6300,15.32,0,2
12,35,4,6300,15.52,0,2
12,35,5,6300,16.53,0,2
12,35,6,6300,17.94,0,2
12,35,7,6300,18.95,0,1
12,35,8,6300,19.35,0,2
12,35,9,6300,19.15,0,2
12,35,10,6300,18.95,0,2
12,35,11,6300,19.96,0,2
12,35,12,6300,19.56,0,2
12,35,13,6300,19.35,0,2
12,36,1,6300,14.31,0,1
12,36,2,6300,13.31,0,1
12,36,3,6300,11.89,0,1
12,36,4,6300,11.29,0,2
12,36,5,6300,12.1,0,2
12,36,6,6300,13.31,0,1
12,36,7,6300,13.51,0,1
12,36,8,6300,14.11,0,1
12,36,9,6300,13.91,0,2
12,36,10,6300,15.12,0,2
12,36,11,6300,16.93,0,2
12,36,12,6300,17.74,0,2
12,36,13,6300,17.74,0,2
12,37,1,6300,11.49,0,1
12,37,2,6300,11.29,0,1
12,37,3,6300,10.68,0,1
12,37,4,6300,11.09,0,2
12,37,5,6300,11.69,0,1
12,37,6,6300,12.7,0,1
12,37,7,6300,12.5,0,1
12,37,8,6300,12.7,0,1
12,37,9,6300,14.31,0,2
12,37,10,6300,15.93,0,2
12,37,11,6300,18.14,0,2
12,37,12,6300,18.35,0,2
12,37,13,6300,19.76,0,2
12,38,1,6300,10.48,0,1
12,38,2,6300,10.48,0,1
12,38,3,6300,10.28,0,1
12,38,4,6300,9.48,0,2
12,38,5,6300,9.27,0,1
12,38,6,6300,9.27,0,1
12,38,7,6300,10.08,0,1
12,38,8,6300,10.68,0,1
12,38,9,6300,11.09,0,2
12,38,10,6300,13.91,0,2
12,38,11,6300,14.72,0,2
12,38,12,6300,14.92,0,2
12,38,13,6300,13.91,0,2
12,39,1,6300,11.69,0,1
12,39,2,6300,10.89,0,1
12,39,3,6300,9.88,0,2
12,39,4,6300,8.87,0,2
12,39,5,6300,8.27,0,2
12,39,6,6300,8.67,0,2
12,39,7,6300,8.87,0,1
12,39,8,6300,10.28,0,1
12,39,9,6300,11.09,0,2
12,39,10,6300,12.1,0,2
12,39,11,6300,11.49,0,2
12,39,12,6300,10.28,0,2
12,39,13,6300,9.48,0,2
12,40,1,6300,11.69,0,1
12,40,2,6300,10.68,0,2
12,40,3,6300,9.68,0,2
12,40,4,6300,8.47,0,2
12,40,5,6300,7.66,0,2
12,40,6,6300,7.46,0,2
12,40,7,6300,8.27,0,2
12,40,8,6300,10.08,0,2
12,40,9,6300,9.68,0,2
12,40,10,6300,10.28,0,2
12,40,11,6300,10.68,0,2
12,40,12,6300,10.08,0,2
12,40,13,6300,9.88,0,2
13,1,1,6300,17.14,0,1
13,1,2,6300,17.54,0,1
13,1,3,6300,17.34,0,2
13,1,4,6300,16.93,0,2
13,1,5,6300,16.13,0,2
13,1,6,6300,16.13,0,2
13,1,7,6300,16.13,0,2
13,1,8,6300,16.93,0,1
13,1,9,6300,17.54,0,2
13,1,10,6300,17.14,0,1
13,1,11,6300,17.74,0,1
13,1,12,6300,18.14,0,1
13,1,13,6300,20.76,0,1
13,2,1,6300,19.56,0,1
13,2,2,6300,19.35,0,1
13,2,3,6300,18.14,0,2
13,2,4,6300,17.54,0,2
13,2,5,6300,18.35,0,2
13,2,6,6300,19.76,0,2
13,2,7,6300,18.95,0,2
13,2,8,6300,19.35,0,1
13,2,9,6300,18.55,0,2
13,2,10,6300,17.94,0,2
13,2,11,6300,16.73,0,2
13,2,12,6300,17.74,0,1
13,2,13,6300,19.35,0,1
13,3,1,6300,20.36,0,2
13,3,2,6300,20.16,0,1
13,3,3,6300,19.35,0,1
13,3,4,6300,19.76,0,1
13,3,5,6300,19.56,0,1
13,3,6,6300,20.76,0,1
13,3,7,6300,20.56,0,1
13,3,8,6300,22.58,0,2
13,3,9,6300,23.59,0,2
13,3,10,6300,23.99,0,2
13,3,11,6300,23.18,0,2
13,3,12,6300,23.59,0,2
13,3,13,6300,24.19,0,1
13,4,1,6300,22.78,0,2
13,4,2,6300,23.18,0,2
13,4,3,6300,22.38,0,2
13,4,4,6300,21.17,0,2
13,4,5,6300,20.97,0,2
13,4,6,6300,22.38,0,2
13,4,7,6300,25.4,0,2
13,4,8,6300,29.23,0,2
13,4,9,6300,30.24,0,2
13,4,10,6300,31.25,0,2
13,4,11,6300,31.65,0,2
13,4,12,6300,31.85,0,2
13,4,13,6300,31.85,0,2
13,5,1,6300,23.39,0,2
13,5,2,6300,24.8,0,2
13,5,3,6300,23.79,0,2
13,5,4,6300,22.98,0,2
13,5,5,6300,22.98,0,2
13,5,6,6300,25.2,0,2
13,5,7,6300,28.02,0,2
13,5,8,6300,34.07,0,2
13,5,9,6300,36.29,0,2
13,5,10,6300,38.1,0,2
13,5,11,6300,38.1,0,2
13,5,12,6300,39.51,0,2
13,5,13,6300,36.49,0,1
13,6,1,6300,26.01,0,2
13,6,2,6300,26.61,0,2
13,6,3,6300,26.21,0,2
13,6,4,6300,28.43,0,2
13,6,5,6300,26.81,0,2
13,6,6,6300,26.61,0,2
13,6,7,6300,27.82,0,2
13,6,8,6300,27.42,0,2
13,6,9,6300,28.63,0,1
13,6,10,6300,31.25,0,2
13,6,11,6300,33.26,0,2
13,6,12,6300,34.27,0,2
13,6,13,6300,33.47,0,1
13,7,1,6300,26.01,0,2
13,7,2,6300,26.81,0,2
13,7,3,6300,27.22,0,2
13,7,4,6300,28.63,0,2
13,7,5,6300,27.82,0,2
13,7,6,6300,26.61,0,2
13,7,7,6300,25.2,0,2
13,7,8,6300,25.2,0,2
13,7,9,6300,26.41,0,1
13,7,10,6300,28.83,0,1
13,7,11,6300,32.05,0,1
13,7,12,6300,33.06,0,1
13,7,13,6300,33.47,0,1
13,8,1,6300,25.8,0,2
13,8,2,6300,26.21,0,2
13,8,3,6300,27.22,0,2
13,8,4,6300,30.64,0,2
13,8,5,6300,39.72,0,2
13,8,6,6300,37.09,0,2
13,8,7,6300,26.21,0,2
13,8,8,6300,23.59,0,2
13,8,9,6300,23.59,0,2
13,8,10,6300,25,0,1
13,8,11,6300,29.64,0,1
13,8,12,6300,29.84,0,1
13,8,13,6300,28.63,0,1
13,9,1,6300,25.8,0,2
13,9,2,6300,25.8,0,2
13,9,3,6300,25,0,2
13,9,4,6300,27.22,0,2
13,9,5,6300,28.02,0,2
13,9,6,6300,29.64,0,2
13,9,7,6300,26.21,0,2
13,9,8,6300,25.2,0,2
13,9,9,6300,23.99,0,2
13,9,10,6300,25,0,1
13,9,11,6300,26.41,0,1
13,9,12,6300,26.21,0,1
13,9,13,6300,27.01,0,1
13,10,1,6300,23.79,0,2
13,10,2,6300,21.77,0,2
13,10,3,6300,21.17,0,2
13,10,4,6300,22.38,0,2
13,10,5,6300,23.59,0,2
13,10,6,6300,25.2,0,2
13,10,7,6300,24.39,0,2
13,10,8,6300,26.41,0,2
13,10,9,6300,26.41,0,2
13,10,10,6300,26.01,0,2
13,10,11,6300,24.6,0,2
13,10,12,6300,24.19,0,2
13,10,13,6300,24.39,0,2
13,11,1,6300,23.59,0,2
13,11,2,6300,22.58,0,2
13,11,3,6300,21.57,0,2
13,11,4,6300,20.97,0,2
13,11,5,6300,22.78,0,2
13,11,6,6300,23.99,0,2
13,11,7,6300,24.6,0,2
13,11,8,6300,26.81,0,2
13,11,9,6300,27.42,0,2
13,11,10,6300,27.42,0,2
13,11,11,6300,26.81,0,2
13,11,12,6300,26.21,0,2
13,11,13,6300,26.01,0,2
13,12,1,6300,26.61,0,2
13,12,2,6300,24.6,0,2
13,12,3,6300,22.78,0,2
13,12,4,6300,22.38,0,2
13,12,5,6300,22.38,0,2
13,12,6,6300,24.19,0,2
13,12,7,6300,26.01,0,2
13,12,8,6300,27.01,0,2
13,12,9,6300,29.03,0,2
13,12,10,6300,29.43,0,2
13,12,11,6300,28.63,0,2
13,12,12,6300,27.82,0,2
13,12,13,6300,27.01,0,2
13,13,1,6300,22.98,0,2
13,13,2,6300,22.18,0,2
13,13,3,6300,20.97,0,2
13,13,4,6300,21.17,0,2
13,13,5,6300,21.17,0,2
13,13,6,6300,21.97,0,2
13,13,7,6300,22.58,0,2
13,13,8,6300,23.39,0,2
13,13,9,6300,26.81,0,2
13,13,10,6300,29.84,0,2
13,13,11,6300,29.43,0,2
13,13,12,6300,29.43,0,2
13,13,13,6300,28.83,0,2
13,14,1,6300,20.16,0,2
13,14,2,6300,18.35,0,2
13,14,3,6300,17.94,0,2
13,14,4,6300,18.35,0,2
13,14,5,6300,19.56,0,2
13,14,6,6300,20.76,0,2
13,14,7,6300,18.95,0,2
13,14,8,6300,19.96,0,2
13,14,9,6300,23.39,0,2
13,14,10,6300,27.82,0,2
13,14,11,6300,30.44,0,2
13,14,12,6300,30.84,0,2
13,14,13,6300,28.83,0,2
13,15,1,6300,20.36,0,2
13,15,2,6300,19.35,0,2
13,15,3,6300,17.54,0,2
13,15,4,6300,16.93,0,2
13,15,5,6300,17.34,0,2
13,15,6,6300,17.54,0,2
13,15,7,6300,17.14,0,2
13,15,8,6300,18.55,0,2
13,15,9,6300,20.36,0,2
13,15,10,6300,24.19,0,2
13,15,11,6300,26.21,0,2
13,15,12,6300,26.21,0,2
13,15,13,6300,26.21,0,2
13,16,1,6300,19.76,0,2
13,16,2,6300,19.35,0,2
13,16,3,6300,18.14,0,2
13,16,4,6300,19.35,0,2
13,16,5,6300,15.93,0,2
13,16,6,6300,16.73,0,2
13,16,7,6300,17.54,0,2
13,16,8,6300,19.35,0,2
13,16,9,6300,16.73,0,2
13,16,10,6300,20.56,0,2
13,16,11,6300,21.77,0,2
13,16,12,6300,22.38,0,2
13,16,13,6300,23.18,0,2
13,17,1,6300,18.95,0,2
13,17,2,6300,18.95,0,2
13,17,3,6300,17.94,0,2
13,17,4,6300,17.54,0,2
13,17,5,6300,17.54,0,2
13,17,6,6300,17.74,0,2
13,17,7,6300,18.95,0,2
13,17,8,6300,20.76,0,2
13,17,9,6300,23.18,0,2
13,17,10,6300,22.98,0,2
13,17,11,6300,22.78,0,2
13,17,12,6300,23.59,0,2
13,17,13,6300,23.39,0,2
13,18,1,6300,15.32,0,2
13,18,2,6300,15.72,0,2
13,18,3,6300,14.92,0,2
13,18,4,6300,14.92,0,2
13,18,5,6300,16.33,0,2
13,18,6,6300,17.54,0,2
13,18,7,6300,17.34,0,2
13,18,8,6300,21.97,0,2
13,18,9,6300,24.19,0,2
13,18,10,6300,23.79,0,2
13,18,11,6300,24.6,0,2
13,18,12,6300,24.6,0,2
13,18,13,6300,22.58,0,2
13,19,1,6300,16.73,0,2
13,19,2,6300,16.33,0,2
13,19,3,6300,15.72,0,2
13,19,4,6300,15.93,0,2
13,19,5,6300,16.93,0,2
13,19,6,6300,18.14,0,2
13,19,7,6300,18.14,0,2
13,19,8,6300,22.38,0,2
13,19,9,6300,25,0,2
13,19,10,6300,25.6,0,2
13,19,11,6300,25.4,0,2
13,19,12,6300,24.8,0,2
13,19,13,6300,23.99,0,2
13,20,1,6300,17.74,0,2
13,20,2,6300,16.93,0,2
13,20,3,6300,16.73,0,2
13,20,4,6300,17.74,0,2
13,20,5,6300,19.15,0,2
13,20,6,6300,20.16,0,2
13,20,7,6300,21.17,0,2
13,20,8,6300,25,0,2
13,20,9,6300,26.41,0,2
13,20,10,6300,26.21,0,2
13,20,11,6300,23.59,0,2
13,20,12,6300,24.39,0,2
13,20,13,6300,24.39,0,2
13,21,1,6300,17.34,0,2
13,21,2,6300,16.73,0,2
13,21,3,6300,17.54,0,2
13,21,4,6300,19.56,0,2
13,21,5,6300,20.36,0,2
13,21,6,6300,21.57,0,2
13,21,7,6300,22.18,0,2
13,21,8,6300,23.99,0,2
13,21,9,6300,25.2,0,2
13,21,10,6300,26.01,0,2
13,21,11,6300,24.39,0,2
13,21,12,6300,24.6,0,2
13,21,13,6300,24.8,0,2
13,22,1,6300,15.72,0,2
13,22,2,6300,15.72,0,2
13,22,3,6300,17.34,0,2
13,22,4,6300,19.56,0,2
13,22,5,6300,21.17,0,2
13,22,6,6300,23.39,0,2
13,22,7,6300,23.59,0,2
13,22,8,6300,23.99,0,2
13,22,9,6300,24.19,0,2
13,22,10,6300,25.2,0,2
13,22,11,6300,24.19,0,2
13,22,12,6300,22.38,0,2
13,22,13,6300,22.98,0,2
13,23,1,6300,16.73,0,2
13,23,2,6300,16.93,0,2
13,23,3,6300,18.14,0,2
13,23,4,6300,19.96,0,2
13,23,5,6300,20.76,0,2
13,23,6,6300,21.37,0,2
13,23,7,6300,21.97,0,2
13,23,8,6300,22.58,0,2
13,23,9,6300,22.38,0,2
13,23,10,6300,22.78,0,2
13,23,11,6300,22.38,0,2
13,23,12,6300,21.97,0,2
13,23,13,6300,22.78,0,2
13,24,1,6300,18.55,0,2
13,24,2,6300,18.75,0,2
13,24,3,6300,18.75,0,2
13,24,4,6300,18.55,0,2
13,24,5,6300,19.35,0,2
13,24,6,6300,17.54,0,2
13,24,7,6300,18.95,0,2
13,24,8,6300,19.76,0,2
13,24,9,6300,18.55,0,2
13,24,10,6300,20.76,0,2
13,24,11,6300,20.56,0,2
13,24,12,6300,21.17,0,2
13,24,13,6300,23.39,0,2
13,25,1,6300,18.95,0,2
13,25,2,6300,19.35,0,2
13,25,3,6300,20.97,0,2
13,25,4,6300,21.17,0,2
13,25,5,6300,19.76,0,2
13,25,6,6300,19.76,0,2
13,25,7,6300,20.97,0,2
13,25,8,6300,20.76,0,2
13,25,9,6300,20.16,0,2
13,25,10,6300,20.56,0,2
13,25,11,6300,20.76,0,2
13,25,12,6300,21.97,0,2
13,25,13,6300,23.59,0,2
13,26,1,6300,21.17,0,2
13,26,2,6300,21.57,0,2
13,26,3,6300,22.98,0,2
13,26,4,6300,23.39,0,2
13,26,5,6300,22.78,0,2
13,26,6,6300,22.38,0,2
13,26,7,6300,22.58,0,2
13,26,8,6300,21.57,0,2
13,26,9,6300,20.97,0,2
13,26,10,6300,21.57,0,2
13,26,11,6300,22.98,0,2
13,26,12,6300,24.6,0,2
13,26,13,6300,27.01,0,2
13,27,1,6300,26.61,0,2
13,27,2,6300,26.61,0,2
13,27,3,6300,27.01,0,2
13,27,4,6300,26.61,0,2
13,27,5,6300,25.4,0,2
13,27,6,6300,25.6,0,2
13,27,7,6300,25.2,0,2
13,27,8,6300,23.99,0,2
13,27,9,6300,23.18,0,2
13,27,10,6300,23.99,0,2
13,27,11,6300,25.6,0,2
13,27,12,6300,26.61,0,2
13,27,13,6300,27.82,0,2
13,28,1,6300,32.05,0,2
13,28,2,6300,30.44,0,2
13,28,3,6300,29.03,0,2
13,28,4,6300,29.23,0,2
13,28,5,6300,29.03,0,2
13,28,6,6300,28.63,0,2
13,28,7,6300,27.42,0,2
13,28,8,6300,26.61,0,2
13,28,9,6300,25.4,0,2
13,28,10,6300,27.01,0,2
13,28,11,6300,27.62,0,2
13,28,12,6300,27.42,0,2
13,28,13,6300,27.01,0,2
13,29,1,6300,32.46,0,2
13,29,2,6300,32.66,0,2
13,29,3,6300,32.86,0,2
13,29,4,6300,32.86,0,2
13,29,5,6300,32.05,0,2
13,29,6,6300,31.45,0,2
13,29,7,6300,30.64,0,2
13,29,8,6300,30.64,0,2
13,29,9,6300,31.25,0,2
13,29,10,6300,32.66,0,2
13,29,11,6300,33.06,0,2
13,29,12,6300,33.06,0,2
13,29,13,6300,32.46,0,2
13,30,1,6300,33.87,0,2
13,30,2,6300,35.88,0,2
13,30,3,6300,36.89,0,2
13,30,4,6300,38.3,0,2
13,30,5,6300,38.51,0,2
13,30,6,6300,36.89,0,2
13,30,7,6300,35.68,0,2
13,30,8,6300,36.89,0,2
13,30,9,6300,38.71,0,2
13,30,10,6300,41.13,0,2
13,30,11,6300,42.54,0,2
13,30,12,6300,43.75,0,2
13,30,13,6300,40.72,0,2
13,31,1,6300,34.47,0,2
13,31,2,6300,35.68,0,2
13,31,3,6300,36.69,0,2
13,31,4,6300,38.71,0,2
13,31,5,6300,38.91,0,2
13,31,6,6300,39.11,0,2
13,31,7,6300,37.09,0,2
13,31,8,6300,36.89,0,2
13,31,9,6300,37.09,0,2
13,31,10,6300,39.51,0,2
13,31,11,6300,39.92,0,2
13,31,12,6300,41.33,0,2
13,31,13,6300,41.53,0,2
13,32,1,6300,30.44,0,2
13,32,2,6300,33.87,0,2
13,32,3,6300,33.47,0,2
13,32,4,6300,34.47,0,2
13,32,5,6300,39.92,0,2
13,32,6,6300,41.53,0,2
13,32,7,6300,40.32,0,2
13,32,8,6300,37.9,0,2
13,32,9,6300,34.88,0,2
13,32,10,6300,33.47,0,2
13,32,11,6300,33.26,0,2
13,32,12,6300,34.27,0,2
13,32,13,6300,36.09,0,2
13,33,1,6300,30.44,0,2
13,33,2,6300,30.64,0,2
13,33,3,6300,30.64,0,2
13,33,4,6300,31.05,0,2
13,33,5,6300,33.26,0,2
13,33,6,6300,34.68,0,2
13,33,7,6300,31.25,0,2
13,33,8,6300,30.04,0,2
13,33,9,6300,28.43,0,2
13,33,10,6300,28.22,0,2
13,33,11,6300,27.82,0,2
13,33,12,6300,30.64,0,2
13,33,13,6300,31.25,0,2
13,34,1,6300,21.57,0,2
13,34,2,6300,22.38,0,2
13,34,3,6300,21.57,0,2
13,34,4,6300,21.17,0,2
13,34,5,6300,22.78,0,2
13,34,6,6300,23.59,0,2
13,34,7,6300,21.97,0,2
13,34,8,6300,20.36,0,2
13,34,9,6300,20.16,0,2
13,34,10,6300,21.57,0,2
13,34,11,6300,23.39,0,2
13,34,12,6300,24.19,0,2
13,34,13,6300,25.4,0,2
13,35,1,6300,16.13,0,2
13,35,2,6300,15.52,0,2
13,35,3,6300,14.31,0,2
13,35,4,6300,13.51,0,2
13,35,5,6300,14.92,0,2
13,35,6,6300,15.52,0,2
13,35,7,6300,15.32,0,2
13,35,8,6300,14.72,0,2
13,35,9,6300,15.72,0,2
13,35,10,6300,17.14,0,2
13,35,11,6300,19.56,0,2
13,35,12,6300,20.56,0,2
13,35,13,6300,21.57,0,2
13,36,1,6300,12.7,0,1
13,36,2,6300,12.3,0,1
13,36,3,6300,11.09,0,1
13,36,4,6300,10.68,0,2
13,36,5,6300,12.3,0,1
13,36,6,6300,17.74,0,1
13,36,7,6300,11.29,0,1
13,36,8,6300,10.89,0,1
13,36,9,6300,11.89,0,2
13,36,10,6300,13.71,0,2
13,36,11,6300,15.52,0,2
13,36,12,6300,17.14,0,2
13,36,13,6300,18.95,0,2
13,37,1,6300,10.08,0,1
13,37,2,6300,10.08,0,1
13,37,3,6300,9.27,0,1
13,37,4,6300,9.68,0,2
13,37,5,6300,10.48,0,1
13,37,6,6300,11.09,0,1
13,37,7,6300,10.28,0,1
13,37,8,6300,10.68,0,1
13,37,9,6300,12.7,0,2
13,37,10,6300,13.71,0,2
13,37,11,6300,15.72,0,2
13,37,12,6300,15.93,0,2
13,37,13,6300,16.53,0,2
13,38,1,6300,9.68,0,1
13,38,2,6300,9.48,0,1
13,38,3,6300,9.27,0,1
13,38,4,6300,9.48,0,2
13,38,5,6300,8.87,0,2
13,38,6,6300,9.07,0,1
13,38,7,6300,9.88,0,1
13,38,8,6300,11.09,0,1
13,38,9,6300,12.5,0,2
13,38,10,6300,13.51,0,2
13,38,11,6300,13.91,0,2
13,38,12,6300,13.1,0,2
13,38,13,6300,12.5,0,2
13,39,1,6300,10.28,0,1
13,39,2,6300,10.08,0,1
13,39,3,6300,10.08,0,1
13,39,4,6300,9.48,0,2
13,39,5,6300,9.07,0,2
13,39,6,6300,9.27,0,2
13,39,7,6300,9.68,0,1
13,39,8,6300,11.09,0,1
13,39,9,6300,11.69,0,2
13,39,10,6300,12.3,0,2
13,39,11,6300,11.89,0,2
13,39,12,6300,10.48,0,2
13,39,13,6300,9.27,0,2
13,40,1,6300,10.68,0,1
13,40,2,6300,9.88,0,1
13,40,3,6300,9.68,0,2
13,40,4,6300,9.88,0,2
13,40,5,6300,9.07,0,2
13,40,6,6300,8.27,0,2
13,40,7,6300,9.07,0,2
13,40,8,6300,11.29,0,1
13,40,9,6300,11.29,0,2
13,40,10,6300,11.69,0,2
13,40,11,6300,12.9,0,2
13,40,12,6300,11.89,0,2
13,40,13,6300,11.09,0,2
14,1,1,6300,19.96,0,1
14,1,2,6300,20.36,0,2
14,1,3,6300,21.17,0,2
14,1,4,6300,23.18,0,2
14,1,5,6300,22.38,0,2
14,1,6,6300,21.77,0,2
14,1,7,6300,22.98,0,2
14,1,8,6300,25.8,0,2
14,1,9,6300,23.99,0,2
14,1,10,6300,24.8,0,2
14,1,11,6300,30.84,0,2
14,1,12,6300,29.03,0,2
14,1,13,6300,26.21,0,2
14,2,1,6300,20.97,0,1
14,2,2,6300,21.17,0,1
14,2,3,6300,21.77,0,2
14,2,4,6300,23.59,0,2
14,2,5,6300,22.98,0,2
14,2,6,6300,22.18,0,2
14,2,7,6300,21.17,0,2
14,2,8,6300,21.77,0,2
14,2,9,6300,22.98,0,2
14,2,10,6300,24.6,0,2
14,2,11,6300,23.99,0,2
14,2,12,6300,21.97,0,2
14,2,13,6300,24.19,0,1
14,3,1,6300,22.18,0,2
14,3,2,6300,22.98,0,2
14,3,3,6300,21.97,0,2
14,3,4,6300,22.78,0,2
14,3,5,6300,24.19,0,2
14,3,6,6300,25.4,0,2
14,3,7,6300,25.2,0,2
14,3,8,6300,24.39,0,2
14,3,9,6300,25,0,2
14,3,10,6300,26.61,0,2
14,3,11,6300,25.2,0,2
14,3,12,6300,23.99,0,2
14,3,13,6300,24.19,0,2
14,4,1,6300,24.19,0,2
14,4,2,6300,26.01,0,2
14,4,3,6300,26.01,0,2
14,4,4,6300,25.2,0,2
14,4,5,6300,26.41,0,2
14,4,6,6300,31.05,0,2
14,4,7,6300,35.08,0,2
14,4,8,6300,39.51,0,2
14,4,9,6300,39.31,0,2
14,4,10,6300,40.12,0,2
14,4,11,6300,41.93,0,2
14,4,12,6300,37.5,0,2
14,4,13,6300,34.07,0,2
14,5,1,6300,25,0,2
14,5,2,6300,26.01,0,2
14,5,3,6300,26.61,0,2
14,5,4,6300,26.21,0,2
14,5,5,6300,27.22,0,2
14,5,6,6300,31.05,0,2
14,5,7,6300,36.49,0,2
14,5,8,6300,39.51,0,2
14,5,9,6300,40.92,0,2
14,5,10,6300,41.53,0,2
14,5,11,6300,40.52,0,2
14,5,12,6300,39.31,0,2
14,5,13,6300,35.68,0,2
14,6,1,6300,26.41,0,2
14,6,2,6300,26.41,0,2
14,6,3,6300,26.61,0,2
14,6,4,6300,25.8,0,2
14,6,5,6300,26.61,0,2
14,6,6,6300,27.01,0,2
14,6,7,6300,26.81,0,2
14,6,8,6300,28.43,0,2
14,6,9,6300,29.64,0,1
14,6,10,6300,30.04,0,2
14,6,11,6300,30.04,0,2
14,6,12,6300,30.04,0,2
14,6,13,6300,32.26,0,2
14,7,1,6300,26.01,0,2
14,7,2,6300,25.4,0,2
14,7,3,6300,25.2,0,2
14,7,4,6300,23.99,0,2
14,7,5,6300,24.19,0,2
14,7,6,6300,23.79,0,2
14,7,7,6300,23.79,0,2
14,7,8,6300,26.01,0,2
14,7,9,6300,25.6,0,1
14,7,10,6300,26.61,0,1
14,7,11,6300,30.24,0,1
14,7,12,6300,30.64,0,2
14,7,13,6300,26.01,0,1
14,8,1,6300,22.58,0,2
14,8,2,6300,21.17,0,2
14,8,3,6300,27.01,0,2
14,8,4,6300,25,0,2
14,8,5,6300,24.8,0,2
14,8,6,6300,19.96,0,2
14,8,7,6300,21.37,0,2
14,8,8,6300,22.38,0,2
14,8,9,6300,22.38,0,1
14,8,10,6300,25.6,0,1
14,8,11,6300,29.03,0,1
14,8,12,6300,28.43,0,1
14,8,13,6300,23.99,0,1
14,9,1,6300,22.38,0,2
14,9,2,6300,22.58,0,2
14,9,3,6300,22.78,0,2
14,9,4,6300,22.78,0,2
14,9,5,6300,23.59,0,2
14,9,6,6300,22.98,0,2
14,9,7,6300,22.78,0,2
14,9,8,6300,21.57,0,2
14,9,9,6300,23.18,0,2
14,9,10,6300,25,0,1
14,9,11,6300,26.21,0,1
14,9,12,6300,25.2,0,1
14,9,13,6300,22.98,0,2
14,10,1,6300,20.97,0,2
14,10,2,6300,17.34,0,2
14,10,3,6300,16.53,0,2
14,10,4,6300,16.93,0,2
14,10,5,6300,19.35,0,2
14,10,6,6300,20.97,0,2
14,10,7,6300,20.36,0,2
14,10,8,6300,25,0,2
14,10,9,6300,26.01,0,2
14,10,10,6300,24.8,0,2
14,10,11,6300,22.18,0,2
14,10,12,6300,20.76,0,2
14,10,13,6300,21.37,0,2
14,11,1,6300,23.18,0,2
14,11,2,6300,21.17,0,2
14,11,3,6300,19.35,0,2
14,11,4,6300,18.75,0,2
14,11,5,6300,20.56,0,2
14,11,6,6300,21.37,0,2
14,11,7,6300,22.98,0,2
14,11,8,6300,25,0,2
14,11,9,6300,26.01,0,2
14,11,10,6300,25.4,0,2
14,11,11,6300,24.6,0,2
14,11,12,6300,23.39,0,2
14,11,13,6300,22.98,0,2
14,12,1,6300,32.26,0,2
14,12,2,6300,25,0,2
14,12,3,6300,23.18,0,2
14,12,4,6300,22.78,0,2
14,12,5,6300,20.56,0,2
14,12,6,6300,24.8,0,2
14,12,7,6300,28.63,0,2
14,12,8,6300,28.63,0,2
14,12,9,6300,30.64,0,2
14,12,10,6300,32.05,0,2
14,12,11,6300,28.63,0,2
14,12,12,6300,27.42,0,2
14,12,13,6300,31.05,0,2
14,13,1,6300,23.99,0,2
14,13,2,6300,22.58,0,2
14,13,3,6300,21.77,0,2
14,13,4,6300,21.37,0,2
14,13,5,6300,21.57,0,2
14,13,6,6300,22.98,0,2
14,13,7,6300,23.79,0,2
14,13,8,6300,24.19,0,2
14,13,9,6300,26.41,0,2
14,13,10,6300,28.43,0,2
14,13,11,6300,28.02,0,2
14,13,12,6300,27.62,0,2
14,13,13,6300,28.02,0,2
14,14,1,6300,20.16,0,2
14,14,2,6300,19.56,0,2
14,14,3,6300,17.94,0,2
14,14,4,6300,18.75,0,2
14,14,5,6300,21.57,0,2
14,14,6,6300,25.2,0,2
14,14,7,6300,18.55,0,2
14,14,8,6300,18.14,0,2
14,14,9,6300,22.98,0,2
14,14,10,6300,27.42,0,2
14,14,11,6300,30.84,0,2
14,14,12,6300,32.46,0,2
14,14,13,6300,27.01,0,2
14,15,1,6300,19.76,0,2
14,15,2,6300,18.14,0,2
14,15,3,6300,18.14,0,2
14,15,4,6300,17.14,0,2
14,15,5,6300,17.74,0,2
14,15,6,6300,18.75,0,2
14,15,7,6300,18.95,0,2
14,15,8,6300,19.56,0,2
14,15,9,6300,21.37,0,2
14,15,10,6300,23.59,0,2
14,15,11,6300,25.2,0,2
14,15,12,6300,25.2,0,2
14,15,13,6300,25.2,0,2
14,16,1,6300,18.75,0,2
14,16,2,6300,17.34,0,2
14,16,3,6300,17.34,0,2
14,16,4,6300,16.93,0,2
14,16,5,6300,14.72,0,2
14,16,6,6300,16.73,0,2
14,16,7,6300,18.14,0,2
14,16,8,6300,23.59,0,2
14,16,9,6300,22.78,0,2
14,16,10,6300,19.35,0,2
14,16,11,6300,18.75,0,2
14,16,12,6300,18.95,0,2
14,16,13,6300,20.97,0,2
14,17,1,6300,18.14,0,2
14,17,2,6300,17.34,0,2
14,17,3,6300,17.14,0,2
14,17,4,6300,16.53,0,2
14,17,5,6300,16.33,0,2
14,17,6,6300,17.14,0,2
14,17,7,6300,18.35,0,2
14,17,8,6300,21.77,0,2
14,17,9,6300,22.18,0,2
14,17,10,6300,21.57,0,2
14,17,11,6300,21.37,0,2
14,17,12,6300,21.97,0,2
14,17,13,6300,21.97,0,2
14,18,1,6300,13.31,0,2
14,18,2,6300,15.52,0,2
14,18,3,6300,14.72,0,2
14,18,4,6300,14.11,0,2
14,18,5,6300,16.73,0,2
14,18,6,6300,17.74,0,2
14,18,7,6300,15.93,0,2
14,18,8,6300,22.38,0,2
14,18,9,6300,23.79,0,2
14,18,10,6300,23.18,0,2
14,18,11,6300,24.8,0,2
14,18,12,6300,26.01,0,2
14,18,13,6300,21.17,0,2
14,19,1,6300,16.33,0,2
14,19,2,6300,15.72,0,2
14,19,3,6300,15.32,0,2
14,19,4,6300,16.53,0,2
14,19,5,6300,17.54,0,2
14,19,6,6300,19.15,0,2
14,19,7,6300,18.95,0,2
14,19,8,6300,22.38,0,2
14,19,9,6300,24.6,0,2
14,19,10,6300,24.39,0,2
14,19,11,6300,24.39,0,2
14,19,12,6300,24.8,0,2
14,19,13,6300,23.18,0,2
14,20,1,6300,19.35,0,2
14,20,2,6300,17.74,0,2
14,20,3,6300,16.93,0,2
14,20,4,6300,17.54,0,2
14,20,5,6300,20.56,0,2
14,20,6,6300,22.78,0,2
14,20,7,6300,23.99,0,2
14,20,8,6300,24.6,0,2
14,20,9,6300,26.21,0,2
14,20,10,6300,24.8,0,2
14,20,11,6300,22.38,0,2
14,20,12,6300,25,0,2
14,20,13,6300,24.8,0,2
14,21,1,6300,18.35,0,2
14,21,2,6300,17.94,0,2
14,21,3,6300,18.14,0,2
14,21,4,6300,19.35,0,2
14,21,5,6300,21.37,0,2
14,21,6,6300,23.39,0,2
14,21,7,6300,23.99,0,2
14,21,8,6300,25.4,0,2
14,21,9,6300,25.4,0,2
14,21,10,6300,24.6,0,2
14,21,11,6300,22.98,0,2
14,21,12,6300,23.79,0,2
14,21,13,6300,23.99,0,2
14,22,1,6300,18.14,0,2
14,22,2,6300,17.94,0,2
14,22,3,6300,18.75,0,2
14,22,4,6300,21.17,0,2
14,22,5,6300,24.6,0,2
14,22,6,6300,28.83,0,2
14,22,7,6300,26.61,0,2
14,22,8,6300,25,0,2
14,22,9,6300,24.19,0,2
14,22,10,6300,24.6,0,2
14,22,11,6300,25,0,2
14,22,12,6300,19.15,0,2
14,22,13,6300,21.17,0,2
14,23,1,6300,18.75,0,2
14,23,2,6300,19.35,0,2
14,23,3,6300,20.16,0,2
14,23,4,6300,22.38,0,2
14,23,5,6300,23.39,0,2
14,23,6,6300,24.19,0,2
14,23,7,6300,23.99,0,2
14,23,8,6300,22.98,0,2
14,23,9,6300,22.38,0,2
14,23,10,6300,22.38,0,2
14,23,11,6300,21.17,0,2
14,23,12,6300,19.76,0,2
14,23,13,6300,20.76,0,2
14,24,1,6300,20.97,0,2
14,24,2,6300,20.36,0,2
14,24,3,6300,20.76,0,2
14,24,4,6300,21.17,0,2
14,24,5,6300,22.38,0,2
14,24,6,6300,18.95,0,2
14,24,7,6300,19.56,0,2
14,24,8,6300,17.94,0,2
14,24,9,6300,20.36,0,2
14,24,10,6300,19.56,0,2
14,24,11,6300,15.93,0,2
14,24,12,6300,18.14,0,2
14,24,13,6300,22.38,0,2
14,25,1,6300,21.57,0,2
14,25,2,6300,21.77,0,2
14,25,3,6300,22.58,0,2
14,25,4,6300,23.18,0,2
14,25,5,6300,22.38,0,2
14,25,6,6300,21.97,0,2
14,25,7,6300,20.97,0,2
14,25,8,6300,20.56,0,2
14,25,9,6300,19.96,0,2
14,25,10,6300,19.56,0,2
14,25,11,6300,18.55,0,2
14,25,12,6300,19.56,0,2
14,25,13,6300,21.97,0,2
14,26,1,6300,23.99,0,2
14,26,2,6300,25,0,2
14,26,3,6300,25.4,0,2
14,26,4,6300,26.01,0,2
14,26,5,6300,25.6,0,2
14,26,6,6300,25,0,2
14,26,7,6300,22.98,0,2
14,26,8,6300,22.38,0,2
14,26,9,6300,20.97,0,2
14,26,10,6300,20.56,0,2
14,26,11,6300,21.37,0,2
14,26,12,6300,23.79,0,2
14,26,13,6300,30.04,0,2
14,27,1,6300,29.03,0,2
14,27,2,6300,29.03,0,2
14,27,3,6300,27.82,0,2
14,27,4,6300,27.22,0,2
14,27,5,6300,27.01,0,2
14,27,6,6300,26.61,0,2
14,27,7,6300,25.8,0,2
14,27,8,6300,25.2,0,2
14,27,9,6300,23.99,0,2
14,27,10,6300,23.99,0,2
14,27,11,6300,24.8,0,2
14,27,12,6300,25.2,0,2
14,27,13,6300,26.81,0,2
14,28,1,6300,35.68,0,2
14,28,2,6300,31.45,0,2
14,28,3,6300,29.84,0,2
14,28,4,6300,29.03,0,2
14,28,5,6300,27.22,0,2
14,28,6,6300,30.24,0,2
14,28,7,6300,25.2,0,2
14,28,8,6300,26.61,0,2
14,28,9,6300,26.61,0,2
14,28,10,6300,27.62,0,2
14,28,11,6300,31.25,0,2
14,28,12,6300,24.6,0,2
14,28,13,6300,23.39,0,2
14,29,1,6300,33.87,0,2
14,29,2,6300,33.87,0,2
14,29,3,6300,32.86,0,2
14,29,4,6300,32.26,0,2
14,29,5,6300,31.05,0,2
14,29,6,6300,31.65,0,2
14,29,7,6300,30.84,0,2
14,29,8,6300,31.85,0,2
14,29,9,6300,33.47,0,2
14,29,10,6300,35.08,0,2
14,29,11,6300,33.67,0,2
14,29,12,6300,31.85,0,2
14,29,13,6300,29.84,0,2
14,30,1,6300,33.47,0,2
14,30,2,6300,37.3,0,2
14,30,3,6300,38.51,0,2
14,30,4,6300,39.72,0,2
14,30,5,6300,40.32,0,2
14,30,6,6300,37.9,0,2
14,30,7,6300,34.68,0,2
14,30,8,6300,40.12,0,2
14,30,9,6300,42.74,0,2
14,30,10,6300,45.36,0,2
14,30,11,6300,48.18,0,2
14,30,12,6300,45.56,0,2
14,30,13,6300,39.51,0,2
14,31,1,6300,38.71,0,2
14,31,2,6300,38.51,0,2
14,31,3,6300,37.3,0,2
14,31,4,6300,38.3,0,2
14,31,5,6300,38.71,0,2
14,31,6,6300,37.3,0,2
14,31,7,6300,33.87,0,2
14,31,8,6300,34.27,0,2
14,31,9,6300,36.09,0,2
14,31,10,6300,38.3,0,2
14,31,11,6300,37.5,0,2
14,31,12,6300,36.89,0,2
14,31,13,6300,36.09,0,2
14,32,1,6300,35.88,0,2
14,32,2,6300,37.3,0,2
14,32,3,6300,40.12,0,2
14,32,4,6300,37.7,0,2
14,32,5,6300,36.49,0,2
14,32,6,6300,34.27,0,2
14,32,7,6300,31.05,0,2
14,32,8,6300,26.61,0,2
14,32,9,6300,27.01,0,2
14,32,10,6300,28.83,0,2
14,32,11,6300,26.01,0,2
14,32,12,6300,28.63,0,2
14,32,13,6300,30.24,0,2
14,33,1,6300,30.64,0,2
14,33,2,6300,31.85,0,2
14,33,3,6300,30.84,0,2
14,33,4,6300,30.84,0,2
14,33,5,6300,31.45,0,2
14,33,6,6300,30.44,0,2
14,33,7,6300,26.41,0,2
14,33,8,6300,24.39,0,2
14,33,9,6300,23.39,0,2
14,33,10,6300,24.39,0,2
14,33,11,6300,24.6,0,2
14,33,12,6300,26.21,0,2
14,33,13,6300,26.61,0,2
14,34,1,6300,22.78,0,2
14,34,2,6300,22.18,0,2
14,34,3,6300,20.97,0,2
14,34,4,6300,19.96,0,1
14,34,5,6300,20.97,0,2
14,34,6,6300,20.76,0,2
14,34,7,6300,17.74,0,2
14,34,8,6300,14.52,0,2
14,34,9,6300,15.32,0,2
14,34,10,6300,17.34,0,2
14,34,11,6300,19.96,0,2
14,34,12,6300,19.56,0,2
14,34,13,6300,22.58,0,2
14,35,1,6300,14.52,0,1
14,35,2,6300,13.71,0,1
14,35,3,6300,12.9,0,1
14,35,4,6300,11.69,0,1
14,35,5,6300,12.5,0,1
14,35,6,6300,12.9,0,2
14,35,7,6300,11.29,0,2
14,35,8,6300,11.09,0,2
14,35,9,6300,12.1,0,2
14,35,10,6300,13.91,0,2
14,35,11,6300,17.14,0,2
14,35,12,6300,18.35,0,2
14,35,13,6300,20.56,0,2
14,36,1,6300,9.27,0,1
14,36,2,6300,9.68,0,1
14,36,3,6300,7.66,0,1
14,36,4,6300,3.83,0,1
14,36,5,6300,7.46,0,1
14,36,6,6300,7.66,0,1
14,36,7,6300,6.85,0,1
14,36,8,6300,7.86,0,1
14,36,9,6300,9.27,0,2
14,36,10,6300,10.68,0,2
14,36,11,6300,12.7,0,2
14,36,12,6300,16.73,0,2
14,36,13,6300,25,0,2
14,37,1,6300,9.27,0,1
14,37,2,6300,9.07,0,1
14,37,3,6300,8.06,0,1
14,37,4,6300,7.86,0,1
14,37,5,6300,8.47,0,1
14,37,6,6300,8.87,0,1
14,37,7,6300,8.67,0,1
14,37,8,6300,9.27,0,1
14,37,9,6300,10.68,0,1
14,37,10,6300,12.3,0,2
14,37,11,6300,14.11,0,2
14,37,12,6300,15.32,0,2
14,37,13,6300,15.93,0,2
14,38,1,6300,9.07,0,1
14,38,2,6300,8.87,0,1
14,38,3,6300,8.87,0,1
14,38,4,6300,8.06,0,1
14,38,5,6300,9.27,0,1
14,38,6,6300,9.07,0,1
14,38,7,6300,9.48,0,1
14,38,8,6300,10.08,0,1
14,38,9,6300,11.29,0,1
14,38,10,6300,12.5,0,2
14,38,11,6300,13.31,0,2
14,38,12,6300,12.9,0,2
14,38,13,6300,12.3,0,2
14,39,1,6300,9.48,0,1
14,39,2,6300,9.27,0,1
14,39,3,6300,9.27,0,1
14,39,4,6300,9.27,0,2
14,39,5,6300,9.48,0,2
14,39,6,6300,9.48,0,2
14,39,7,6300,10.08,0,1
14,39,8,6300,11.09,0,1
14,39,9,6300,11.49,0,1
14,39,10,6300,12.1,0,2
14,39,11,6300,12.7,0,2
14,39,12,6300,12.3,0,2
14,39,13,6300,11.69,0,2
14,40,1,6300,11.29,0,1
14,40,2,6300,9.48,0,1
14,40,3,6300,9.27,0,1
14,40,4,6300,9.88,0,2
14,40,5,6300,10.48,0,2
14,40,6,6300,8.06,0,2
14,40,7,6300,9.68,0,2
14,40,8,6300,12.5,0,1
14,40,9,6300,12.1,0,1
14,40,10,6300,11.69,0,1
14,40,11,6300,13.91,0,1
14,40,12,6300,14.11,0,2
14,40,13,6300,11.29,0,2
15,1,1,6300,20.76,0,1
15,1,2,6300,21.37,0,2
15,1,3,6300,21.17,0,2
15,1,4,6300,23.39,0,2
15,1,5,6300,25.4,0,2
15,1,6,6300,31.25,0,2
15,1,7,6300,29.43,0,2
15,1,8,6300,29.64,0,2
15,1,9,6300,32.66,0,2
15,1,10,6300,32.26,0,2
15,1,11,6300,41.53,0,2
15,1,12,6300,40.52,0,2
15,1,13,6300,36.89,0,2
15,2,1,6300,21.57,0,1
15,2,2,6300,22.18,0,2
15,2,3,6300,22.58,0,2
15,2,4,6300,23.39,0,2
15,2,5,6300,26.81,0,2
15,2,6,6300,28.83,0,2
15,2,7,6300,33.67,0,2
15,2,8,6300,33.67,0,2
15,2,9,6300,36.69,0,2
15,2,10,6300,37.5,0,2
15,2,11,6300,43.34,0,2
15,2,12,6300,45.56,0,2
15,2,13,6300,44.76,0,2
15,3,1,6300,23.39,0,1
15,3,2,6300,23.39,0,2
15,3,3,6300,23.59,0,2
15,3,4,6300,25.4,0,2
15,3,5,6300,27.82,0,2
15,3,6,6300,32.05,0,2
15,3,7,6300,39.51,0,2
15,3,8,6300,42.94,0,2
15,3,9,6300,47.58,0,2
15,3,10,6300,46.17,0,2
15,3,11,6300,54.03,0,2
15,3,12,6300,60.48,0,2
15,3,13,6300,63.91,0,2
15,4,1,6300,23.59,0,2
15,4,2,6300,23.79,0,2
15,4,3,6300,23.99,0,2
15,4,4,6300,25.4,0,2
15,4,5,6300,29.43,0,2
15,4,6,6300,41.93,0,2
15,4,7,6300,53.63,0,2
15,4,8,6300,63.3,0,2
15,4,9,6300,67.74,0,2
15,4,10,6300,70.96,0,2
15,4,11,6300,56.25,0,2
15,4,12,6300,51,0,2
15,4,13,6300,51,0,2
15,5,1,6300,26.61,0,2
15,5,2,6300,28.22,0,2
15,5,3,6300,28.63,0,2
15,5,4,6300,29.03,0,2
15,5,5,6300,31.25,0,2
15,5,6,6300,38.3,0,2
15,5,7,6300,46.77,0,2
15,5,8,6300,52.42,0,2
15,5,9,6300,56.04,0,2
15,5,10,6300,55.44,0,2
15,5,11,6300,46.77,0,2
15,5,12,6300,41.13,0,2
15,5,13,6300,39.92,0,2
15,6,1,6300,25.2,0,2
15,6,2,6300,25.2,0,2
15,6,3,6300,25,0,2
15,6,4,6300,24.8,0,2
15,6,5,6300,25.6,0,2
15,6,6,6300,27.42,0,2
15,6,7,6300,30.64,0,1
15,6,8,6300,33.26,0,1
15,6,9,6300,34.27,0,1
15,6,10,6300,35.08,0,2
15,6,11,6300,34.47,0,2
15,6,12,6300,31.85,0,2
15,6,13,6300,30.44,0,2
15,7,1,6300,25.2,0,2
15,7,2,6300,25,0,2
15,7,3,6300,22.18,0,2
15,7,4,6300,19.15,0,2
15,7,5,6300,20.16,0,2
15,7,6,6300,18.35,0,1
15,7,7,6300,20.16,0,1
15,7,8,6300,22.98,0,1
15,7,9,6300,26.41,0,1
15,7,10,6300,29.43,0,1
15,7,11,6300,29.23,0,1
15,7,12,6300,28.22,0,2
15,7,13,6300,25.6,0,2
15,8,1,6300,22.78,0,2
15,8,2,6300,21.77,0,2
15,8,3,6300,20.16,0,2
15,8,4,6300,17.54,0,2
15,8,5,6300,17.94,0,2
15,8,6,6300,18.55,0,2
15,8,7,6300,18.55,0,1
15,8,8,6300,19.35,0,1
15,8,9,6300,22.98,0,1
15,8,10,6300,25.8,0,1
15,8,11,6300,27.42,0,1
15,8,12,6300,24.6,0,2
15,8,13,6300,21.77,0,2
15,9,1,6300,20.16,0,2
15,9,2,6300,20.56,0,2
15,9,3,6300,19.56,0,2
15,9,4,6300,18.55,0,2
15,9,5,6300,18.95,0,2
15,9,6,6300,18.55,0,2
15,9,7,6300,18.35,0,2
15,9,8,6300,19.15,0,2
15,9,9,6300,24.19,0,2
15,9,10,6300,25.4,0,1
15,9,11,6300,25.2,0,2
15,9,12,6300,23.18,0,2
15,9,13,6300,20.56,0,2
15,10,1,6300,20.76,0,2
15,10,2,6300,20.16,0,2
15,10,3,6300,18.75,0,2
15,10,4,6300,18.55,0,2
15,10,5,6300,19.76,0,2
15,10,6,6300,19.15,0,2
15,10,7,6300,19.56,0,2
15,10,8,6300,20.76,0,2
15,10,9,6300,21.57,0,2
15,10,10,6300,23.18,0,1
15,10,11,6300,23.59,0,2
15,10,12,6300,22.18,0,2
15,10,13,6300,20.76,0,2
15,11,1,6300,24.8,0,2
15,11,2,6300,21.57,0,2
15,11,3,6300,17.94,0,2
15,11,4,6300,16.53,0,2
15,11,5,6300,18.14,0,2
15,11,6,6300,18.55,0,2
15,11,7,6300,19.96,0,2
15,11,8,6300,20.76,0,2
15,11,9,6300,21.77,0,2
15,11,10,6300,22.78,0,1
15,11,11,6300,23.39,0,2
15,11,12,6300,22.98,0,2
15,11,13,6300,19.35,0,2
15,12,1,6300,22.58,0,2
15,12,2,6300,21.57,0,2
15,12,3,6300,19.56,0,2
15,12,4,6300,18.75,0,2
15,12,5,6300,19.96,0,2
15,12,6,6300,20.56,0,2
15,12,7,6300,21.77,0,2
15,12,8,6300,22.18,0,2
15,12,9,6300,22.78,0,2
15,12,10,6300,23.18,0,2
15,12,11,6300,23.39,0,2
15,12,12,6300,23.79,0,2
15,12,13,6300,22.58,0,2
15,13,1,6300,18.75,0,2
15,13,2,6300,18.75,0,2
15,13,3,6300,19.15,0,2
15,13,4,6300,19.15,0,2
15,13,5,6300,20.56,0,2
15,13,6,6300,21.77,0,2
15,13,7,6300,21.97,0,2
15,13,8,6300,21.57,0,2
15,13,9,6300,22.18,0,2
15,13,10,6300,22.98,0,2
15,13,11,6300,23.39,0,2
15,13,12,6300,24.19,0,2
15,13,13,6300,26.61,0,2
15,14,1,6300,19.35,0,2
15,14,2,6300,18.55,0,2
15,14,3,6300,19.35,0,2
15,14,4,6300,18.75,0,2
15,14,5,6300,20.16,0,2
15,14,6,6300,20.76,0,2
15,14,7,6300,21.57,0,2
15,14,8,6300,21.57,0,2
15,14,9,6300,22.38,0,2
15,14,10,6300,23.79,0,2
15,14,11,6300,24.8,0,2
15,14,12,6300,25,0,2
15,14,13,6300,26.21,0,2
15,15,1,6300,16.13,0,2
15,15,2,6300,17.74,0,2
15,15,3,6300,18.35,0,2
15,15,4,6300,16.93,0,2
15,15,5,6300,17.34,0,2
15,15,6,6300,19.15,0,2
15,15,7,6300,20.36,0,2
15,15,8,6300,21.57,0,2
15,15,9,6300,22.18,0,2
15,15,10,6300,22.78,0,2
15,15,11,6300,23.99,0,2
15,15,12,6300,22.78,0,2
15,15,13,6300,22.78,0,2
15,16,1,6300,16.93,0,2
15,16,2,6300,15.93,0,2
15,16,3,6300,16.33,0,2
15,16,4,6300,14.52,0,2
15,16,5,6300,15.32,0,2
15,16,6,6300,17.14,0,2
15,16,7,6300,19.76,0,2
15,16,8,6300,20.76,0,2
15,16,9,6300,21.37,0,2
15,16,10,6300,21.17,0,2
15,16,11,6300,22.38,0,2
15,16,12,6300,19.76,0,2
15,16,13,6300,20.36,0,2
15,17,1,6300,16.73,0,2
15,17,2,6300,16.53,0,2
15,17,3,6300,16.73,0,2
15,17,4,6300,17.54,0,2
15,17,5,6300,17.74,0,2
15,17,6,6300,18.75,0,2
15,17,7,6300,19.56,0,2
15,17,8,6300,21.17,0,2
15,17,9,6300,22.18,0,2
15,17,10,6300,21.97,0,2
15,17,11,6300,22.98,0,2
15,17,12,6300,23.39,0,2
15,17,13,6300,23.18,0,2
15,18,1,6300,17.74,0,2
15,18,2,6300,16.93,0,2
15,18,3,6300,16.73,0,2
15,18,4,6300,17.54,0,2
15,18,5,6300,18.55,0,2
15,18,6,6300,19.35,0,2
15,18,7,6300,19.76,0,2
15,18,8,6300,21.37,0,2
15,18,9,6300,22.58,0,2
15,18,10,6300,22.58,0,2
15,18,11,6300,23.59,0,2
15,18,12,6300,24.6,0,2
15,18,13,6300,23.99,0,2
15,19,1,6300,18.95,0,2
15,19,2,6300,17.94,0,2
15,19,3,6300,17.54,0,2
15,19,4,6300,18.14,0,2
15,19,5,6300,19.35,0,2
15,19,6,6300,21.57,0,2
15,19,7,6300,21.17,0,2
15,19,8,6300,22.78,0,2
15,19,9,6300,24.39,0,2
15,19,10,6300,24.39,0,2
15,19,11,6300,24.39,0,2
15,19,12,6300,23.99,0,2
15,19,13,6300,24.19,0,2
15,20,1,6300,18.55,0,2
15,20,2,6300,17.94,0,2
15,20,3,6300,17.94,0,2
15,20,4,6300,18.75,0,2
15,20,5,6300,20.36,0,2
15,20,6,6300,22.18,0,2
15,20,7,6300,22.78,0,2
15,20,8,6300,23.79,0,2
15,20,9,6300,24.8,0,2
15,20,10,6300,24.19,0,2
15,20,11,6300,25.2,0,2
15,20,12,6300,25,0,2
15,20,13,6300,25,0,2
15,21,1,6300,18.95,0,2
15,21,2,6300,17.54,0,2
15,21,3,6300,18.14,0,2
15,21,4,6300,19.96,0,2
15,21,5,6300,21.37,0,2
15,21,6,6300,22.98,0,2
15,21,7,6300,23.99,0,2
15,21,8,6300,25.2,0,2
15,21,9,6300,23.99,0,2
15,21,10,6300,22.78,0,2
15,21,11,6300,23.39,0,2
15,21,12,6300,24.6,0,2
15,21,13,6300,25.4,0,2
15,22,1,6300,17.54,0,2
15,22,2,6300,17.14,0,2
15,22,3,6300,18.55,0,2
15,22,4,6300,20.56,0,2
15,22,5,6300,21.97,0,2
15,22,6,6300,23.99,0,2
15,22,7,6300,24.19,0,2
15,22,8,6300,24.39,0,2
15,22,9,6300,23.39,0,2
15,22,10,6300,22.38,0,2
15,22,11,6300,21.97,0,2
15,22,12,6300,22.58,0,2
15,22,13,6300,22.38,0,2
15,23,1,6300,17.74,0,2
15,23,2,6300,17.94,0,2
15,23,3,6300,19.96,0,2
15,23,4,6300,21.77,0,2
15,23,5,6300,23.39,0,2
15,23,6,6300,23.79,0,2
15,23,7,6300,24.19,0,2
15,23,8,6300,23.18,0,2
15,23,9,6300,21.77,0,2
15,23,10,6300,20.56,0,2
15,23,11,6300,19.35,0,2
15,23,12,6300,19.35,0,2
15,23,13,6300,19.76,0,2
15,24,1,6300,20.56,0,2
15,24,2,6300,20.97,0,2
15,24,3,6300,22.58,0,2
15,24,4,6300,24.6,0,2
15,24,5,6300,27.22,0,2
15,24,6,6300,24.39,0,2
15,24,7,6300,22.98,0,2
15,24,8,6300,21.97,0,2
15,24,9,6300,20.76,0,2
15,24,10,6300,19.76,0,2
15,24,11,6300,17.54,0,2
15,24,12,6300,16.33,0,2
15,24,13,6300,16.93,0,2
15,25,1,6300,23.59,0,2
15,25,2,6300,25.2,0,2
15,25,3,6300,27.42,0,2
15,25,4,6300,28.83,0,2
15,25,5,6300,28.43,0,2
15,25,6,6300,27.22,0,2
15,25,7,6300,24.19,0,2
15,25,8,6300,22.58,0,2
15,25,9,6300,20.56,0,2
15,25,10,6300,19.15,0,2
15,25,11,6300,18.14,0,2
15,25,12,6300,18.35,0,2
15,25,13,6300,18.55,0,2
15,26,1,6300,25.8,0,2
15,26,2,6300,27.22,0,2
15,26,3,6300,27.82,0,2
15,26,4,6300,28.63,0,2
15,26,5,6300,29.03,0,2
15,26,6,6300,27.62,0,2
15,26,7,6300,26.01,0,2
15,26,8,6300,25,0,2
15,26,9,6300,22.98,0,2
15,26,10,6300,21.97,0,2
15,26,11,6300,21.57,0,2
15,26,12,6300,21.97,0,2
15,26,13,6300,22.58,0,2
15,27,1,6300,28.83,0,2
15,27,2,6300,28.43,0,2
15,27,3,6300,27.62,0,2
15,27,4,6300,27.62,0,2
15,27,5,6300,28.22,0,2
15,27,6,6300,31.25,0,2
15,27,7,6300,32.66,0,2
15,27,8,6300,30.64,0,2
15,27,9,6300,28.02,0,2
15,27,10,6300,26.81,0,2
15,27,11,6300,26.81,0,2
15,27,12,6300,27.62,0,2
15,27,13,6300,25.6,0,2
15,28,1,6300,33.47,0,2
15,28,2,6300,33.06,0,2
15,28,3,6300,31.45,0,2
15,28,4,6300,28.43,0,2
15,28,5,6300,28.22,0,2
15,28,6,6300,30.84,0,2
15,28,7,6300,32.46,0,2
15,28,8,6300,32.26,0,2
15,28,9,6300,31.65,0,2
15,28,10,6300,32.05,0,2
15,28,11,6300,31.85,0,2
15,28,12,6300,29.64,0,2
15,28,13,6300,27.82,0,2
15,29,1,6300,32.46,0,2
15,29,2,6300,33.06,0,2
15,29,3,6300,32.05,0,2
15,29,4,6300,31.65,0,2
15,29,5,6300,32.05,0,2
15,29,6,6300,32.05,0,2
15,29,7,6300,31.65,0,2
15,29,8,6300,33.47,0,2
15,29,9,6300,36.09,0,2
15,29,10,6300,37.3,0,2
15,29,11,6300,35.48,0,2
15,29,12,6300,34.07,0,2
15,29,13,6300,33.67,0,2
15,30,1,6300,34.27,0,2
15,30,2,6300,35.08,0,2
15,30,3,6300,33.87,0,2
15,30,4,6300,33.87,0,2
15,30,5,6300,33.26,0,2
15,30,6,6300,32.46,0,2
15,30,7,6300,31.65,0,2
15,30,8,6300,33.26,0,2
15,30,9,6300,36.49,0,2
15,30,10,6300,38.1,0,2
15,30,11,6300,36.29,0,2
15,30,12,6300,35.28,0,2
15,30,13,6300,34.88,0,2
15,31,1,6300,39.92,0,2
15,31,2,6300,38.1,0,2
15,31,3,6300,36.69,0,2
15,31,4,6300,35.88,0,1
15,31,5,6300,35.08,0,2
15,31,6,6300,33.87,0,2
15,31,7,6300,31.05,0,2
15,31,8,6300,31.45,0,2
15,31,9,6300,33.26,0,2
15,31,10,6300,33.47,0,2
15,31,11,6300,32.46,0,1
15,31,12,6300,31.25,0,2
15,31,13,6300,30.84,0,1
15,32,1,6300,31.85,0,1
15,32,2,6300,37.7,0,2
15,32,3,6300,36.29,0,2
15,32,4,6300,33.06,0,1
15,32,5,6300,33.26,0,1
15,32,6,6300,33.06,0,1
15,32,7,6300,31.85,0,1
15,32,8,6300,30.44,0,1
15,32,9,6300,29.64,0,1
15,32,10,6300,28.22,0,1
15,32,11,6300,27.01,0,1
15,32,12,6300,25.4,0,1
15,32,13,6300,24.8,0,1
15,33,1,6300,27.42,0,1
15,33,2,6300,28.83,0,1
15,33,3,6300,28.43,0,1
15,33,4,6300,28.43,0,1
15,33,5,6300,27.42,0,1
15,33,6,6300,24.8,0,1
15,33,7,6300,22.38,0,1
15,33,8,6300,19.15,0,2
15,33,9,6300,18.95,0,1
15,33,10,6300,19.56,0,1
15,33,11,6300,19.76,0,1
15,33,12,6300,21.17,0,1
15,33,13,6300,23.18,0,2
15,34,1,6300,16.73,0,1
15,34,2,6300,17.94,0,1
15,34,3,6300,18.35,0,1
15,34,4,6300,18.35,0,1
15,34,5,6300,18.55,0,1
15,34,6,6300,18.14,0,1
15,34,7,6300,15.93,0,1
15,34,8,6300,15.12,0,2
15,34,9,6300,14.72,0,2
15,34,10,6300,16.13,0,2
15,34,11,6300,18.35,0,2
15,34,12,6300,19.56,0,2
15,34,13,6300,21.57,0,2
15,35,1,6300,10.08,0,1
15,35,2,6300,10.68,0,1
15,35,3,6300,11.29,0,1
15,35,4,6300,11.29,0,1
15,35,5,6300,12.3,0,1
15,35,6,6300,11.09,0,1
15,35,7,6300,10.48,0,1
15,35,8,6300,10.68,0,1
15,35,9,6300,11.89,0,1
15,35,10,6300,13.71,0,1
15,35,11,6300,17.14,0,2
15,35,12,6300,17.94,0,2
15,35,13,6300,18.75,0,2
15,36,1,6300,6.45,0,1
15,36,2,6300,6.45,0,1
15,36,3,6300,8.47,0,1
15,36,4,6300,9.07,0,1
15,36,5,6300,9.27,0,1
15,36,6,6300,9.07,0,1
15,36,7,6300,9.07,0,1
15,36,8,6300,9.68,0,1
15,36,9,6300,11.49,0,1
15,36,10,6300,12.5,0,1
15,36,11,6300,14.72,0,1
15,36,12,6300,16.33,0,2
15,36,13,6300,17.54,0,2
15,37,1,6300,8.27,0,1
15,37,2,6300,8.47,0,1
15,37,3,6300,8.47,0,1
15,37,4,6300,8.47,0,1
15,37,5,6300,8.06,0,1
15,37,6,6300,8.67,0,1
15,37,7,6300,8.67,0,1
15,37,8,6300,9.88,0,1
15,37,9,6300,10.68,0,1
15,37,10,6300,11.69,0,1
15,37,11,6300,12.7,0,1
15,37,12,6300,13.51,0,2
15,37,13,6300,14.52,0,2
15,38,1,6300,8.06,0,1
15,38,2,6300,7.86,0,1
15,38,3,6300,8.27,0,1
15,38,4,6300,8.27,0,1
15,38,5,6300,8.47,0,1
15,38,6,6300,8.47,0,1
15,38,7,6300,8.87,0,1
15,38,8,6300,10.28,0,1
15,38,9,6300,10.68,0,1
15,38,10,6300,11.29,0,1
15,38,11,6300,11.69,0,2
15,38,12,6300,11.49,0,2
15,38,13,6300,12.5,0,2
15,39,1,6300,8.27,0,1
15,39,2,6300,8.06,0,1
15,39,3,6300,8.47,0,1
15,39,4,6300,8.67,0,1
15,39,5,6300,9.27,0,1
15,39,6,6300,9.27,0,1
15,39,7,6300,9.68,0,1
15,39,8,6300,10.28,0,1
15,39,9,6300,11.69,0,1
15,39,10,6300,12.3,0,1
15,39,11,6300,12.3,0,2
15,39,12,6300,12.1,0,2
15,39,13,6300,11.89,0,2
15,40,1,6300,8.67,0,1
15,40,2,6300,7.86,0,1
15,40,3,6300,8.27,0,1
15,40,4,6300,10.28,0,2
15,40,5,6300,12.3,0,2
15,40,6,6300,8.27,0,2
15,40,7,6300,9.27,0,2
15,40,8,6300,11.29,0,1
15,40,9,6300,11.69,0,1
15,40,10,6300,11.69,0,1
15,40,11,6300,12.9,0,1
15,40,12,6300,12.7,0,2
15,40,13,6300,12.5,0,2
16,1,1,6300,21.57,0,1
16,1,2,6300,21.57,0,2
16,1,3,6300,22.58,0,2
16,1,4,6300,23.39,0,2
16,1,5,6300,25.8,0,2
16,1,6,6300,27.62,0,2
16,1,7,6300,29.84,0,2
16,1,8,6300,29.23,0,2
16,1,9,6300,34.27,0,2
16,1,10,6300,38.91,0,2
16,1,11,6300,48.99,0,2
16,1,12,6300,44.76,0,2
16,1,13,6300,48.18,0,2
16,2,1,6300,23.18,0,1
16,2,2,6300,23.59,0,2
16,2,3,6300,23.79,0,2
16,2,4,6300,23.79,0,2
16,2,5,6300,25,0,2
16,2,6,6300,28.02,0,2
16,2,7,6300,31.45,0,2
16,2,8,6300,40.32,0,2
16,2,9,6300,44.76,0,2
16,2,10,6300,48.59,0,2
16,2,11,6300,59.88,0,2
16,2,12,6300,63.1,0,2
16,2,13,6300,62.09,0,2
16,3,1,6300,24.19,0,1
16,3,2,6300,24.6,0,2
16,3,3,6300,26.81,0,2
16,3,4,6300,27.01,0,2
16,3,5,6300,30.24,0,2
16,3,6,6300,34.47,0,2
16,3,7,6300,37.3,0,2
16,3,8,6300,48.99,0,2
16,3,9,6300,55.04,0,2
16,3,10,6300,57.46,0,2
16,3,11,6300,71.16,0,2
16,3,12,6300,82.66,0,2
16,3,13,6300,94.55,0,2
16,4,1,6300,24.19,0,2
16,4,2,6300,24.6,0,2
16,4,3,6300,24.6,0,2
16,4,4,6300,26.21,0,2
16,4,5,6300,27.42,0,2
16,4,6,6300,35.48,0,2
16,4,7,6300,44.55,0,2
16,4,8,6300,60.48,0,2
16,4,9,6300,74.39,0,2
16,4,10,6300,83.66,0,2
16,4,11,6300,69.15,0,2
16,4,12,6300,64.51,0,2
16,4,13,6300,62.09,0,2
16,5,1,6300,24.19,0,2
16,5,2,6300,24.19,0,2
16,5,3,6300,23.99,0,2
16,5,4,6300,24.6,0,2
16,5,5,6300,24.6,0,2
16,5,6,6300,30.24,0,2
16,5,7,6300,42.34,0,2
16,5,8,6300,48.18,0,2
16,5,9,6300,56.04,0,2
16,5,10,6300,60.88,0,2
16,5,11,6300,52.42,0,2
16,5,12,6300,44.35,0,2
16,5,13,6300,43.14,0,2
16,6,1,6300,22.78,0,2
16,6,2,6300,23.18,0,2
16,6,3,6300,22.98,0,2
16,6,4,6300,21.97,0,2
16,6,5,6300,21.97,0,2
16,6,6,6300,24.6,0,2
16,6,7,6300,26.41,0,2
16,6,8,6300,31.65,0,1
16,6,9,6300,32.46,0,1
16,6,10,6300,33.87,0,2
16,6,11,6300,35.08,0,2
16,6,12,6300,31.05,0,2
16,6,13,6300,27.22,0,2
16,7,1,6300,21.17,0,2
16,7,2,6300,20.16,0,2
16,7,3,6300,19.56,0,2
16,7,4,6300,18.95,0,2
16,7,5,6300,17.34,0,2
16,7,6,6300,16.33,0,1
16,7,7,6300,16.33,0,1
16,7,8,6300,21.97,0,1
16,7,9,6300,25,0,1
16,7,10,6300,30.64,0,1
16,7,11,6300,33.47,0,2
16,7,12,6300,28.43,0,2
16,7,13,6300,22.58,0,2
16,8,1,6300,18.95,0,2
16,8,2,6300,17.94,0,2
16,8,3,6300,16.13,0,2
16,8,4,6300,15.52,0,2
16,8,5,6300,16.73,0,2
16,8,6,6300,16.93,0,1
16,8,7,6300,16.33,0,1
16,8,8,6300,18.14,0,1
16,8,9,6300,21.37,0,1
16,8,10,6300,25.4,0,1
16,8,11,6300,27.82,0,2
16,8,12,6300,25.4,0,2
16,8,13,6300,22.18,0,2
16,9,1,6300,17.34,0,2
16,9,2,6300,18.75,0,2
16,9,3,6300,19.15,0,2
16,9,4,6300,19.15,0,2
16,9,5,6300,19.56,0,2
16,9,6,6300,21.17,0,2
16,9,7,6300,15.93,0,2
16,9,8,6300,15.93,0,1
16,9,9,6300,18.55,0,2
16,9,10,6300,21.97,0,2
16,9,11,6300,25,0,2
16,9,12,6300,22.98,0,2
16,9,13,6300,18.35,0,2
16,10,1,6300,19.96,0,2
16,10,2,6300,19.76,0,2
16,10,3,6300,18.55,0,2
16,10,4,6300,18.35,0,2
16,10,5,6300,19.15,0,2
16,10,6,6300,18.95,0,2
16,10,7,6300,17.54,0,2
16,10,8,6300,17.14,0,2
16,10,9,6300,19.15,0,2
16,10,10,6300,21.57,0,2
16,10,11,6300,23.39,0,2
16,10,12,6300,21.97,0,2
16,10,13,6300,19.56,0,2
16,11,1,6300,27.62,0,2
16,11,2,6300,20.56,0,2
16,11,3,6300,16.53,0,2
16,11,4,6300,15.12,0,2
16,11,5,6300,16.53,0,2
16,11,6,6300,17.74,0,2
16,11,7,6300,17.94,0,2
16,11,8,6300,17.54,0,1
16,11,9,6300,18.35,0,1
16,11,10,6300,19.56,0,2
16,11,11,6300,20.97,0,2
16,11,12,6300,22.18,0,2
16,11,13,6300,15.12,0,2
16,12,1,6300,20.97,0,2
16,12,2,6300,20.56,0,2
16,12,3,6300,19.35,0,2
16,12,4,6300,18.55,0,2
16,12,5,6300,18.75,0,2
16,12,6,6300,19.76,0,2
16,12,7,6300,19.56,0,2
16,12,8,6300,18.75,0,2
16,12,9,6300,18.95,0,2
16,12,10,6300,19.76,0,2
16,12,11,6300,20.56,0,2
16,12,12,6300,20.97,0,2
16,12,13,6300,19.35,0,2
16,13,1,6300,17.14,0,2
16,13,2,6300,18.95,0,2
16,13,3,6300,19.76,0,2
16,13,4,6300,19.76,0,2
16,13,5,6300,20.16,0,2
16,13,6,6300,22.58,0,2
16,13,7,6300,21.97,0,2
16,13,8,6300,20.16,0,2
16,13,9,6300,19.96,0,2
16,13,10,6300,20.76,0,2
16,13,11,6300,21.17,0,2
16,13,12,6300,22.58,0,2
16,13,13,6300,28.22,0,2
16,14,1,6300,18.35,0,2
16,14,2,6300,18.75,0,2
16,14,3,6300,19.76,0,2
16,14,4,6300,19.15,0,2
16,14,5,6300,19.96,0,2
16,14,6,6300,21.57,0,2
16,14,7,6300,21.57,0,2
16,14,8,6300,20.76,0,2
16,14,9,6300,20.97,0,2
16,14,10,6300,21.57,0,2
16,14,11,6300,22.58,0,2
16,14,12,6300,23.18,0,2
16,14,13,6300,25.2,0,2
16,15,1,6300,14.92,0,2
16,15,2,6300,18.95,0,2
16,15,3,6300,19.15,0,2
16,15,4,6300,17.34,0,2
16,15,5,6300,15.93,0,2
16,15,6,6300,20.16,0,2
16,15,7,6300,19.96,0,2
16,15,8,6300,20.16,0,2
16,15,9,6300,20.76,0,2
16,15,10,6300,22.18,0,2
16,15,11,6300,25.2,0,2
16,15,12,6300,21.57,0,2
16,15,13,6300,21.77,0,2
16,16,1,6300,22.98,0,2
16,16,2,6300,15.52,0,2
16,16,3,6300,17.74,0,2
16,16,4,6300,17.34,0,2
16,16,5,6300,17.14,0,2
16,16,6,6300,18.55,0,2
16,16,7,6300,19.35,0,2
16,16,8,6300,20.36,0,2
16,16,9,6300,20.56,0,2
16,16,10,6300,21.17,0,2
16,16,11,6300,22.98,0,2
16,16,12,6300,21.57,0,2
16,16,13,6300,18.14,0,2
16,17,1,6300,17.54,0,2
16,17,2,6300,16.73,0,2
16,17,3,6300,16.93,0,2
16,17,4,6300,18.75,0,2
16,17,5,6300,20.76,0,2
16,17,6,6300,20.76,0,2
16,17,7,6300,19.96,0,2
16,17,8,6300,20.56,0,2
16,17,9,6300,21.57,0,2
16,17,10,6300,20.56,0,2
16,17,11,6300,23.18,0,2
16,17,12,6300,26.41,0,2
16,17,13,6300,25.2,0,2
16,18,1,6300,18.14,0,2
16,18,2,6300,17.14,0,2
16,18,3,6300,17.34,0,2
16,18,4,6300,18.55,0,2
16,18,5,6300,19.35,0,2
16,18,6,6300,19.35,0,2
16,18,7,6300,19.56,0,2
16,18,8,6300,20.36,0,2
16,18,9,6300,20.97,0,2
16,18,10,6300,21.37,0,2
16,18,11,6300,22.58,0,2
16,18,12,6300,23.59,0,2
16,18,13,6300,23.39,0,2
16,19,1,6300,21.17,0,2
16,19,2,6300,19.15,0,2
16,19,3,6300,17.94,0,2
16,19,4,6300,18.14,0,2
16,19,5,6300,19.15,0,2
16,19,6,6300,24.39,0,2
16,19,7,6300,19.96,0,2
16,19,8,6300,22.78,0,2
16,19,9,6300,24.19,0,2
16,19,10,6300,25.2,0,2
16,19,11,6300,25,0,2
16,19,12,6300,23.18,0,2
16,19,13,6300,24.8,0,2
16,20,1,6300,19.15,0,2
16,20,2,6300,18.55,0,2
16,20,3,6300,18.14,0,2
16,20,4,6300,18.95,0,2
16,20,5,6300,20.36,0,2
16,20,6,6300,21.97,0,2
16,20,7,6300,22.38,0,2
16,20,8,6300,23.18,0,2
16,20,9,6300,23.39,0,2
16,20,10,6300,23.18,0,2
16,20,11,6300,23.99,0,2
16,20,12,6300,26.01,0,2
16,20,13,6300,23.39,0,2
16,21,1,6300,20.56,0,2
16,21,2,6300,16.93,0,2
16,21,3,6300,18.75,0,2
16,21,4,6300,19.56,0,2
16,21,5,6300,21.17,0,2
16,21,6,6300,22.98,0,2
16,21,7,6300,25,0,2
16,21,8,6300,25.4,0,2
16,21,9,6300,23.18,0,2
16,21,10,6300,21.17,0,2
16,21,11,6300,23.39,0,2
16,21,12,6300,25.4,0,2
16,21,13,6300,27.01,0,2
16,22,1,6300,18.55,0,2
16,22,2,6300,17.74,0,2
16,22,3,6300,18.35,0,2
16,22,4,6300,19.96,0,2
16,22,5,6300,21.57,0,2
16,22,6,6300,23.59,0,2
16,22,7,6300,24.8,0,2
16,22,8,6300,24.39,0,2
16,22,9,6300,23.18,0,2
16,22,10,6300,21.17,0,2
16,22,11,6300,21.37,0,2
16,22,12,6300,23.18,0,2
16,22,13,6300,23.18,0,2
16,23,1,6300,15.93,0,2
16,23,2,6300,15.93,0,2
16,23,3,6300,18.14,0,2
16,23,4,6300,20.16,0,2
16,23,5,6300,22.38,0,2
16,23,6,6300,22.38,0,2
16,23,7,6300,25.6,0,2
16,23,8,6300,22.78,0,2
16,23,9,6300,21.37,0,2
16,23,10,6300,20.16,0,2
16,23,11,6300,18.95,0,2
16,23,12,6300,19.96,0,2
16,23,13,6300,19.76,0,2
16,24,1,6300,19.56,0,2
16,24,2,6300,20.16,0,2
16,24,3,6300,22.38,0,2
16,24,4,6300,23.99,0,2
16,24,5,6300,25.4,0,2
16,24,6,6300,25.2,0,2
16,24,7,6300,24.19,0,2
16,24,8,6300,22.58,0,2
16,24,9,6300,20.97,0,2
16,24,10,6300,19.76,0,2
16,24,11,6300,18.35,0,2
16,24,12,6300,18.14,0,2
16,24,13,6300,17.14,0,2
16,25,1,6300,23.59,0,2
16,25,2,6300,26.61,0,2
16,25,3,6300,30.04,0,2
16,25,4,6300,33.06,0,2
16,25,5,6300,31.65,0,2
16,25,6,6300,30.24,0,2
16,25,7,6300,23.59,0,2
16,25,8,6300,22.78,0,2
16,25,9,6300,21.17,0,2
16,25,10,6300,19.56,0,2
16,25,11,6300,17.14,0,2
16,25,12,6300,19.15,0,2
16,25,13,6300,17.54,0,2
16,26,1,6300,26.01,0,2
16,26,2,6300,28.02,0,2
16,26,3,6300,29.03,0,2
16,26,4,6300,30.04,0,2
16,26,5,6300,30.24,0,2
16,26,6,6300,30.24,0,2
16,26,7,6300,28.22,0,2
16,26,8,6300,26.61,0,2
16,26,9,6300,24.6,0,2
16,26,10,6300,23.39,0,2
16,26,11,6300,22.58,0,2
16,26,12,6300,22.58,0,2
16,26,13,6300,22.18,0,2
16,27,1,6300,28.43,0,2
16,27,2,6300,26.01,0,2
16,27,3,6300,26.21,0,2
16,27,4,6300,25.6,0,2
16,27,5,6300,24.6,0,2
16,27,6,6300,33.87,0,2
16,27,7,6300,40.72,0,2
16,27,8,6300,33.26,0,2
16,27,9,6300,28.83,0,2
16,27,10,6300,27.62,0,2
16,27,11,6300,27.82,0,2
16,27,12,6300,30.64,0,2
16,27,13,6300,23.79,0,2
16,28,1,6300,29.64,0,2
16,28,2,6300,29.03,0,2
16,28,3,6300,27.62,0,2
16,28,4,6300,27.22,0,2
16,28,5,6300,27.82,0,2
16,28,6,6300,31.65,0,2
16,28,7,6300,34.07,0,2
16,28,8,6300,33.67,0,2
16,28,9,6300,31.85,0,2
16,28,10,6300,31.85,0,2
16,28,11,6300,30.64,0,2
16,28,12,6300,29.84,0,2
16,28,13,6300,28.43,0,2
16,29,1,6300,30.24,0,2
16,29,2,6300,30.44,0,2
16,29,3,6300,29.23,0,2
16,29,4,6300,29.64,0,2
16,29,5,6300,31.65,0,2
16,29,6,6300,31.65,0,2
16,29,7,6300,28.83,0,2
16,29,8,6300,32.66,0,2
16,29,9,6300,36.49,0,2
16,29,10,6300,37.5,0,2
16,29,11,6300,33.26,0,2
16,29,12,6300,35.88,0,2
16,29,13,6300,37.5,0,2
16,30,1,6300,30.24,0,2
16,30,2,6300,30.44,0,2
16,30,3,6300,29.23,0,2
16,30,4,6300,29.64,0,1
16,30,5,6300,29.23,0,1
16,30,6,6300,29.23,0,2
16,30,7,6300,28.02,0,2
16,30,8,6300,29.64,0,2
16,30,9,6300,32.46,0,2
16,30,10,6300,34.27,0,2
16,30,11,6300,31.85,0,2
16,30,12,6300,32.26,0,2
16,30,13,6300,32.66,0,2
16,31,1,6300,29.23,0,1
16,31,2,6300,29.84,0,1
16,31,3,6300,28.43,0,1
16,31,4,6300,27.82,0,1
16,31,5,6300,25.8,0,1
16,31,6,6300,25.4,0,1
16,31,7,6300,24.19,0,2
16,31,8,6300,25.6,0,2
16,31,9,6300,30.44,0,2
16,31,10,6300,32.86,0,1
16,31,11,6300,29.43,0,2
16,31,12,6300,30.64,0,2
16,31,13,6300,29.23,0,1
16,32,1,6300,26.21,0,1
16,32,2,6300,26.61,0,1
16,32,3,6300,26.01,0,1
16,32,4,6300,24.8,0,1
16,32,5,6300,23.79,0,1
16,32,6,6300,20.76,0,1
16,32,7,6300,21.97,0,1
16,32,8,6300,23.99,0,1
16,32,9,6300,24.39,0,1
16,32,10,6300,23.99,0,1
16,32,11,6300,22.58,0,1
16,32,12,6300,22.98,0,1
16,32,13,6300,27.62,0,1
16,33,1,6300,22.38,0,1
16,33,2,6300,22.38,0,1
16,33,3,6300,22.38,0,1
16,33,4,6300,21.17,0,1
16,33,5,6300,19.76,0,1
16,33,6,6300,17.34,0,1
16,33,7,6300,16.13,0,1
16,33,8,6300,13.71,0,1
16,33,9,6300,14.72,0,1
16,33,10,6300,15.12,0,1
16,33,11,6300,14.72,0,1
16,33,12,6300,17.34,0,1
16,33,13,6300,21.97,0,1
16,34,1,6300,15.93,0,1
16,34,2,6300,14.92,0,1
16,34,3,6300,14.92,0,1
16,34,4,6300,14.92,0,1
16,34,5,6300,14.72,0,1
16,34,6,6300,13.31,0,1
16,34,7,6300,11.89,0,1
16,34,8,6300,11.89,0,1
16,34,9,6300,12.1,0,1
16,34,10,6300,13.51,0,1
16,34,11,6300,15.12,0,1
16,34,12,6300,16.93,0,1
16,34,13,6300,19.15,0,1
16,35,1,6300,10.68,0,1
16,35,2,6300,10.08,0,1
16,35,3,6300,10.28,0,1
16,35,4,6300,10.28,0,1
16,35,5,6300,10.48,0,1
16,35,6,6300,10.08,0,1
16,35,7,6300,9.07,0,1
16,35,8,6300,10.08,0,1
16,35,9,6300,11.09,0,1
16,35,10,6300,13.31,0,1
16,35,11,6300,16.53,0,1
16,35,12,6300,17.54,0,1
16,35,13,6300,17.14,0,1
16,36,1,6300,8.27,0,1
16,36,2,6300,8.27,0,1
16,36,3,6300,8.47,0,1
16,36,4,6300,9.48,0,1
16,36,5,6300,9.07,0,1
16,36,6,6300,8.27,0,1
16,36,7,6300,8.47,0,1
16,36,8,6300,9.27,0,1
16,36,9,6300,10.48,0,1
16,36,10,6300,10.68,0,1
16,36,11,6300,13.71,0,1
16,36,12,6300,15.12,0,1
16,36,13,6300,15.32,0,1
16,37,1,6300,7.66,0,1
16,37,2,6300,7.66,0,1
16,37,3,6300,8.06,0,1
16,37,4,6300,7.86,0,1
16,37,5,6300,8.27,0,1
16,37,6,6300,7.86,0,1
16,37,7,6300,8.47,0,1
16,37,8,6300,9.88,0,1
16,37,9,6300,10.48,0,1
16,37,10,6300,11.29,0,1
16,37,11,6300,11.89,0,1
16,37,12,6300,12.7,0,1
16,37,13,6300,13.51,0,2
16,38,1,6300,7.46,0,1
16,38,2,6300,7.66,0,1
16,38,3,6300,7.46,0,1
16,38,4,6300,7.46,0,1
16,38,5,6300,8.27,0,1
16,38,6,6300,8.27,0,1
16,38,7,6300,9.07,0,1
16,38,8,6300,9.27,0,1
16,38,9,6300,10.68,0,1
16,38,10,6300,10.48,0,1
16,38,11,6300,10.68,0,1
16,38,12,6300,9.27,0,2
16,38,13,6300,12.3,0,2
16,39,1,6300,7.46,0,1
16,39,2,6300,7.46,0,1
16,39,3,6300,7.66,0,1
16,39,4,6300,7.86,0,1
16,39,5,6300,8.27,0,1
16,39,6,6300,8.47,0,1
16,39,7,6300,9.07,0,1
16,39,8,6300,10.68,0,1
16,39,9,6300,11.69,0,1
16,39,10,6300,11.29,0,1
16,39,11,6300,11.49,0,1
16,39,12,6300,11.29,0,2
16,39,13,6300,11.69,0,2
16,40,1,6300,7.86,0,1
16,40,2,6300,6.65,0,1
16,40,3,6300,6.85,0,1
16,40,4,6300,7.66,0,2
16,40,5,6300,8.87,0,2
16,40,6,6300,8.27,0,1
16,40,7,6300,8.27,0,1
16,40,8,6300,10.68,0,1
16,40,9,6300,11.69,0,1
16,40,10,6300,11.49,0,1
16,40,11,6300,11.89,0,1
16,40,12,6300,11.69,0,2
16,40,13,6300,11.49,0,2
17,1,1,6300,22.78,0,1
17,1,2,6300,21.97,0,1
17,1,3,6300,23.79,0,1
17,1,4,6300,26.61,0,2
17,1,5,6300,26.41,0,2
17,1,6,6300,27.62,0,2
17,1,7,6300,30.04,0,2
17,1,8,6300,36.09,0,2
17,1,9,6300,38.71,0,2
17,1,10,6300,44.76,0,2
17,1,11,6300,52.82,0,2
17,1,12,6300,53.42,0,1
17,1,13,6300,48.79,0,1
17,2,1,6300,23.79,0,1
17,2,2,6300,23.59,0,1
17,2,3,6300,25.6,0,2
17,2,4,6300,29.43,0,2
17,2,5,6300,30.44,0,2
17,2,6,6300,32.05,0,2
17,2,7,6300,37.9,0,2
17,2,8,6300,38.3,0,2
17,2,9,6300,36.09,0,2
17,2,10,6300,43.75,0,2
17,2,11,6300,55.84,0,2
17,2,12,6300,57.86,0,2
17,2,13,6300,60.88,0,2
17,3,1,6300,24.6,0,1
17,3,2,6300,24.8,0,1
17,3,3,6300,25,0,2
17,3,4,6300,26.01,0,1
17,3,5,6300,25.8,0,1
17,3,6,6300,29.23,0,2
17,3,7,6300,32.26,0,2
17,3,8,6300,39.92,0,2
17,3,9,6300,39.72,0,2
17,3,10,6300,44.15,0,2
17,3,11,6300,56.25,0,2
17,3,12,6300,59.47,0,2
17,3,13,6300,58.67,0,2
17,4,1,6300,24.6,0,1
17,4,2,6300,25,0,1
17,4,3,6300,24.8,0,1
17,4,4,6300,25.6,0,1
17,4,5,6300,26.01,0,1
17,4,6,6300,29.23,0,2
17,4,7,6300,32.86,0,2
17,4,8,6300,41.73,0,2
17,4,9,6300,45.76,0,2
17,4,10,6300,46.57,0,2
17,4,11,6300,54.43,0,2
17,4,12,6300,54.23,0,2
17,4,13,6300,51.41,0,2
17,5,1,6300,24.39,0,2
17,5,2,6300,24.39,0,1
17,5,3,6300,24.8,0,1
17,5,4,6300,25,0,1
17,5,5,6300,24.8,0,1
17,5,6,6300,28.63,0,2
17,5,7,6300,33.67,0,2
17,5,8,6300,43.34,0,2
17,5,9,6300,45.96,0,2
17,5,10,6300,46.17,0,2
17,5,11,6300,47.98,0,2
17,5,12,6300,45.16,0,2
17,5,13,6300,40.32,0,2
17,6,1,6300,23.39,0,2
17,6,2,6300,24.19,0,1
17,6,3,6300,25.4,0,1
17,6,4,6300,25.6,0,1
17,6,5,6300,22.58,0,1
17,6,6,6300,24.19,0,1
17,6,7,6300,28.22,0,1
17,6,8,6300,30.64,0,1
17,6,9,6300,33.26,0,2
17,6,10,6300,35.68,0,2
17,6,11,6300,35.88,0,2
17,6,12,6300,35.48,0,2
17,6,13,6300,34.68,0,2
17,7,1,6300,19.76,0,2
17,7,2,6300,20.16,0,2
17,7,3,6300,21.37,0,2
17,7,4,6300,20.36,0,2
17,7,5,6300,17.94,0,2
17,7,6,6300,16.73,0,1
17,7,7,6300,19.56,0,1
17,7,8,6300,25.6,0,1
17,7,9,6300,28.63,0,2
17,7,10,6300,31.65,0,2
17,7,11,6300,31.65,0,2
17,7,12,6300,31.45,0,2
17,7,13,6300,29.84,0,2
17,8,1,6300,15.32,0,2
17,8,2,6300,14.52,0,2
17,8,3,6300,16.93,0,2
17,8,4,6300,18.14,0,2
17,8,5,6300,17.94,0,2
17,8,6,6300,17.74,0,1
17,8,7,6300,17.54,0,1
17,8,8,6300,18.95,0,1
17,8,9,6300,21.57,0,2
17,8,10,6300,24.6,0,2
17,8,11,6300,27.22,0,2
17,8,12,6300,26.81,0,2
17,8,13,6300,23.18,0,2
17,9,1,6300,17.34,0,2
17,9,2,6300,17.54,0,2
17,9,3,6300,17.74,0,2
17,9,4,6300,18.75,0,2
17,9,5,6300,19.56,0,2
17,9,6,6300,19.76,0,2
17,9,7,6300,17.94,0,2
17,9,8,6300,16.93,0,2
17,9,9,6300,19.76,0,2
17,9,10,6300,23.18,0,2
17,9,11,6300,24.8,0,2
17,9,12,6300,24.19,0,2
17,9,13,6300,21.17,0,2
17,10,1,6300,18.14,0,2
17,10,2,6300,18.75,0,2
17,10,3,6300,18.95,0,2
17,10,4,6300,18.75,0,2
17,10,5,6300,19.35,0,2
17,10,6,6300,19.35,0,2
17,10,7,6300,18.35,0,2
17,10,8,6300,17.74,0,2
17,10,9,6300,18.55,0,2
17,10,10,6300,20.76,0,2
17,10,11,6300,22.18,0,2
17,10,12,6300,21.57,0,2
17,10,13,6300,20.76,0,2
17,11,1,6300,18.55,0,2
17,11,2,6300,18.95,0,2
17,11,3,6300,18.35,0,2
17,11,4,6300,18.35,0,2
17,11,5,6300,18.55,0,2
17,11,6,6300,18.55,0,2
17,11,7,6300,18.55,0,2
17,11,8,6300,17.54,0,2
17,11,9,6300,18.35,0,2
17,11,10,6300,19.96,0,2
17,11,11,6300,20.56,0,2
17,11,12,6300,19.96,0,2
17,11,13,6300,18.55,0,2
17,12,1,6300,15.72,0,2
17,12,2,6300,21.37,0,2
17,12,3,6300,23.18,0,2
17,12,4,6300,22.58,0,2
17,12,5,6300,18.55,0,2
17,12,6,6300,19.35,0,2
17,12,7,6300,18.14,0,2
17,12,8,6300,15.12,0,2
17,12,9,6300,15.12,0,2
17,12,10,6300,16.53,0,2
17,12,11,6300,18.55,0,2
17,12,12,6300,16.53,0,2
17,12,13,6300,14.92,0,2
17,13,1,6300,17.14,0,2
17,13,2,6300,20.56,0,2
17,13,3,6300,22.78,0,2
17,13,4,6300,21.77,0,2
17,13,5,6300,19.15,0,2
17,13,6,6300,19.76,0,2
17,13,7,6300,19.96,0,2
17,13,8,6300,17.74,0,2
17,13,9,6300,17.34,0,2
17,13,10,6300,18.14,0,2
17,13,11,6300,19.15,0,2
17,13,12,6300,18.75,0,2
17,13,13,6300,18.35,0,2
17,14,1,6300,18.75,0,2
17,14,2,6300,18.75,0,1
17,14,3,6300,18.75,0,1
17,14,4,6300,19.76,0,1
17,14,5,6300,19.35,0,1
17,14,6,6300,20.16,0,1
17,14,7,6300,21.37,0,2
17,14,8,6300,21.17,0,2
17,14,9,6300,20.16,0,2
17,14,10,6300,19.76,0,2
17,14,11,6300,20.56,0,2
17,14,12,6300,21.77,0,2
17,14,13,6300,22.18,0,2
17,15,1,6300,18.75,0,2
17,15,2,6300,18.75,0,2
17,15,3,6300,19.96,0,2
17,15,4,6300,18.35,0,2
17,15,5,6300,18.75,0,1
17,15,6,6300,19.15,0,1
17,15,7,6300,20.56,0,2
17,15,8,6300,20.16,0,2
17,15,9,6300,19.76,0,2
17,15,10,6300,20.76,0,2
17,15,11,6300,22.78,0,2
17,15,12,6300,23.18,0,2
17,15,13,6300,23.59,0,2
17,16,1,6300,19.35,0,2
17,16,2,6300,16.33,0,2
17,16,3,6300,18.75,0,2
17,16,4,6300,18.55,0,2
17,16,5,6300,16.93,0,2
17,16,6,6300,15.52,0,2
17,16,7,6300,18.35,0,2
17,16,8,6300,18.75,0,2
17,16,9,6300,17.74,0,2
17,16,10,6300,19.96,0,2
17,16,11,6300,23.59,0,2
17,16,12,6300,26.01,0,2
17,16,13,6300,25.2,0,2
17,17,1,6300,19.15,0,2
17,17,2,6300,18.35,0,2
17,17,3,6300,18.14,0,2
17,17,4,6300,17.94,0,2
17,17,5,6300,17.14,0,2
17,17,6,6300,16.93,0,2
17,17,7,6300,17.74,0,2
17,17,8,6300,18.14,0,2
17,17,9,6300,18.35,0,2
17,17,10,6300,19.56,0,2
17,17,11,6300,21.37,0,2
17,17,12,6300,23.59,0,2
17,17,13,6300,23.39,0,2
17,18,1,6300,20.56,0,2
17,18,2,6300,19.15,0,2
17,18,3,6300,17.54,0,2
17,18,4,6300,16.53,0,2
17,18,5,6300,16.73,0,2
17,18,6,6300,18.55,0,2
17,18,7,6300,18.75,0,2
17,18,8,6300,18.35,0,2
17,18,9,6300,17.74,0,2
17,18,10,6300,19.15,0,2
17,18,11,6300,20.97,0,2
17,18,12,6300,20.36,0,2
17,18,13,6300,18.75,0,2
17,19,1,6300,19.96,0,2
17,19,2,6300,18.75,0,2
17,19,3,6300,17.54,0,2
17,19,4,6300,17.74,0,2
17,19,5,6300,18.14,0,2
17,19,6,6300,19.76,0,2
17,19,7,6300,20.36,0,2
17,19,8,6300,19.76,0,2
17,19,9,6300,19.35,0,2
17,19,10,6300,19.76,0,2
17,19,11,6300,20.76,0,2
17,19,12,6300,20.97,0,2
17,19,13,6300,20.16,0,2
17,20,1,6300,18.75,0,2
17,20,2,6300,17.74,0,2
17,20,3,6300,17.74,0,2
17,20,4,6300,18.95,0,2
17,20,5,6300,21.17,0,2
17,20,6,6300,22.38,0,2
17,20,7,6300,21.57,0,2
17,20,8,6300,20.36,0,2
17,20,9,6300,19.15,0,2
17,20,10,6300,18.75,0,2
17,20,11,6300,20.16,0,2
17,20,12,6300,21.57,0,1
17,20,13,6300,22.18,0,1
17,21,1,6300,18.14,0,2
17,21,2,6300,17.74,0,2
17,21,3,6300,18.14,0,2
17,21,4,6300,19.56,0,2
17,21,5,6300,21.37,0,2
17,21,6,6300,23.39,0,2
17,21,7,6300,23.79,0,2
17,21,8,6300,23.18,0,2
17,21,9,6300,21.77,0,2
17,21,10,6300,20.56,0,2
17,21,11,6300,20.97,0,2
17,21,12,6300,21.97,0,2
17,21,13,6300,22.78,0,2
17,22,1,6300,18.55,0,2
17,22,2,6300,17.74,0,2
17,22,3,6300,17.74,0,2
17,22,4,6300,19.96,0,2
17,22,5,6300,22.38,0,2
17,22,6,6300,25.6,0,2
17,22,7,6300,25.8,0,2
17,22,8,6300,23.99,0,2
17,22,9,6300,22.78,0,2
17,22,10,6300,22.18,0,2
17,22,11,6300,22.38,0,2
17,22,12,6300,21.17,0,2
17,22,13,6300,20.76,0,2
17,23,1,6300,18.75,0,2
17,23,2,6300,18.35,0,2
17,23,3,6300,19.35,0,2
17,23,4,6300,20.76,0,2
17,23,5,6300,22.98,0,2
17,23,6,6300,25,0,2
17,23,7,6300,24.8,0,2
17,23,8,6300,23.39,0,2
17,23,9,6300,21.97,0,2
17,23,10,6300,20.56,0,2
17,23,11,6300,20.36,0,2
17,23,12,6300,19.76,0,2
17,23,13,6300,19.76,0,2
17,24,1,6300,19.35,0,2
17,24,2,6300,19.96,0,2
17,24,3,6300,20.76,0,2
17,24,4,6300,22.98,0,2
17,24,5,6300,23.99,0,2
17,24,6,6300,23.39,0,2
17,24,7,6300,23.39,0,2
17,24,8,6300,23.18,0,2
17,24,9,6300,21.77,0,2
17,24,10,6300,20.36,0,2
17,24,11,6300,18.75,0,2
17,24,12,6300,18.75,0,2
17,24,13,6300,18.95,0,2
17,25,1,6300,23.39,0,2
17,25,2,6300,24.6,0,2
17,25,3,6300,25.6,0,2
17,25,4,6300,26.81,0,2
17,25,5,6300,27.62,0,2
17,25,6,6300,26.61,0,2
17,25,7,6300,25.4,0,2
17,25,8,6300,23.59,0,2
17,25,9,6300,22.58,0,2
17,25,10,6300,21.37,0,2
17,25,11,6300,20.56,0,2
17,25,12,6300,19.76,0,2
17,25,13,6300,20.36,0,2
17,26,1,6300,27.22,0,2
17,26,2,6300,27.62,0,2
17,26,3,6300,27.62,0,2
17,26,4,6300,28.22,0,2
17,26,5,6300,29.64,0,2
17,26,6,6300,29.84,0,2
17,26,7,6300,29.23,0,2
17,26,8,6300,28.02,0,2
17,26,9,6300,27.62,0,2
17,26,10,6300,28.43,0,2
17,26,11,6300,28.43,0,2
17,26,12,6300,26.61,0,2
17,26,13,6300,25.6,0,2
17,27,1,6300,29.23,0,2
17,27,2,6300,28.02,0,2
17,27,3,6300,27.42,0,2
17,27,4,6300,28.02,0,2
17,27,5,6300,29.84,0,2
17,27,6,6300,31.85,0,2
17,27,7,6300,32.46,0,2
17,27,8,6300,31.85,0,2
17,27,9,6300,30.64,0,2
17,27,10,6300,30.64,0,2
17,27,11,6300,29.64,0,2
17,27,12,6300,28.43,0,2
17,27,13,6300,27.42,0,2
17,28,1,6300,33.26,0,2
17,28,2,6300,30.64,0,2
17,28,3,6300,26.61,0,2
17,28,4,6300,26.81,0,2
17,28,5,6300,29.23,0,2
17,28,6,6300,31.45,0,2
17,28,7,6300,32.66,0,2
17,28,8,6300,33.26,0,2
17,28,9,6300,33.47,0,2
17,28,10,6300,34.68,0,2
17,28,11,6300,32.05,0,2
17,28,12,6300,28.63,0,2
17,28,13,6300,27.22,0,2
17,29,1,6300,27.01,0,2
17,29,2,6300,26.61,0,2
17,29,3,6300,26.01,0,2
17,29,4,6300,26.21,0,2
17,29,5,6300,27.42,0,2
17,29,6,6300,28.22,0,2
17,29,7,6300,28.83,0,2
17,29,8,6300,30.44,0,2
17,29,9,6300,30.84,0,2
17,29,10,6300,31.85,0,2
17,29,11,6300,31.25,0,2
17,29,12,6300,30.04,0,2
17,29,13,6300,29.23,0,2
17,30,1,6300,22.18,0,2
17,30,2,6300,21.37,0,2
17,30,3,6300,20.97,0,2
17,30,4,6300,21.37,0,1
17,30,5,6300,21.57,0,1
17,30,6,6300,22.18,0,1
17,30,7,6300,22.38,0,2
17,30,8,6300,23.79,0,2
17,30,9,6300,24.39,0,2
17,30,10,6300,25.6,0,2
17,30,11,6300,26.41,0,2
17,30,12,6300,27.82,0,2
17,30,13,6300,29.23,0,2
17,31,1,6300,21.37,0,1
17,31,2,6300,21.17,0,1
17,31,3,6300,20.56,0,1
17,31,4,6300,20.16,0,1
17,31,5,6300,18.95,0,1
17,31,6,6300,17.94,0,1
17,31,7,6300,17.14,0,1
17,31,8,6300,18.14,0,1
17,31,9,6300,19.96,0,1
17,31,10,6300,21.57,0,1
17,31,11,6300,21.77,0,1
17,31,12,6300,24.39,0,1
17,31,13,6300,26.21,0,1
17,32,1,6300,17.34,0,1
17,32,2,6300,16.73,0,1
17,32,3,6300,16.73,0,1
17,32,4,6300,16.33,0,1
17,32,5,6300,14.52,0,1
17,32,6,6300,11.29,0,1
17,32,7,6300,10.28,0,1
17,32,8,6300,11.69,0,1
17,32,9,6300,12.3,0,1
17,32,10,6300,12.7,0,1
17,32,11,6300,14.52,0,1
17,32,12,6300,19.15,0,1
17,32,13,6300,22.38,0,1
17,33,1,6300,14.11,0,1
17,33,2,6300,13.51,0,1
17,33,3,6300,13.91,0,1
17,33,4,6300,13.71,0,1
17,33,5,6300,13.31,0,1
17,33,6,6300,12.3,0,1
17,33,7,6300,12.5,0,1
17,33,8,6300,12.5,0,1
17,33,9,6300,12.7,0,1
17,33,10,6300,13.91,0,1
17,33,11,6300,15.72,0,1
17,33,12,6300,17.54,0,1
17,33,13,6300,19.56,0,1
17,34,1,6300,12.3,0,1
17,34,2,6300,11.89,0,1
17,34,3,6300,11.69,0,1
17,34,4,6300,11.09,0,1
17,34,5,6300,10.89,0,1
17,34,6,6300,10.89,0,1
17,34,7,6300,10.28,0,1
17,34,8,6300,10.68,0,1
17,34,9,6300,11.09,0,1
17,34,10,6300,11.89,0,1
17,34,11,6300,14.52,0,1
17,34,12,6300,15.93,0,1
17,34,13,6300,17.14,0,1
17,35,1,6300,10.89,0,1
17,35,2,6300,10.08,0,1
17,35,3,6300,10.08,0,1
17,35,4,6300,9.68,0,1
17,35,5,6300,9.68,0,1
17,35,6,6300,9.27,0,1
17,35,7,6300,9.07,0,1
17,35,8,6300,9.48,0,1
17,35,9,6300,9.68,0,1
17,35,10,6300,10.68,0,1
17,35,11,6300,13.71,0,1
17,35,12,6300,14.72,0,1
17,35,13,6300,15.72,0,1
17,36,1,6300,8.67,0,1
17,36,2,6300,8.67,0,1
17,36,3,6300,8.87,0,1
17,36,4,6300,9.27,0,1
17,36,5,6300,8.67,0,1
17,36,6,6300,7.66,0,1
17,36,7,6300,7.66,0,1
17,36,8,6300,8.67,0,1
17,36,9,6300,9.07,0,1
17,36,10,6300,10.08,0,1
17,36,11,6300,11.49,0,1
17,36,12,6300,11.89,0,1
17,36,13,6300,13.71,0,1
17,37,1,6300,7.86,0,1
17,37,2,6300,8.06,0,1
17,37,3,6300,8.06,0,1
17,37,4,6300,8.06,0,1
17,37,5,6300,7.86,0,1
17,37,6,6300,7.66,0,1
17,37,7,6300,8.06,0,1
17,37,8,6300,8.87,0,1
17,37,9,6300,9.48,0,1
17,37,10,6300,9.88,0,1
17,37,11,6300,10.89,0,1
17,37,12,6300,11.69,0,1
17,37,13,6300,12.5,0,1
17,38,1,6300,7.06,0,1
17,38,2,6300,7.06,0,1
17,38,3,6300,7.06,0,1
17,38,4,6300,6.85,0,1
17,38,5,6300,7.46,0,1
17,38,6,6300,7.86,0,1
17,38,7,6300,8.27,0,1
17,38,8,6300,9.48,0,1
17,38,9,6300,10.28,0,1
17,38,10,6300,10.28,0,1
17,38,11,6300,11.29,0,1
17,38,12,6300,12.1,0,1
17,38,13,6300,12.3,0,1
17,39,1,6300,6.05,0,1
17,39,2,6300,5.64,0,1
17,39,3,6300,6.05,0,1
17,39,4,6300,6.05,0,1
17,39,5,6300,7.06,0,1
17,39,6,6300,7.26,0,1
17,39,7,6300,8.06,0,1
17,39,8,6300,10.08,0,1
17,39,9,6300,11.29,0,1
17,39,10,6300,11.69,0,1
17,39,11,6300,11.49,0,1
17,39,12,6300,11.49,0,2
17,39,13,6300,11.49,0,2
17,40,1,6300,5.85,0,1
17,40,2,6300,5.24,0,1
17,40,3,6300,5.04,0,1
17,40,4,6300,5.24,0,1
17,40,5,6300,6.25,0,2
17,40,6,6300,6.85,0,1
17,40,7,6300,8.47,0,1
17,40,8,6300,10.48,0,1
17,40,9,6300,12.1,0,1
17,40,10,6300,12.7,0,1
17,40,11,6300,11.89,0,2
17,40,12,6300,11.09,0,2
17,40,13,6300,10.08,0,2
18,1,1,6300,25.2,0,1
18,1,2,6300,25,0,1
18,1,3,6300,26.81,0,1
18,1,4,6300,27.62,0,1
18,1,5,6300,30.04,0,1
18,1,6,6300,29.64,0,1
18,1,7,6300,34.07,0,1
18,1,8,6300,33.06,0,1
18,1,9,6300,35.28,0,1
18,1,10,6300,37.9,0,1
18,1,11,6300,50,0,1
18,1,12,6300,50.6,0,1
18,1,13,6300,46.97,0,1
18,2,1,6300,23.79,0,1
18,2,2,6300,23.79,0,1
18,2,3,6300,24.6,0,1
18,2,4,6300,26.21,0,1
18,2,5,6300,27.42,0,1
18,2,6,6300,29.03,0,1
18,2,7,6300,29.64,0,1
18,2,8,6300,34.07,0,1
18,2,9,6300,31.05,0,1
18,2,10,6300,35.68,0,1
18,2,11,6300,46.57,0,1
18,2,12,6300,50,0,1
18,2,13,6300,48.38,0,1
18,3,1,6300,25.2,0,1
18,3,2,6300,24.8,0,1
18,3,3,6300,25.2,0,1
18,3,4,6300,26.01,0,1
18,3,5,6300,27.42,0,1
18,3,6,6300,28.63,0,1
18,3,7,6300,28.63,0,1
18,3,8,6300,28.83,0,1
18,3,9,6300,27.82,0,1
18,3,10,6300,30.24,0,2
18,3,11,6300,40.32,0,1
18,3,12,6300,48.79,0,1
18,3,13,6300,54.23,0,1
18,4,1,6300,25.4,0,1
18,4,2,6300,25.4,0,1
18,4,3,6300,25,0,1
18,4,4,6300,25.2,0,1
18,4,5,6300,25.8,0,1
18,4,6,6300,29.23,0,1
18,4,7,6300,28.63,0,2
18,4,8,6300,26.61,0,2
18,4,9,6300,24.19,0,2
18,4,10,6300,27.42,0,2
18,4,11,6300,35.08,0,2
18,4,12,6300,46.77,0,2
18,4,13,6300,57.86,0,2
18,5,1,6300,26.81,0,1
18,5,2,6300,25,0,1
18,5,3,6300,25.6,0,1
18,5,4,6300,26.01,0,1
18,5,5,6300,26.81,0,1
18,5,6,6300,26.81,0,2
18,5,7,6300,27.42,0,2
18,5,8,6300,31.05,0,1
18,5,9,6300,30.84,0,2
18,5,10,6300,35.08,0,2
18,5,11,6300,41.13,0,2
18,5,12,6300,42.94,0,2
18,5,13,6300,41.13,0,2
18,6,1,6300,24.19,0,2
18,6,2,6300,24.6,0,1
18,6,3,6300,27.42,0,1
18,6,4,6300,25.8,0,1
18,6,5,6300,25,0,1
18,6,6,6300,25.4,0,1
18,6,7,6300,27.62,0,1
18,6,8,6300,27.42,0,2
18,6,9,6300,32.46,0,2
18,6,10,6300,33.67,0,2
18,6,11,6300,35.88,0,2
18,6,12,6300,33.47,0,2
18,6,13,6300,34.27,0,2
18,7,1,6300,20.56,0,2
18,7,2,6300,20.97,0,1
18,7,3,6300,22.58,0,1
18,7,4,6300,22.18,0,1
18,7,5,6300,21.77,0,1
18,7,6,6300,22.98,0,1
18,7,7,6300,22.78,0,1
18,7,8,6300,24.8,0,1
18,7,9,6300,27.22,0,2
18,7,10,6300,30.24,0,2
18,7,11,6300,32.05,0,2
18,7,12,6300,31.85,0,2
18,7,13,6300,30.64,0,2
18,8,1,6300,16.33,0,2
18,8,2,6300,17.54,0,2
18,8,3,6300,20.16,0,1
18,8,4,6300,19.56,0,2
18,8,5,6300,20.16,0,2
18,8,6,6300,19.56,0,1
18,8,7,6300,19.15,0,1
18,8,8,6300,20.16,0,1
18,8,9,6300,20.76,0,2
18,8,10,6300,23.39,0,2
18,8,11,6300,31.85,0,2
18,8,12,6300,30.24,0,2
18,8,13,6300,20.16,0,2
18,9,1,6300,17.94,0,2
18,9,2,6300,17.74,0,2
18,9,3,6300,18.35,0,2
18,9,4,6300,19.76,0,2
18,9,5,6300,19.96,0,2
18,9,6,6300,19.35,0,2
18,9,7,6300,17.54,0,2
18,9,8,6300,17.94,0,2
18,9,9,6300,20.76,0,2
18,9,10,6300,23.39,0,2
18,9,11,6300,24.6,0,2
18,9,12,6300,24.39,0,2
18,9,13,6300,21.97,0,2
18,10,1,6300,17.94,0,2
18,10,2,6300,18.14,0,2
18,10,3,6300,18.35,0,2
18,10,4,6300,19.15,0,2
18,10,5,6300,19.96,0,2
18,10,6,6300,19.76,0,2
18,10,7,6300,18.35,0,2
18,10,8,6300,17.34,0,2
18,10,9,6300,19.56,0,2
18,10,10,6300,20.97,0,2
18,10,11,6300,20.97,0,2
18,10,12,6300,21.37,0,2
18,10,13,6300,19.76,0,2
18,11,1,6300,16.53,0,2
18,11,2,6300,16.33,0,2
18,11,3,6300,17.14,0,2
18,11,4,6300,18.75,0,2
18,11,5,6300,18.95,0,2
18,11,6,6300,18.95,0,2
18,11,7,6300,18.14,0,2
18,11,8,6300,17.74,0,2
18,11,9,6300,17.74,0,2
18,11,10,6300,19.35,0,2
18,11,11,6300,20.16,0,2
18,11,12,6300,22.38,0,2
18,11,13,6300,18.55,0,2
18,12,1,6300,11.89,0,2
18,12,2,6300,12.9,0,2
18,12,3,6300,15.12,0,2
18,12,4,6300,18.35,0,2
18,12,5,6300,19.35,0,2
18,12,6,6300,19.76,0,2
18,12,7,6300,19.15,0,2
18,12,8,6300,17.74,0,2
18,12,9,6300,17.34,0,2
18,12,10,6300,18.14,0,2
18,12,11,6300,18.55,0,2
18,12,12,6300,18.14,0,2
18,12,13,6300,17.54,0,2
18,13,1,6300,16.93,0,2
18,13,2,6300,18.14,0,1
18,13,3,6300,19.15,0,2
18,13,4,6300,19.76,0,2
18,13,5,6300,19.35,0,2
18,13,6,6300,19.96,0,2
18,13,7,6300,19.56,0,2
18,13,8,6300,18.95,0,2
18,13,9,6300,18.35,0,2
18,13,10,6300,18.14,0,2
18,13,11,6300,18.55,0,2
18,13,12,6300,18.95,0,2
18,13,13,6300,18.14,0,2
18,14,1,6300,18.75,0,2
18,14,2,6300,18.75,0,1
18,14,3,6300,19.56,0,1
18,14,4,6300,19.56,0,2
18,14,5,6300,19.56,0,2
18,14,6,6300,20.36,0,1
18,14,7,6300,21.57,0,2
18,14,8,6300,23.18,0,2
18,14,9,6300,20.56,0,2
18,14,10,6300,18.35,0,2
18,14,11,6300,19.15,0,2
18,14,12,6300,21.57,0,2
18,14,13,6300,21.57,0,2
18,15,1,6300,19.56,0,2
18,15,2,6300,19.56,0,1
18,15,3,6300,20.36,0,1
18,15,4,6300,19.35,0,1
18,15,5,6300,19.15,0,1
18,15,6,6300,18.75,0,1
18,15,7,6300,19.76,0,2
18,15,8,6300,19.15,0,2
18,15,9,6300,18.75,0,2
18,15,10,6300,19.15,0,2
18,15,11,6300,20.97,0,2
18,15,12,6300,22.78,0,2
18,15,13,6300,22.58,0,2
18,16,1,6300,20.56,0,2
18,16,2,6300,19.35,0,2
18,16,3,6300,19.96,0,2
18,16,4,6300,20.56,0,2
18,16,5,6300,21.77,0,2
18,16,6,6300,17.94,0,1
18,16,7,6300,17.54,0,2
18,16,8,6300,15.72,0,2
18,16,9,6300,14.72,0,2
18,16,10,6300,15.32,0,2
18,16,11,6300,20.36,0,2
18,16,12,6300,37.7,0,2
18,16,13,6300,29.84,0,2
18,17,1,6300,20.16,0,2
18,17,2,6300,19.35,0,2
18,17,3,6300,18.75,0,2
18,17,4,6300,18.35,0,2
18,17,5,6300,17.74,0,2
18,17,6,6300,17.54,0,2
18,17,7,6300,16.73,0,2
18,17,8,6300,15.93,0,2
18,17,9,6300,16.13,0,2
18,17,10,6300,17.54,0,2
18,17,11,6300,20.16,0,2
18,17,12,6300,23.18,0,2
18,17,13,6300,22.98,0,2
18,18,1,6300,23.79,0,2
18,18,2,6300,20.56,0,2
18,18,3,6300,17.14,0,2
18,18,4,6300,14.72,0,2
18,18,5,6300,13.91,0,2
18,18,6,6300,19.35,0,2
18,18,7,6300,17.54,0,2
18,18,8,6300,15.72,0,2
18,18,9,6300,16.33,0,2
18,18,10,6300,19.15,0,2
18,18,11,6300,22.38,0,2
18,18,12,6300,21.37,0,2
18,18,13,6300,20.36,0,2
18,19,1,6300,20.76,0,2
18,19,2,6300,19.35,0,2
18,19,3,6300,17.34,0,2
18,19,4,6300,16.73,0,2
18,19,5,6300,17.74,0,2
18,19,6,6300,19.35,0,2
18,19,7,6300,19.76,0,2
18,19,8,6300,18.14,0,2
18,19,9,6300,17.14,0,2
18,19,10,6300,17.94,0,2
18,19,11,6300,19.15,0,2
18,19,12,6300,19.35,0,2
18,19,13,6300,18.95,0,2
18,20,1,6300,17.94,0,2
18,20,2,6300,17.74,0,2
18,20,3,6300,17.34,0,2
18,20,4,6300,17.74,0,2
18,20,5,6300,21.37,0,2
18,20,6,6300,23.39,0,2
18,20,7,6300,19.76,0,2
18,20,8,6300,18.55,0,2
18,20,9,6300,17.34,0,2
18,20,10,6300,16.53,0,2
18,20,11,6300,16.93,0,2
18,20,12,6300,19.15,0,1
18,20,13,6300,23.99,0,1
18,21,1,6300,17.74,0,2
18,21,2,6300,17.34,0,2
18,21,3,6300,17.54,0,2
18,21,4,6300,19.35,0,2
18,21,5,6300,21.57,0,2
18,21,6,6300,22.78,0,2
18,21,7,6300,23.18,0,2
18,21,8,6300,21.97,0,2
18,21,9,6300,20.56,0,2
18,21,10,6300,18.95,0,2
18,21,11,6300,19.35,0,2
18,21,12,6300,20.56,0,1
18,21,13,6300,21.57,0,1
18,22,1,6300,19.15,0,2
18,22,2,6300,16.33,0,2
18,22,3,6300,16.33,0,2
18,22,4,6300,18.95,0,2
18,22,5,6300,22.98,0,2
18,22,6,6300,27.82,0,2
18,22,7,6300,28.02,0,2
18,22,8,6300,23.39,0,2
18,22,9,6300,22.78,0,2
18,22,10,6300,23.59,0,2
18,22,11,6300,25,0,2
18,22,12,6300,20.97,0,2
18,22,13,6300,18.95,0,2
18,23,1,6300,19.35,0,2
18,23,2,6300,18.35,0,2
18,23,3,6300,17.94,0,2
18,23,4,6300,19.96,0,2
18,23,5,6300,22.38,0,2
18,23,6,6300,25.6,0,2
18,23,7,6300,25.8,0,2
18,23,8,6300,23.59,0,2
18,23,9,6300,22.38,0,2
18,23,10,6300,20.97,0,2
18,23,11,6300,20.36,0,2
18,23,12,6300,19.76,0,2
18,23,13,6300,19.56,0,2
18,24,1,6300,22.38,0,2
18,24,2,6300,22.18,0,2
18,24,3,6300,22.18,0,2
18,24,4,6300,22.98,0,2
18,24,5,6300,23.18,0,2
18,24,6,6300,21.17,0,2
18,24,7,6300,21.77,0,2
18,24,8,6300,22.58,0,2
18,24,9,6300,21.77,0,2
18,24,10,6300,19.15,0,2
18,24,11,6300,16.73,0,2
18,24,12,6300,16.93,0,2
18,24,13,6300,18.35,0,2
18,25,1,6300,27.01,0,2
18,25,2,6300,27.82,0,2
18,25,3,6300,28.22,0,2
18,25,4,6300,27.82,0,2
18,25,5,6300,26.81,0,2
18,25,6,6300,25.6,0,2
18,25,7,6300,25.4,0,2
18,25,8,6300,24.19,0,2
18,25,9,6300,22.98,0,2
18,25,10,6300,21.37,0,2
18,25,11,6300,20.56,0,2
18,25,12,6300,20.56,0,2
18,25,13,6300,20.76,0,2
18,26,1,6300,27.82,0,2
18,26,2,6300,27.82,0,2
18,26,3,6300,27.42,0,2
18,26,4,6300,27.42,0,2
18,26,5,6300,28.83,0,2
18,26,6,6300,28.63,0,2
18,26,7,6300,28.83,0,2
18,26,8,6300,27.42,0,2
18,26,9,6300,27.62,0,2
18,26,10,6300,28.63,0,2
18,26,11,6300,30.84,0,2
18,26,12,6300,29.23,0,2
18,26,13,6300,26.61,0,2
18,27,1,6300,27.62,0,2
18,27,2,6300,27.42,0,2
18,27,3,6300,27.01,0,2
18,27,4,6300,27.82,0,2
18,27,5,6300,30.44,0,2
18,27,6,6300,32.05,0,2
18,27,7,6300,32.05,0,2
18,27,8,6300,29.84,0,2
18,27,9,6300,29.43,0,2
18,27,10,6300,30.04,0,2
18,27,11,6300,29.64,0,2
18,27,12,6300,27.62,0,2
18,27,13,6300,26.41,0,2
18,28,1,6300,25,0,2
18,28,2,6300,25,0,2
18,28,3,6300,25,0,2
18,28,4,6300,25.8,0,2
18,28,5,6300,33.67,0,2
18,28,6,6300,34.27,0,2
18,28,7,6300,34.07,0,2
18,28,8,6300,34.07,0,2
18,28,9,6300,36.29,0,2
18,28,10,6300,37.09,0,2
18,28,11,6300,37.7,0,2
18,28,12,6300,27.62,0,2
18,28,13,6300,25.4,0,2
18,29,1,6300,22.58,0,2
18,29,2,6300,21.97,0,1
18,29,3,6300,21.57,0,1
18,29,4,6300,22.38,0,1
18,29,5,6300,23.39,0,1
18,29,6,6300,24.6,0,1
18,29,7,6300,25.8,0,1
18,29,8,6300,27.22,0,1
18,29,9,6300,28.63,0,1
18,29,10,6300,29.23,0,1
18,29,11,6300,29.64,0,1
18,29,12,6300,27.01,0,1
18,29,13,6300,26.21,0,2
18,30,1,6300,17.14,0,1
18,30,2,6300,15.12,0,1
18,30,3,6300,14.92,0,1
18,30,4,6300,15.32,0,1
18,30,5,6300,14.11,0,1
18,30,6,6300,15.12,0,1
18,30,7,6300,16.53,0,1
18,30,8,6300,18.14,0,1
18,30,9,6300,17.94,0,1
18,30,10,6300,18.75,0,1
18,30,11,6300,21.37,0,1
18,30,12,6300,25,0,1
18,30,13,6300,28.02,0,1
18,31,1,6300,15.93,0,1
18,31,2,6300,15.32,0,1
18,31,3,6300,14.52,0,1
18,31,4,6300,13.71,0,1
18,31,5,6300,12.9,0,1
18,31,6,6300,12.9,0,1
18,31,7,6300,13.91,0,1
18,31,8,6300,15.12,0,1
18,31,9,6300,15.93,0,1
18,31,10,6300,17.34,0,1
18,31,11,6300,19.35,0,1
18,31,12,6300,21.37,0,1
18,31,13,6300,23.99,0,1
18,32,1,6300,12.7,0,1
18,32,2,6300,12.1,0,1
18,32,3,6300,11.29,0,1
18,32,4,6300,10.48,0,1
18,32,5,6300,12.5,0,1
18,32,6,6300,11.49,0,1
18,32,7,6300,9.68,0,1
18,32,8,6300,9.27,0,1
18,32,9,6300,12.5,0,1
18,32,10,6300,15.72,0,1
18,32,11,6300,17.94,0,1
18,32,12,6300,16.73,0,1
18,32,13,6300,19.76,0,1
18,33,1,6300,10.89,0,1
18,33,2,6300,10.48,0,1
18,33,3,6300,10.08,0,1
18,33,4,6300,9.48,0,1
18,33,5,6300,10.08,0,1
18,33,6,6300,10.08,0,1
18,33,7,6300,10.08,0,1
18,33,8,6300,10.08,0,1
18,33,9,6300,10.48,0,1
18,33,10,6300,12.5,0,1
18,33,11,6300,14.52,0,1
18,33,12,6300,15.72,0,1
18,33,13,6300,17.14,0,1
18,34,1,6300,8.67,0,1
18,34,2,6300,7.26,0,1
18,34,3,6300,7.06,0,1
18,34,4,6300,7.66,0,1
18,34,5,6300,8.06,0,1
18,34,6,6300,7.86,0,1
18,34,7,6300,7.86,0,1
18,34,8,6300,9.48,0,1
18,34,9,6300,9.88,0,1
18,34,10,6300,10.68,0,1
18,34,11,6300,13.71,0,1
18,34,12,6300,17.94,0,1
18,34,13,6300,15.93,0,1
18,35,1,6300,10.28,0,1
18,35,2,6300,9.07,0,1
18,35,3,6300,8.47,0,1
18,35,4,6300,8.27,0,1
18,35,5,6300,8.06,0,1
18,35,6,6300,7.86,0,1
18,35,7,6300,8.27,0,1
18,35,8,6300,8.67,0,1
18,35,9,6300,8.67,0,1
18,35,10,6300,8.87,0,1
18,35,11,6300,11.09,0,1
18,35,12,6300,18.55,0,1
18,35,13,6300,15.32,0,1
18,36,1,6300,9.07,0,1
18,36,2,6300,8.87,0,1
18,36,3,6300,8.27,0,1
18,36,4,6300,7.86,0,1
18,36,5,6300,7.06,0,1
18,36,6,6300,4.44,0,1
18,36,7,6300,7.26,0,1
18,36,8,6300,8.47,0,1
18,36,9,6300,7.86,0,1
18,36,10,6300,8.67,0,1
18,36,11,6300,8.67,0,1
18,36,12,6300,9.68,0,1
18,36,13,6300,12.5,0,1
18,37,1,6300,8.06,0,1
18,37,2,6300,7.86,0,1
18,37,3,6300,7.66,0,1
18,37,4,6300,7.06,0,1
18,37,5,6300,7.26,0,1
18,37,6,6300,7.46,0,1
18,37,7,6300,8.06,0,1
18,37,8,6300,8.06,0,1
18,37,9,6300,8.27,0,1
18,37,10,6300,8.47,0,1
18,37,11,6300,9.48,0,1
18,37,12,6300,10.48,0,1
18,37,13,6300,11.49,0,1
18,38,1,6300,6.45,0,1
18,38,2,6300,6.45,0,1
18,38,3,6300,6.25,0,1
18,38,4,6300,6.65,0,1
18,38,5,6300,7.26,0,1
18,38,6,6300,7.46,0,1
18,38,7,6300,8.27,0,1
18,38,8,6300,8.87,0,1
18,38,9,6300,9.68,0,1
18,38,10,6300,9.88,0,1
18,38,11,6300,11.09,0,1
18,38,12,6300,12.9,0,1
18,38,13,6300,11.89,0,1
18,39,1,6300,5.64,0,1
18,39,2,6300,5.44,0,1
18,39,3,6300,5.44,0,1
18,39,4,6300,5.44,0,1
18,39,5,6300,6.45,0,1
18,39,6,6300,7.06,0,1
18,39,7,6300,8.27,0,1
18,39,8,6300,9.68,0,1
18,39,9,6300,11.09,0,1
18,39,10,6300,11.49,0,1
18,39,11,6300,11.49,0,1
18,39,12,6300,11.69,0,1
18,39,13,6300,11.29,0,1
18,40,1,6300,5.24,0,1
18,40,2,6300,4.44,0,1
18,40,3,6300,3.63,0,1
18,40,4,6300,3.63,0,1
18,40,5,6300,4.84,0,1
18,40,6,6300,6.25,0,1
18,40,7,6300,8.87,0,1
18,40,8,6300,10.08,0,1
18,40,9,6300,12.5,0,1
18,40,10,6300,14.11,0,2
18,40,11,6300,11.89,0,2
18,40,12,6300,10.68,0,2
18,40,13,6300,8.67,0,2
19,1,1,6300,22.78,0,1
19,1,2,6300,22.78,0,1
19,1,3,6300,24.39,0,1
19,1,4,6300,26.61,0,1
19,1,5,6300,27.42,0,1
19,1,6,6300,28.83,0,1
19,1,7,6300,29.23,0,1
19,1,8,6300,31.85,0,1
19,1,9,6300,33.87,0,1
19,1,10,6300,33.87,0,1
19,1,11,6300,43.75,0,1
19,1,12,6300,45.76,0,1
19,1,13,6300,42.13,0,1
19,2,1,6300,25.6,0,1
19,2,2,6300,25.8,0,1
19,2,3,6300,25.8,0,1
19,2,4,6300,27.22,0,1
19,2,5,6300,28.02,0,1
19,2,6,6300,27.42,0,1
19,2,7,6300,27.82,0,1
19,2,8,6300,29.84,0,1
19,2,9,6300,29.64,0,1
19,2,10,6300,34.27,0,1
19,2,11,6300,42.54,0,1
19,2,12,6300,45.76,0,1
19,2,13,6300,46.77,0,1
19,3,1,6300,24.39,0,1
19,3,2,6300,24.19,0,1
19,3,3,6300,24.8,0,1
19,3,4,6300,26.81,0,1
19,3,5,6300,28.43,0,1
19,3,6,6300,28.83,0,1
19,3,7,6300,28.43,0,1
19,3,8,6300,26.81,0,1
19,3,9,6300,23.99,0,1
19,3,10,6300,26.81,0,1
19,3,11,6300,37.09,0,1
19,3,12,6300,43.95,0,1
19,3,13,6300,52.62,0,1
19,4,1,6300,25.4,0,1
19,4,2,6300,25.6,0,1
19,4,3,6300,25,0,1
19,4,4,6300,25.4,0,1
19,4,5,6300,26.21,0,1
19,4,6,6300,27.62,0,1
19,4,7,6300,27.42,0,1
19,4,8,6300,25,0,1
19,4,9,6300,21.77,0,1
19,4,10,6300,23.99,0,1
19,4,11,6300,32.05,0,1
19,4,12,6300,41.93,0,1
19,4,13,6300,53.22,0,1
19,5,1,6300,26.41,0,1
19,5,2,6300,25.8,0,1
19,5,3,6300,26.41,0,1
19,5,4,6300,26.21,0,1
19,5,5,6300,27.62,0,1
19,5,6,6300,28.22,0,1
19,5,7,6300,29.23,0,1
19,5,8,6300,28.43,0,1
19,5,9,6300,27.22,0,2
19,5,10,6300,30.24,0,2
19,5,11,6300,36.49,0,2
19,5,12,6300,39.31,0,2
19,5,13,6300,41.33,0,2
19,6,1,6300,24.6,0,2
19,6,2,6300,24.39,0,1
19,6,3,6300,25.6,0,1
19,6,4,6300,25.6,0,1
19,6,5,6300,26.01,0,1
19,6,6,6300,26.81,0,1
19,6,7,6300,24.8,0,1
19,6,8,6300,24.8,0,1
19,6,9,6300,27.01,0,2
19,6,10,6300,28.43,0,2
19,6,11,6300,30.84,0,2
19,6,12,6300,28.83,0,2
19,6,13,6300,30.64,0,2
19,7,1,6300,22.98,0,2
19,7,2,6300,23.18,0,1
19,7,3,6300,23.39,0,1
19,7,4,6300,23.99,0,1
19,7,5,6300,24.39,0,1
19,7,6,6300,23.59,0,1
19,7,7,6300,22.38,0,1
19,7,8,6300,21.97,0,1
19,7,9,6300,25.6,0,2
19,7,10,6300,24.39,0,2
19,7,11,6300,25.2,0,2
19,7,12,6300,25.4,0,2
19,7,13,6300,24.6,0,2
19,8,1,6300,19.96,0,2
19,8,2,6300,20.56,0,1
19,8,3,6300,21.17,0,1
19,8,4,6300,21.77,0,1
19,8,5,6300,22.18,0,1
19,8,6,6300,21.37,0,1
19,8,7,6300,18.95,0,1
19,8,8,6300,17.94,0,1
19,8,9,6300,20.16,0,2
19,8,10,6300,23.18,0,2
19,8,11,6300,25,0,2
19,8,12,6300,23.99,0,2
19,8,13,6300,22.38,0,2
19,9,1,6300,19.56,0,2
19,9,2,6300,19.15,0,2
19,9,3,6300,19.76,0,1
19,9,4,6300,21.17,0,1
19,9,5,6300,21.17,0,1
19,9,6,6300,20.56,0,1
19,9,7,6300,18.14,0,1
19,9,8,6300,16.93,0,1
19,9,9,6300,19.96,0,2
19,9,10,6300,21.77,0,2
19,9,11,6300,21.77,0,2
19,9,12,6300,21.97,0,2
19,9,13,6300,21.37,0,2
19,10,1,6300,18.35,0,2
19,10,2,6300,19.15,0,2
19,10,3,6300,19.35,0,1
19,10,4,6300,20.36,0,2
19,10,5,6300,21.57,0,1
19,10,6,6300,20.76,0,1
19,10,7,6300,18.95,0,2
19,10,8,6300,18.75,0,2
19,10,9,6300,19.96,0,2
19,10,10,6300,19.76,0,2
19,10,11,6300,19.56,0,2
19,10,12,6300,19.15,0,2
19,10,13,6300,18.35,0,2
19,11,1,6300,17.34,0,2
19,11,2,6300,17.34,0,2
19,11,3,6300,18.14,0,2
19,11,4,6300,19.35,0,2
19,11,5,6300,19.76,0,2
19,11,6,6300,20.16,0,2
19,11,7,6300,19.96,0,2
19,11,8,6300,19.56,0,2
19,11,9,6300,19.56,0,2
19,11,10,6300,19.56,0,2
19,11,11,6300,18.95,0,2
19,11,12,6300,18.35,0,2
19,11,13,6300,17.34,0,2
19,12,1,6300,16.73,0,2
19,12,2,6300,16.13,0,2
19,12,3,6300,17.14,0,2
19,12,4,6300,18.35,0,2
19,12,5,6300,18.14,0,2
19,12,6,6300,21.37,0,2
19,12,7,6300,20.76,0,2
19,12,8,6300,20.56,0,2
19,12,9,6300,19.15,0,2
19,12,10,6300,18.14,0,2
19,12,11,6300,17.94,0,2
19,12,12,6300,17.54,0,2
19,12,13,6300,17.14,0,2
19,13,1,6300,18.55,0,2
19,13,2,6300,18.35,0,2
19,13,3,6300,18.95,0,2
19,13,4,6300,19.56,0,2
19,13,5,6300,19.96,0,2
19,13,6,6300,20.97,0,2
19,13,7,6300,20.16,0,2
19,13,8,6300,19.35,0,2
19,13,9,6300,18.75,0,2
19,13,10,6300,18.75,0,2
19,13,11,6300,18.35,0,2
19,13,12,6300,17.34,0,2
19,13,13,6300,14.52,0,2
19,14,1,6300,19.15,0,2
19,14,2,6300,19.96,0,1
19,14,3,6300,19.96,0,2
19,14,4,6300,19.76,0,2
19,14,5,6300,19.76,0,1
19,14,6,6300,20.56,0,1
19,14,7,6300,19.96,0,2
19,14,8,6300,19.35,0,2
19,14,9,6300,18.35,0,2
19,14,10,6300,17.74,0,2
19,14,11,6300,18.95,0,2
19,14,12,6300,18.55,0,2
19,14,13,6300,18.35,0,2
19,15,1,6300,20.16,0,2
19,15,2,6300,19.76,0,1
19,15,3,6300,20.76,0,1
19,15,4,6300,20.16,0,2
19,15,5,6300,19.56,0,1
19,15,6,6300,19.15,0,1
19,15,7,6300,17.94,0,2
19,15,8,6300,16.93,0,2
19,15,9,6300,16.53,0,2
19,15,10,6300,17.34,0,2
19,15,11,6300,18.35,0,2
19,15,12,6300,18.95,0,2
19,15,13,6300,18.55,0,2
19,16,1,6300,19.96,0,2
19,16,2,6300,19.76,0,2
19,16,3,6300,19.96,0,1
19,16,4,6300,19.76,0,1
19,16,5,6300,19.15,0,1
19,16,6,6300,17.74,0,1
19,16,7,6300,16.73,0,2
19,16,8,6300,14.11,0,2
19,16,9,6300,13.91,0,2
19,16,10,6300,15.52,0,2
19,16,11,6300,18.55,0,2
19,16,12,6300,19.56,0,2
19,16,13,6300,19.35,0,2
19,17,1,6300,20.36,0,2
19,17,2,6300,19.96,0,2
19,17,3,6300,19.56,0,1
19,17,4,6300,18.35,0,1
19,17,5,6300,17.54,0,1
19,17,6,6300,17.14,0,1
19,17,7,6300,16.33,0,2
19,17,8,6300,15.32,0,2
19,17,9,6300,15.32,0,2
19,17,10,6300,16.33,0,2
19,17,11,6300,16.53,0,2
19,17,12,6300,16.33,0,2
19,17,13,6300,16.73,0,2
19,18,1,6300,20.76,0,2
19,18,2,6300,19.96,0,2
19,18,3,6300,18.55,0,1
19,18,4,6300,17.94,0,1
19,18,5,6300,17.94,0,1
19,18,6,6300,18.14,0,1
19,18,7,6300,17.34,0,2
19,18,8,6300,17.14,0,2
19,18,9,6300,16.53,0,2
19,18,10,6300,16.73,0,2
19,18,11,6300,17.94,0,2
19,18,12,6300,17.54,0,2
19,18,13,6300,17.54,0,2
19,19,1,6300,19.56,0,2
19,19,2,6300,18.75,0,2
19,19,3,6300,18.35,0,1
19,19,4,6300,18.55,0,1
19,19,5,6300,19.35,0,2
19,19,6,6300,19.96,0,1
19,19,7,6300,19.96,0,2
19,19,8,6300,19.15,0,2
19,19,9,6300,17.74,0,2
19,19,10,6300,17.34,0,2
19,19,11,6300,18.14,0,2
19,19,12,6300,18.75,0,2
19,19,13,6300,17.94,0,2
19,20,1,6300,17.94,0,2
19,20,2,6300,17.54,0,2
19,20,3,6300,17.54,0,1
19,20,4,6300,19.15,0,1
19,20,5,6300,20.36,0,1
19,20,6,6300,21.37,0,1
19,20,7,6300,22.38,0,2
19,20,8,6300,21.57,0,2
19,20,9,6300,19.76,0,2
19,20,10,6300,18.14,0,2
19,20,11,6300,18.35,0,2
19,20,12,6300,19.15,0,2
19,20,13,6300,18.95,0,2
19,21,1,6300,16.53,0,2
19,21,2,6300,16.93,0,2
19,21,3,6300,17.74,0,2
19,21,4,6300,19.56,0,2
19,21,5,6300,21.97,0,2
19,21,6,6300,19.96,0,2
19,21,7,6300,22.38,0,2
19,21,8,6300,25,0,2
19,21,9,6300,20.97,0,2
19,21,10,6300,17.54,0,2
19,21,11,6300,17.74,0,2
19,21,12,6300,18.75,0,2
19,21,13,6300,18.55,0,2
19,22,1,6300,17.94,0,2
19,22,2,6300,17.54,0,2
19,22,3,6300,17.34,0,2
19,22,4,6300,19.76,0,2
19,22,5,6300,21.97,0,2
19,22,6,6300,22.98,0,2
19,22,7,6300,24.6,0,2
19,22,8,6300,23.59,0,2
19,22,9,6300,21.37,0,2
19,22,10,6300,18.35,0,2
19,22,11,6300,18.55,0,2
19,22,12,6300,19.35,0,2
19,22,13,6300,19.76,0,2
19,23,1,6300,19.76,0,2
19,23,2,6300,17.54,0,2
19,23,3,6300,16.73,0,2
19,23,4,6300,17.74,0,2
19,23,5,6300,19.35,0,2
19,23,6,6300,26.01,0,2
19,23,7,6300,25.6,0,2
19,23,8,6300,23.59,0,2
19,23,9,6300,19.76,0,2
19,23,10,6300,17.14,0,2
19,23,11,6300,17.54,0,2
19,23,12,6300,19.76,0,2
19,23,13,6300,22.38,0,2
19,24,1,6300,24.8,0,2
19,24,2,6300,23.79,0,2
19,24,3,6300,22.98,0,2
19,24,4,6300,23.18,0,2
19,24,5,6300,23.79,0,2
19,24,6,6300,25.6,0,2
19,24,7,6300,25.8,0,2
19,24,8,6300,23.79,0,2
19,24,9,6300,21.77,0,2
19,24,10,6300,19.76,0,2
19,24,11,6300,19.15,0,2
19,24,12,6300,20.16,0,2
19,24,13,6300,21.37,0,2
19,25,1,6300,36.09,0,2
19,25,2,6300,37.3,0,2
19,25,3,6300,34.07,0,2
19,25,4,6300,30.04,0,2
19,25,5,6300,27.42,0,2
19,25,6,6300,29.84,0,2
19,25,7,6300,29.43,0,2
19,25,8,6300,25.2,0,2
19,25,9,6300,22.78,0,2
19,25,10,6300,20.97,0,2
19,25,11,6300,18.55,0,2
19,25,12,6300,20.36,0,2
19,25,13,6300,22.18,0,2
19,26,1,6300,31.25,0,2
19,26,2,6300,32.46,0,2
19,26,3,6300,31.25,0,2
19,26,4,6300,29.23,0,2
19,26,5,6300,27.62,0,2
19,26,6,6300,28.63,0,2
19,26,7,6300,28.22,0,2
19,26,8,6300,25.8,0,2
19,26,9,6300,23.18,0,2
19,26,10,6300,21.17,0,2
19,26,11,6300,20.36,0,2
19,26,12,6300,21.37,0,2
19,26,13,6300,22.18,0,2
19,27,1,6300,25.8,0,2
19,27,2,6300,25.4,0,2
19,27,3,6300,25.8,0,2
19,27,4,6300,26.61,0,2
19,27,5,6300,27.42,0,2
19,27,6,6300,29.03,0,2
19,27,7,6300,29.64,0,2
19,27,8,6300,27.62,0,2
19,27,9,6300,25.6,0,1
19,27,10,6300,24.19,0,1
19,27,11,6300,22.18,0,1
19,27,12,6300,20.36,0,2
19,27,13,6300,20.97,0,2
19,28,1,6300,21.77,0,2
19,28,2,6300,21.57,0,1
19,28,3,6300,21.97,0,1
19,28,4,6300,23.39,0,1
19,28,5,6300,25,0,1
19,28,6,6300,27.62,0,1
19,28,7,6300,28.63,0,1
19,28,8,6300,27.42,0,1
19,28,9,6300,25.2,0,1
19,28,10,6300,23.59,0,1
19,28,11,6300,24.19,0,1
19,28,12,6300,23.39,0,1
19,28,13,6300,23.18,0,2
19,29,1,6300,19.56,0,1
19,29,2,6300,18.35,0,1
19,29,3,6300,17.94,0,1
19,29,4,6300,16.33,0,1
19,29,5,6300,15.52,0,1
19,29,6,6300,18.95,0,1
19,29,7,6300,21.57,0,1
19,29,8,6300,22.98,0,1
19,29,9,6300,22.78,0,1
19,29,10,6300,25.4,0,1
19,29,11,6300,23.18,0,1
19,29,12,6300,25,0,1
19,29,13,6300,24.6,0,1
19,30,1,6300,15.72,0,1
19,30,2,6300,14.72,0,1
19,30,3,6300,14.52,0,1
19,30,4,6300,14.31,0,1
19,30,5,6300,14.11,0,1
19,30,6,6300,15.32,0,1
19,30,7,6300,17.14,0,1
19,30,8,6300,18.35,0,1
19,30,9,6300,19.35,0,1
19,30,10,6300,19.96,0,1
19,30,11,6300,21.77,0,1
19,30,12,6300,23.18,0,1
19,30,13,6300,23.59,0,1
19,31,1,6300,13.51,0,1
19,31,2,6300,13.1,0,1
19,31,3,6300,13.31,0,1
19,31,4,6300,12.7,0,1
19,31,5,6300,12.1,0,1
19,31,6,6300,12.3,0,1
19,31,7,6300,12.9,0,1
19,31,8,6300,13.71,0,1
19,31,9,6300,14.92,0,1
19,31,10,6300,16.33,0,1
19,31,11,6300,18.55,0,1
19,31,12,6300,20.16,0,1
19,31,13,6300,20.36,0,1
19,32,1,6300,9.48,0,1
19,32,2,6300,11.09,0,1
19,32,3,6300,10.08,0,1
19,32,4,6300,10.48,0,1
19,32,5,6300,11.49,0,1
19,32,6,6300,11.89,0,1
19,32,7,6300,11.29,0,1
19,32,8,6300,11.89,0,1
19,32,9,6300,14.52,0,1
19,32,10,6300,13.71,0,1
19,32,11,6300,16.33,0,1
19,32,12,6300,18.14,0,1
19,32,13,6300,18.35,0,1
19,33,1,6300,9.88,0,1
19,33,2,6300,9.68,0,1
19,33,3,6300,9.48,0,1
19,33,4,6300,9.27,0,1
19,33,5,6300,9.27,0,1
19,33,6,6300,9.48,0,1
19,33,7,6300,9.68,0,1
19,33,8,6300,10.08,0,1
19,33,9,6300,10.48,0,1
19,33,10,6300,10.89,0,1
19,33,11,6300,11.69,0,1
19,33,12,6300,12.7,0,1
19,33,13,6300,14.52,0,1
19,34,1,6300,9.27,0,1
19,34,2,6300,8.67,0,1
19,34,3,6300,8.27,0,1
19,34,4,6300,8.27,0,1
19,34,5,6300,8.87,0,1
19,34,6,6300,9.07,0,1
19,34,7,6300,8.87,0,1
19,34,8,6300,9.07,0,1
19,34,9,6300,8.87,0,1
19,34,10,6300,8.27,0,1
19,34,11,6300,9.07,0,1
19,34,12,6300,10.89,0,1
19,34,13,6300,12.3,0,1
19,35,1,6300,7.86,0,1
19,35,2,6300,7.66,0,1
19,35,3,6300,7.66,0,1
19,35,4,6300,7.86,0,1
19,35,5,6300,8.47,0,1
19,35,6,6300,9.88,0,1
19,35,7,6300,10.68,0,1
19,35,8,6300,8.47,0,1
19,35,9,6300,6.85,0,1
19,35,10,6300,6.85,0,1
19,35,11,6300,8.87,0,1
19,35,12,6300,10.08,0,1
19,35,13,6300,11.09,0,1
19,36,1,6300,7.46,0,1
19,36,2,6300,7.46,0,1
19,36,3,6300,7.66,0,1
19,36,4,6300,7.66,0,1
19,36,5,6300,7.86,0,1
19,36,6,6300,8.47,0,1
19,36,7,6300,9.27,0,1
19,36,8,6300,7.46,0,1
19,36,9,6300,7.66,0,1
19,36,10,6300,8.06,0,1
19,36,11,6300,9.07,0,1
19,36,12,6300,10.08,0,1
19,36,13,6300,10.48,0,1
19,37,1,6300,6.85,0,1
19,37,2,6300,7.06,0,1
19,37,3,6300,7.46,0,1
19,37,4,6300,7.46,0,1
19,37,5,6300,8.06,0,1
19,37,6,6300,8.27,0,1
19,37,7,6300,8.47,0,1
19,37,8,6300,8.06,0,1
19,37,9,6300,8.06,0,1
19,37,10,6300,8.47,0,1
19,37,11,6300,9.07,0,1
19,37,12,6300,9.68,0,1
19,37,13,6300,9.68,0,1
19,38,1,6300,6.45,0,1
19,38,2,6300,6.65,0,1
19,38,3,6300,6.45,0,1
19,38,4,6300,6.85,0,1
19,38,5,6300,7.66,0,1
19,38,6,6300,8.06,0,1
19,38,7,6300,8.67,0,1
19,38,8,6300,8.87,0,1
19,38,9,6300,9.27,0,1
19,38,10,6300,9.27,0,1
19,38,11,6300,9.68,0,1
19,38,12,6300,10.28,0,1
19,38,13,6300,9.88,0,1
19,39,1,6300,5.44,0,1
19,39,2,6300,5.44,0,1
19,39,3,6300,5.24,0,1
19,39,4,6300,5.44,0,1
19,39,5,6300,6.65,0,1
19,39,6,6300,7.06,0,1
19,39,7,6300,8.27,0,1
19,39,8,6300,9.68,0,1
19,39,9,6300,10.28,0,1
19,39,10,6300,10.48,0,1
19,39,11,6300,10.28,0,1
19,39,12,6300,10.28,0,1
19,39,13,6300,10.08,0,1
19,40,1,6300,5.24,0,1
19,40,2,6300,4.84,0,1
19,40,3,6300,4.64,0,1
19,40,4,6300,4.64,0,1
19,40,5,6300,5.85,0,1
19,40,6,6300,6.65,0,1
19,40,7,6300,8.06,0,1
19,40,8,6300,10.08,0,2
19,40,9,6300,11.49,0,1
19,40,10,6300,11.89,0,1
19,40,11,6300,11.09,0,1
19,40,12,6300,10.68,0,1
19,40,13,6300,10.08,0,2
20,1,1,6300,20.97,0,1
20,1,2,6300,19.96,0,1
20,1,3,6300,22.18,0,1
20,1,4,6300,26.01,0,1
20,1,5,6300,25.6,0,1
20,1,6,6300,23.99,0,1
20,1,7,6300,23.59,0,1
20,1,8,6300,26.01,0,1
20,1,9,6300,25.6,0,1
20,1,10,6300,29.43,0,1
20,1,11,6300,35.08,0,1
20,1,12,6300,35.48,0,1
20,1,13,6300,32.86,0,1
20,2,1,6300,22.78,0,1
20,2,2,6300,22.58,0,1
20,2,3,6300,25,0,1
20,2,4,6300,28.02,0,1
20,2,5,6300,28.22,0,1
20,2,6,6300,29.64,0,1
20,2,7,6300,31.05,0,1
20,2,8,6300,28.63,0,1
20,2,9,6300,27.01,0,1
20,2,10,6300,27.82,0,1
20,2,11,6300,36.69,0,1
20,2,12,6300,39.11,0,1
20,2,13,6300,39.51,0,1
20,3,1,6300,26.01,0,1
20,3,2,6300,26.41,0,1
20,3,3,6300,27.01,0,1
20,3,4,6300,28.22,0,1
20,3,5,6300,28.43,0,1
20,3,6,6300,25,0,1
20,3,7,6300,23.18,0,1
20,3,8,6300,20.16,0,1
20,3,9,6300,18.55,0,1
20,3,10,6300,21.37,0,1
20,3,11,6300,29.03,0,1
20,3,12,6300,31.65,0,1
20,3,13,6300,38.1,0,1
20,4,1,6300,24.6,0,1
20,4,2,6300,24.19,0,1
20,4,3,6300,26.21,0,1
20,4,4,6300,27.01,0,1
20,4,5,6300,27.01,0,1
20,4,6,6300,23.59,0,1
20,4,7,6300,23.18,0,1
20,4,8,6300,24.39,0,1
20,4,9,6300,21.77,0,1
20,4,10,6300,23.59,0,1
20,4,11,6300,29.43,0,1
20,4,12,6300,30.24,0,1
20,4,13,6300,35.28,0,1
20,5,1,6300,25.6,0,1
20,5,2,6300,25,0,1
20,5,3,6300,27.22,0,1
20,5,4,6300,28.22,0,1
20,5,5,6300,28.43,0,1
20,5,6,6300,24.8,0,1
20,5,7,6300,21.97,0,1
20,5,8,6300,21.57,0,1
20,5,9,6300,20.36,0,1
20,5,10,6300,21.97,0,2
20,5,11,6300,26.81,0,1
20,5,12,6300,28.63,0,1
20,5,13,6300,32.05,0,1
20,6,1,6300,25.6,0,2
20,6,2,6300,25.8,0,1
20,6,3,6300,26.01,0,1
20,6,4,6300,27.42,0,1
20,6,5,6300,27.01,0,1
20,6,6,6300,25,0,1
20,6,7,6300,24.39,0,1
20,6,8,6300,25.4,0,1
20,6,9,6300,24.19,0,2
20,6,10,6300,24.8,0,2
20,6,11,6300,27.82,0,2
20,6,12,6300,26.01,0,2
20,6,13,6300,26.81,0,2
20,7,1,6300,22.58,0,2
20,7,2,6300,22.98,0,1
20,7,3,6300,25.2,0,1
20,7,4,6300,25.2,0,1
20,7,5,6300,25.8,0,1
20,7,6,6300,23.79,0,1
20,7,7,6300,21.17,0,1
20,7,8,6300,21.97,0,1
20,7,9,6300,23.18,0,2
20,7,10,6300,21.77,0,2
20,7,11,6300,22.38,0,2
20,7,12,6300,21.97,0,2
20,7,13,6300,20.16,0,2
20,8,1,6300,20.97,0,2
20,8,2,6300,21.37,0,2
20,8,3,6300,22.38,0,1
20,8,4,6300,23.59,0,1
20,8,5,6300,24.39,0,1
20,8,6,6300,22.38,0,1
20,8,7,6300,19.56,0,1
20,8,8,6300,20.36,0,1
20,8,9,6300,20.56,0,2
20,8,10,6300,21.37,0,2
20,8,11,6300,21.57,0,2
20,8,12,6300,22.18,0,2
20,8,13,6300,20.97,0,2
20,9,1,6300,19.96,0,2
20,9,2,6300,20.36,0,1
20,9,3,6300,20.76,0,1
20,9,4,6300,22.18,0,1
20,9,5,6300,22.18,0,1
20,9,6,6300,20.76,0,1
20,9,7,6300,19.35,0,1
20,9,8,6300,19.15,0,1
20,9,9,6300,19.76,0,2
20,9,10,6300,20.36,0,2
20,9,11,6300,19.96,0,2
20,9,12,6300,19.76,0,2
20,9,13,6300,19.76,0,2
20,10,1,6300,20.56,0,2
20,10,2,6300,20.76,0,2
20,10,3,6300,21.37,0,2
20,10,4,6300,21.77,0,2
20,10,5,6300,22.38,0,2
20,10,6,6300,21.77,0,2
20,10,7,6300,20.56,0,2
20,10,8,6300,18.75,0,2
20,10,9,6300,19.15,0,2
20,10,10,6300,18.75,0,2
20,10,11,6300,18.35,0,2
20,10,12,6300,17.14,0,2
20,10,13,6300,17.14,0,2
20,11,1,6300,18.75,0,2
20,11,2,6300,20.56,0,2
20,11,3,6300,19.76,0,2
20,11,4,6300,21.17,0,2
20,11,5,6300,21.17,0,2
20,11,6,6300,21.17,0,2
20,11,7,6300,20.56,0,2
20,11,8,6300,19.56,0,2
20,11,9,6300,18.75,0,2
20,11,10,6300,18.14,0,2
20,11,11,6300,16.93,0,2
20,11,12,6300,14.52,0,2
20,11,13,6300,15.72,0,2
20,12,1,6300,19.35,0,2
20,12,2,6300,19.56,0,2
20,12,3,6300,19.96,0,1
20,12,4,6300,20.97,0,2
20,12,5,6300,21.37,0,2
20,12,6,6300,21.37,0,2
20,12,7,6300,21.17,0,2
20,12,8,6300,22.38,0,2
20,12,9,6300,18.95,0,2
20,12,10,6300,18.14,0,2
20,12,11,6300,17.54,0,2
20,12,12,6300,16.73,0,2
20,12,13,6300,16.53,0,2
20,13,1,6300,19.15,0,2
20,13,2,6300,20.36,0,2
20,13,3,6300,20.36,0,2
20,13,4,6300,21.77,0,2
20,13,5,6300,22.18,0,2
20,13,6,6300,22.18,0,2
20,13,7,6300,20.36,0,2
20,13,8,6300,19.76,0,2
20,13,9,6300,18.55,0,2
20,13,10,6300,18.55,0,2
20,13,11,6300,17.14,0,2
20,13,12,6300,17.14,0,2
20,13,13,6300,16.13,0,2
20,14,1,6300,20.36,0,2
20,14,2,6300,20.16,0,2
20,14,3,6300,20.56,0,2
20,14,4,6300,21.17,0,2
20,14,5,6300,20.97,0,2
20,14,6,6300,20.76,0,2
20,14,7,6300,20.36,0,2
20,14,8,6300,18.95,0,2
20,14,9,6300,18.14,0,2
20,14,10,6300,17.14,0,2
20,14,11,6300,17.34,0,2
20,14,12,6300,17.14,0,2
20,14,13,6300,18.35,0,2
20,15,1,6300,20.56,0,2
20,15,2,6300,20.56,0,2
20,15,3,6300,20.56,0,1
20,15,4,6300,20.56,0,2
20,15,5,6300,20.56,0,1
20,15,6,6300,20.16,0,2
20,15,7,6300,18.55,0,2
20,15,8,6300,17.54,0,2
20,15,9,6300,16.93,0,2
20,15,10,6300,16.73,0,2
20,15,11,6300,16.93,0,2
20,15,12,6300,16.73,0,2
20,15,13,6300,15.93,0,2
20,16,1,6300,20.56,0,2
20,16,2,6300,20.36,0,2
20,16,3,6300,20.56,0,1
20,16,4,6300,20.36,0,1
20,16,5,6300,20.16,0,1
20,16,6,6300,20.16,0,1
20,16,7,6300,17.74,0,2
20,16,8,6300,16.73,0,2
20,16,9,6300,16.33,0,2
20,16,10,6300,16.53,0,2
20,16,11,6300,16.13,0,2
20,16,12,6300,15.93,0,2
20,16,13,6300,15.72,0,2
20,17,1,6300,20.76,0,2
20,17,2,6300,19.96,0,1
20,17,3,6300,20.16,0,1
20,17,4,6300,19.35,0,1
20,17,5,6300,19.35,0,1
20,17,6,6300,19.56,0,1
20,17,7,6300,17.54,0,2
20,17,8,6300,16.73,0,2
20,17,9,6300,16.53,0,2
20,17,10,6300,15.32,0,2
20,17,11,6300,13.1,0,2
20,17,12,6300,11.49,0,2
20,17,13,6300,13.1,0,2
20,18,1,6300,20.76,0,2
20,18,2,6300,19.96,0,2
20,18,3,6300,19.76,0,1
20,18,4,6300,18.35,0,1
20,18,5,6300,18.55,0,1
20,18,6,6300,18.75,0,1
20,18,7,6300,18.75,0,1
20,18,8,6300,17.94,0,2
20,18,9,6300,16.93,0,2
20,18,10,6300,15.52,0,2
20,18,11,6300,14.92,0,2
20,18,12,6300,14.72,0,2
20,18,13,6300,15.12,0,2
20,19,1,6300,20.76,0,2
20,19,2,6300,20.16,0,1
20,19,3,6300,20.16,0,1
20,19,4,6300,20.56,0,1
20,19,5,6300,20.56,0,1
20,19,6,6300,20.97,0,1
20,19,7,6300,21.77,0,1
20,19,8,6300,20.76,0,2
20,19,9,6300,19.15,0,2
20,19,10,6300,17.74,0,2
20,19,11,6300,18.14,0,2
20,19,12,6300,18.95,0,2
20,19,13,6300,16.33,0,2
20,20,1,6300,19.76,0,2
20,20,2,6300,19.35,0,1
20,20,3,6300,19.15,0,1
20,20,4,6300,19.76,0,1
20,20,5,6300,20.56,0,1
20,20,6,6300,20.76,0,1
20,20,7,6300,23.79,0,1
20,20,8,6300,23.79,0,2
20,20,9,6300,21.17,0,2
20,20,10,6300,18.75,0,2
20,20,11,6300,17.34,0,2
20,20,12,6300,17.34,0,2
20,20,13,6300,17.34,0,2
20,21,1,6300,18.95,0,2
20,21,2,6300,18.35,0,2
20,21,3,6300,18.75,0,1
20,21,4,6300,19.76,0,1
20,21,5,6300,20.97,0,2
20,21,6,6300,21.17,0,2
20,21,7,6300,23.99,0,2
20,21,8,6300,23.99,0,2
20,21,9,6300,20.76,0,2
20,21,10,6300,17.34,0,2
20,21,11,6300,17.34,0,2
20,21,12,6300,18.14,0,2
20,21,13,6300,17.74,0,2
20,22,1,6300,19.76,0,2
20,22,2,6300,19.56,0,2
20,22,3,6300,19.15,0,2
20,22,4,6300,19.96,0,2
20,22,5,6300,20.97,0,2
20,22,6,6300,22.38,0,2
20,22,7,6300,23.59,0,2
20,22,8,6300,22.38,0,2
20,22,9,6300,20.56,0,2
20,22,10,6300,18.75,0,2
20,22,11,6300,17.94,0,2
20,22,12,6300,19.56,0,2
20,22,13,6300,19.96,0,2
20,23,1,6300,21.77,0,2
20,23,2,6300,20.56,0,2
20,23,3,6300,20.16,0,2
20,23,4,6300,20.76,0,2
20,23,5,6300,22.38,0,2
20,23,6,6300,25,0,2
20,23,7,6300,26.01,0,2
20,23,8,6300,23.39,0,2
20,23,9,6300,19.96,0,2
20,23,10,6300,18.55,0,2
20,23,11,6300,21.17,0,2
20,23,12,6300,19.76,0,2
20,23,13,6300,27.82,0,2
20,24,1,6300,25.6,0,2
20,24,2,6300,25.4,0,2
20,24,3,6300,24.8,0,2
20,24,4,6300,24.8,0,2
20,24,5,6300,24.39,0,2
20,24,6,6300,25.6,0,2
20,24,7,6300,26.21,0,2
20,24,8,6300,24.19,0,2
20,24,9,6300,23.79,0,2
20,24,10,6300,20.56,0,2
20,24,11,6300,18.95,0,2
20,24,12,6300,20.76,0,2
20,24,13,6300,21.97,0,2
20,25,1,6300,31.65,0,2
20,25,2,6300,32.46,0,2
20,25,3,6300,31.05,0,2
20,25,4,6300,29.23,0,2
20,25,5,6300,26.81,0,2
20,25,6,6300,27.62,0,2
20,25,7,6300,27.22,0,2
20,25,8,6300,25.8,0,2
20,25,9,6300,22.78,0,2
20,25,10,6300,18.55,0,2
20,25,11,6300,16.73,0,2
20,25,12,6300,20.16,0,2
20,25,13,6300,23.18,0,2
20,26,1,6300,29.84,0,2
20,26,2,6300,30.84,0,2
20,26,3,6300,30.44,0,2
20,26,4,6300,29.43,0,2
20,26,5,6300,26.61,0,2
20,26,6,6300,27.62,0,2
20,26,7,6300,27.01,0,2
20,26,8,6300,25.4,0,2
20,26,9,6300,22.98,0,2
20,26,10,6300,18.35,0,1
20,26,11,6300,17.34,0,1
20,26,12,6300,18.14,0,1
20,26,13,6300,19.35,0,2
20,27,1,6300,24.39,0,2
20,27,2,6300,23.79,0,1
20,27,3,6300,23.99,0,1
20,27,4,6300,24.6,0,1
20,27,5,6300,24.6,0,1
20,27,6,6300,23.99,0,1
20,27,7,6300,24.39,0,1
20,27,8,6300,23.39,0,1
20,27,9,6300,21.97,0,1
20,27,10,6300,18.14,0,1
20,27,11,6300,14.11,0,1
20,27,12,6300,12.1,0,1
20,27,13,6300,14.92,0,1
20,28,1,6300,20.97,0,1
20,28,2,6300,20.36,0,1
20,28,3,6300,20.97,0,1
20,28,4,6300,21.37,0,1
20,28,5,6300,21.17,0,1
20,28,6,6300,22.58,0,1
20,28,7,6300,23.39,0,1
20,28,8,6300,22.98,0,1
20,28,9,6300,22.78,0,1
20,28,10,6300,20.56,0,1
20,28,11,6300,19.56,0,1
20,28,12,6300,17.94,0,1
20,28,13,6300,18.55,0,1
20,29,1,6300,17.74,0,1
20,29,2,6300,17.54,0,1
20,29,3,6300,17.14,0,1
20,29,4,6300,16.33,0,1
20,29,5,6300,16.13,0,1
20,29,6,6300,17.74,0,1
20,29,7,6300,19.15,0,1
20,29,8,6300,19.56,0,1
20,29,9,6300,20.16,0,1
20,29,10,6300,20.76,0,1
20,29,11,6300,22.78,0,1
20,29,12,6300,26.81,0,1
20,29,13,6300,22.98,0,2
20,30,1,6300,15.12,0,1
20,30,2,6300,14.31,0,1
20,30,3,6300,14.11,0,1
20,30,4,6300,13.91,0,1
20,30,5,6300,14.11,0,1
20,30,6,6300,14.92,0,1
20,30,7,6300,16.33,0,1
20,30,8,6300,17.34,0,1
20,30,9,6300,18.14,0,1
20,30,10,6300,18.55,0,1
20,30,11,6300,20.16,0,1
20,30,12,6300,20.76,0,1
20,30,13,6300,20.36,0,2
20,31,1,6300,12.1,0,1
20,31,2,6300,11.49,0,1
20,31,3,6300,11.49,0,1
20,31,4,6300,11.49,0,1
20,31,5,6300,11.49,0,1
20,31,6,6300,12.1,0,1
20,31,7,6300,12.5,0,1
20,31,8,6300,13.31,0,1
20,31,9,6300,13.51,0,1
20,31,10,6300,14.52,0,1
20,31,11,6300,15.72,0,1
20,31,12,6300,16.53,0,1
20,31,13,6300,15.93,0,2
20,32,1,6300,10.28,0,1
20,32,2,6300,10.48,0,1
20,32,3,6300,10.48,0,1
20,32,4,6300,10.68,0,1
20,32,5,6300,10.89,0,1
20,32,6,6300,11.29,0,1
20,32,7,6300,11.49,0,1
20,32,8,6300,11.89,0,1
20,32,9,6300,12.3,0,1
20,32,10,6300,12.5,0,1
20,32,11,6300,11.29,0,1
20,32,12,6300,13.91,0,1
20,32,13,6300,14.31,0,1
20,33,1,6300,9.07,0,1
20,33,2,6300,9.07,0,1
20,33,3,6300,9.27,0,1
20,33,4,6300,9.27,0,1
20,33,5,6300,9.48,0,1
20,33,6,6300,9.88,0,1
20,33,7,6300,9.48,0,1
20,33,8,6300,10.08,0,1
20,33,9,6300,10.28,0,1
20,33,10,6300,10.48,0,1
20,33,11,6300,10.68,0,1
20,33,12,6300,11.09,0,1
20,33,13,6300,11.69,0,1
20,34,1,6300,9.27,0,1
20,34,2,6300,8.87,0,1
20,34,3,6300,8.87,0,1
20,34,4,6300,8.87,0,1
20,34,5,6300,9.07,0,1
20,34,6,6300,9.48,0,1
20,34,7,6300,9.68,0,1
20,34,8,6300,9.27,0,1
20,34,9,6300,8.47,0,1
20,34,10,6300,8.47,0,1
20,34,11,6300,9.27,0,1
20,34,12,6300,9.88,0,1
20,34,13,6300,10.28,0,1
20,35,1,6300,7.86,0,1
20,35,2,6300,7.86,0,1
20,35,3,6300,7.66,0,1
20,35,4,6300,8.06,0,1
20,35,5,6300,8.67,0,1
20,35,6,6300,10.28,0,1
20,35,7,6300,10.48,0,1
20,35,8,6300,8.87,0,1
20,35,9,6300,7.06,0,1
20,35,10,6300,7.06,0,1
20,35,11,6300,8.27,0,1
20,35,12,6300,8.47,0,1
20,35,13,6300,9.27,0,1
20,36,1,6300,7.46,0,1
20,36,2,6300,7.26,0,1
20,36,3,6300,7.86,0,1
20,36,4,6300,8.47,0,1
20,36,5,6300,8.67,0,1
20,36,6,6300,9.07,0,1
20,36,7,6300,8.87,0,1
20,36,8,6300,8.27,0,1
20,36,9,6300,8.06,0,1
20,36,10,6300,7.66,0,1
20,36,11,6300,8.27,0,1
20,36,12,6300,8.67,0,1
20,36,13,6300,8.87,0,1
20,37,1,6300,7.26,0,1
20,37,2,6300,7.26,0,1
20,37,3,6300,7.06,0,1
20,37,4,6300,7.46,0,1
20,37,5,6300,8.47,0,1
20,37,6,6300,8.67,0,1
20,37,7,6300,8.87,0,1
20,37,8,6300,8.27,0,1
20,37,9,6300,8.06,0,1
20,37,10,6300,7.86,0,1
20,37,11,6300,7.86,0,1
20,37,12,6300,8.27,0,1
20,37,13,6300,7.26,0,1
20,38,1,6300,6.65,0,1
20,38,2,6300,6.25,0,1
20,38,3,6300,6.05,0,1
20,38,4,6300,6.65,0,1
20,38,5,6300,7.66,0,1
20,38,6,6300,7.86,0,1
20,38,7,6300,8.47,0,1
20,38,8,6300,8.67,0,1
20,38,9,6300,8.06,0,1
20,38,10,6300,8.27,0,1
20,38,11,6300,8.27,0,1
20,38,12,6300,8.47,0,1
20,38,13,6300,7.66,0,1
20,39,1,6300,6.05,0,1
20,39,2,6300,5.64,0,1
20,39,3,6300,5.44,0,1
20,39,4,6300,5.85,0,1
20,39,5,6300,6.65,0,1
20,39,6,6300,7.46,0,1
20,39,7,6300,8.06,0,1
20,39,8,6300,9.48,0,1
20,39,9,6300,10.08,0,1
20,39,10,6300,9.88,0,1
20,39,11,6300,9.48,0,1
20,39,12,6300,9.07,0,1
20,39,13,6300,9.27,0,1
20,40,1,6300,5.64,0,1
20,40,2,6300,5.04,0,1
20,40,3,6300,4.84,0,1
20,40,4,6300,5.04,0,1
20,40,5,6300,6.25,0,1
20,40,6,6300,6.65,0,1
20,40,7,6300,8.27,0,1
20,40,8,6300,9.88,0,1
20,40,9,6300,10.48,0,1
20,40,10,6300,10.48,0,1
20,40,11,6300,9.88,0,1
20,40,12,6300,9.88,0,1
20,40,13,6300,9.88,0,1
21,1,1,6300,21.17,0,1
21,1,2,6300,20.97,0,1
21,1,3,6300,19.96,0,2
21,1,4,6300,23.99,0,2
21,1,5,6300,21.77,0,1
21,1,6,6300,21.57,0,1
21,1,7,6300,23.39,0,1
21,1,8,6300,20.97,0,1
21,1,9,6300,20.56,0,1
21,1,10,6300,23.18,0,1
21,1,11,6300,27.22,0,1
21,1,12,6300,27.22,0,1
21,1,13,6300,25.4,0,1
21,2,1,6300,21.57,0,1
21,2,2,6300,21.77,0,1
21,2,3,6300,25.8,0,1
21,2,4,6300,26.01,0,1
21,2,5,6300,22.58,0,1
21,2,6,6300,19.96,0,1
21,2,7,6300,18.75,0,1
21,2,8,6300,15.12,0,1
21,2,9,6300,13.51,0,1
21,2,10,6300,14.52,0,1
21,2,11,6300,18.35,0,1
21,2,12,6300,18.95,0,1
21,2,13,6300,19.96,0,1
21,3,1,6300,22.38,0,1
21,3,2,6300,22.98,0,1
21,3,3,6300,27.82,0,1
21,3,4,6300,28.43,0,1
21,3,5,6300,28.63,0,1
21,3,6,6300,27.22,0,1
21,3,7,6300,24.19,0,1
21,3,8,6300,19.56,0,1
21,3,9,6300,15.72,0,1
21,3,10,6300,16.33,0,1
21,3,11,6300,21.97,0,1
21,3,12,6300,22.38,0,1
21,3,13,6300,24.39,0,1
21,4,1,6300,23.18,0,1
21,4,2,6300,24.19,0,1
21,4,3,6300,27.01,0,1
21,4,4,6300,31.05,0,1
21,4,5,6300,29.84,0,1
21,4,6,6300,23.59,0,1
21,4,7,6300,19.76,0,2
21,4,8,6300,19.76,0,2
21,4,9,6300,17.94,0,2
21,4,10,6300,17.54,0,2
21,4,11,6300,20.97,0,2
21,4,12,6300,20.56,0,1
21,4,13,6300,21.57,0,1
21,5,1,6300,24.8,0,1
21,5,2,6300,25,0,1
21,5,3,6300,28.43,0,1
21,5,4,6300,32.66,0,1
21,5,5,6300,31.85,0,1
21,5,6,6300,25.4,0,1
21,5,7,6300,22.38,0,1
21,5,8,6300,20.16,0,1
21,5,9,6300,18.35,0,2
21,5,10,6300,18.75,0,1
21,5,11,6300,20.36,0,1
21,5,12,6300,21.97,0,1
21,5,13,6300,22.98,0,1
21,6,1,6300,25,0,1
21,6,2,6300,25.6,0,1
21,6,3,6300,27.82,0,1
21,6,4,6300,28.83,0,1
21,6,5,6300,28.22,0,1
21,6,6,6300,26.01,0,1
21,6,7,6300,21.77,0,1
21,6,8,6300,21.17,0,1
21,6,9,6300,19.35,0,1
21,6,10,6300,18.95,0,2
21,6,11,6300,20.56,0,2
21,6,12,6300,20.36,0,2
21,6,13,6300,20.97,0,2
21,7,1,6300,24.19,0,2
21,7,2,6300,24.8,0,1
21,7,3,6300,26.21,0,1
21,7,4,6300,25.8,0,1
21,7,5,6300,25.4,0,1
21,7,6,6300,22.78,0,2
21,7,7,6300,21.17,0,1
21,7,8,6300,21.17,0,1
21,7,9,6300,20.97,0,2
21,7,10,6300,20.16,0,2
21,7,11,6300,20.16,0,2
21,7,12,6300,20.97,0,2
21,7,13,6300,21.17,0,2
21,8,1,6300,23.79,0,2
21,8,2,6300,23.79,0,2
21,8,3,6300,24.39,0,1
21,8,4,6300,24.39,0,2
21,8,5,6300,23.79,0,2
21,8,6,6300,21.37,0,2
21,8,7,6300,19.96,0,1
21,8,8,6300,20.36,0,1
21,8,9,6300,20.16,0,2
21,8,10,6300,20.76,0,2
21,8,11,6300,20.97,0,2
21,8,12,6300,21.17,0,2
21,8,13,6300,20.16,0,2
21,9,1,6300,21.77,0,2
21,9,2,6300,21.97,0,2
21,9,3,6300,22.78,0,2
21,9,4,6300,23.59,0,2
21,9,5,6300,23.39,0,2
21,9,6,6300,22.18,0,2
21,9,7,6300,19.76,0,2
21,9,8,6300,19.96,0,2
21,9,9,6300,20.16,0,2
21,9,10,6300,19.15,0,2
21,9,11,6300,19.15,0,2
21,9,12,6300,19.15,0,2
21,9,13,6300,19.56,0,2
21,10,1,6300,21.97,0,2
21,10,2,6300,22.38,0,2
21,10,3,6300,23.18,0,2
21,10,4,6300,23.39,0,2
21,10,5,6300,22.38,0,2
21,10,6,6300,21.77,0,2
21,10,7,6300,19.56,0,2
21,10,8,6300,18.14,0,2
21,10,9,6300,18.14,0,2
21,10,10,6300,18.35,0,2
21,10,11,6300,18.35,0,2
21,10,12,6300,17.74,0,2
21,10,13,6300,17.54,0,2
21,11,1,6300,21.57,0,2
21,11,2,6300,22.18,0,2
21,11,3,6300,22.98,0,2
21,11,4,6300,23.59,0,2
21,11,5,6300,22.98,0,2
21,11,6,6300,21.77,0,2
21,11,7,6300,19.56,0,2
21,11,8,6300,17.54,0,2
21,11,9,6300,16.93,0,2
21,11,10,6300,18.35,0,2
21,11,11,6300,17.74,0,2
21,11,12,6300,16.73,0,2
21,11,13,6300,16.33,0,2
21,12,1,6300,21.77,0,2
21,12,2,6300,22.58,0,2
21,12,3,6300,24.19,0,2
21,12,4,6300,26.21,0,2
21,12,5,6300,27.01,0,2
21,12,6,6300,24.6,0,2
21,12,7,6300,20.56,0,2
21,12,8,6300,17.94,0,2
21,12,9,6300,16.93,0,2
21,12,10,6300,17.54,0,2
21,12,11,6300,17.54,0,2
21,12,12,6300,17.34,0,2
21,12,13,6300,15.93,0,2
21,13,1,6300,20.56,0,2
21,13,2,6300,22.38,0,2
21,13,3,6300,23.18,0,2
21,13,4,6300,25,0,2
21,13,5,6300,25.8,0,2
21,13,6,6300,24.39,0,2
21,13,7,6300,19.96,0,2
21,13,8,6300,17.54,0,2
21,13,9,6300,17.54,0,2
21,13,10,6300,17.54,0,2
21,13,11,6300,18.35,0,2
21,13,12,6300,17.34,0,2
21,13,13,6300,16.33,0,2
21,14,1,6300,20.97,0,2
21,14,2,6300,21.77,0,2
21,14,3,6300,21.97,0,2
21,14,4,6300,22.38,0,2
21,14,5,6300,22.18,0,2
21,14,6,6300,21.37,0,2
21,14,7,6300,20.36,0,2
21,14,8,6300,18.75,0,2
21,14,9,6300,17.74,0,2
21,14,10,6300,17.74,0,2
21,14,11,6300,17.14,0,2
21,14,12,6300,16.73,0,2
21,14,13,6300,15.93,0,2
21,15,1,6300,20.76,0,2
21,15,2,6300,20.76,0,2
21,15,3,6300,20.97,0,2
21,15,4,6300,20.76,0,2
21,15,5,6300,20.97,0,2
21,15,6,6300,20.56,0,2
21,15,7,6300,19.15,0,2
21,15,8,6300,18.14,0,2
21,15,9,6300,17.14,0,2
21,15,10,6300,17.54,0,2
21,15,11,6300,16.93,0,2
21,15,12,6300,16.73,0,2
21,15,13,6300,16.13,0,2
21,16,1,6300,20.76,0,2
21,16,2,6300,20.97,0,2
21,16,3,6300,20.76,0,1
21,16,4,6300,20.16,0,2
21,16,5,6300,19.76,0,2
21,16,6,6300,20.16,0,2
21,16,7,6300,18.95,0,2
21,16,8,6300,17.94,0,2
21,16,9,6300,17.54,0,2
21,16,10,6300,17.14,0,2
21,16,11,6300,14.72,0,2
21,16,12,6300,14.11,0,2
21,16,13,6300,14.11,0,2
21,17,1,6300,20.76,0,2
21,17,2,6300,20.56,0,2
21,17,3,6300,20.56,0,1
21,17,4,6300,19.56,0,1
21,17,5,6300,19.56,0,1
21,17,6,6300,19.35,0,2
21,17,7,6300,18.55,0,2
21,17,8,6300,18.14,0,2
21,17,9,6300,16.93,0,2
21,17,10,6300,16.13,0,2
21,17,11,6300,15.72,0,2
21,17,12,6300,15.12,0,2
21,17,13,6300,15.12,0,2
21,18,1,6300,20.97,0,2
21,18,2,6300,20.76,0,2
21,18,3,6300,20.56,0,1
21,18,4,6300,19.76,0,1
21,18,5,6300,19.76,0,1
21,18,6,6300,20.36,0,1
21,18,7,6300,19.76,0,1
21,18,8,6300,19.15,0,2
21,18,9,6300,18.14,0,2
21,18,10,6300,17.34,0,2
21,18,11,6300,16.33,0,2
21,18,12,6300,15.32,0,2
21,18,13,6300,15.72,0,2
21,19,1,6300,21.57,0,2
21,19,2,6300,21.77,0,2
21,19,3,6300,21.37,0,1
21,19,4,6300,20.56,0,1
21,19,5,6300,20.16,0,1
21,19,6,6300,21.57,0,1
21,19,7,6300,21.97,0,1
21,19,8,6300,21.57,0,2
21,19,9,6300,19.76,0,2
21,19,10,6300,17.34,0,2
21,19,11,6300,16.73,0,2
21,19,12,6300,16.53,0,2
21,19,13,6300,16.13,0,2
21,20,1,6300,23.79,0,2
21,20,2,6300,24.19,0,2
21,20,3,6300,23.18,0,1
21,20,4,6300,21.97,0,1
21,20,5,6300,21.97,0,2
21,20,6,6300,23.18,0,2
21,20,7,6300,25.2,0,2
21,20,8,6300,25.8,0,2
21,20,9,6300,21.57,0,2
21,20,10,6300,18.75,0,2
21,20,11,6300,16.33,0,2
21,20,12,6300,15.93,0,2
21,20,13,6300,15.52,0,2
21,21,1,6300,22.18,0,2
21,21,2,6300,21.97,0,2
21,21,3,6300,22.18,0,1
21,21,4,6300,21.77,0,2
21,21,5,6300,21.77,0,2
21,21,6,6300,23.18,0,2
21,21,7,6300,26.01,0,2
21,21,8,6300,26.41,0,2
21,21,9,6300,21.77,0,2
21,21,10,6300,18.35,0,2
21,21,11,6300,16.53,0,2
21,21,12,6300,16.33,0,2
21,21,13,6300,16.33,0,2
21,22,1,6300,22.78,0,2
21,22,2,6300,22.38,0,2
21,22,3,6300,21.77,0,1
21,22,4,6300,22.18,0,2
21,22,5,6300,22.58,0,2
21,22,6,6300,23.99,0,2
21,22,7,6300,24.6,0,2
21,22,8,6300,22.18,0,2
21,22,9,6300,20.97,0,2
21,22,10,6300,18.35,0,2
21,22,11,6300,18.35,0,2
21,22,12,6300,17.94,0,2
21,22,13,6300,18.75,0,2
21,23,1,6300,24.8,0,2
21,23,2,6300,24.6,0,2
21,23,3,6300,24.8,0,2
21,23,4,6300,25.2,0,2
21,23,5,6300,24.6,0,2
21,23,6,6300,25.2,0,2
21,23,7,6300,24.8,0,2
21,23,8,6300,21.37,0,2
21,23,9,6300,19.96,0,2
21,23,10,6300,18.35,0,2
21,23,11,6300,17.14,0,2
21,23,12,6300,19.56,0,2
21,23,13,6300,20.16,0,2
21,24,1,6300,28.43,0,2
21,24,2,6300,30.24,0,2
21,24,3,6300,31.65,0,2
21,24,4,6300,31.25,0,2
21,24,5,6300,28.83,0,2
21,24,6,6300,27.01,0,2
21,24,7,6300,26.41,0,2
21,24,8,6300,23.18,0,2
21,24,9,6300,18.14,0,2
21,24,10,6300,14.92,0,2
21,24,11,6300,15.12,0,2
21,24,12,6300,19.15,0,2
21,24,13,6300,17.34,0,2
21,25,1,6300,28.83,0,2
21,25,2,6300,30.44,0,2
21,25,3,6300,31.65,0,2
21,25,4,6300,31.25,0,2
21,25,5,6300,26.81,0,2
21,25,6,6300,26.21,0,2
21,25,7,6300,24.39,0,2
21,25,8,6300,20.16,0,2
21,25,9,6300,16.93,0,2
21,25,10,6300,14.52,0,2
21,25,11,6300,15.52,0,2
21,25,12,6300,18.14,0,1
21,25,13,6300,16.93,0,1
21,26,1,6300,26.01,0,1
21,26,2,6300,26.21,0,1
21,26,3,6300,26.61,0,1
21,26,4,6300,26.21,0,1
21,26,5,6300,25.4,0,1
21,26,6,6300,23.99,0,1
21,26,7,6300,23.79,0,1
21,26,8,6300,20.76,0,1
21,26,9,6300,18.95,0,1
21,26,10,6300,15.93,0,1
21,26,11,6300,15.93,0,1
21,26,12,6300,16.93,0,1
21,26,13,6300,17.34,0,1
21,27,1,6300,21.37,0,1
21,27,2,6300,20.76,0,1
21,27,3,6300,21.17,0,1
21,27,4,6300,21.57,0,1
21,27,5,6300,21.37,0,1
21,27,6,6300,21.17,0,1
21,27,7,6300,20.16,0,1
21,27,8,6300,19.35,0,1
21,27,9,6300,18.55,0,1
21,27,10,6300,16.73,0,1
21,27,11,6300,15.93,0,1
21,27,12,6300,15.93,0,1
21,27,13,6300,16.13,0,1
21,28,1,6300,15.93,0,1
21,28,2,6300,15.93,0,1
21,28,3,6300,15.72,0,1
21,28,4,6300,16.53,0,1
21,28,5,6300,17.94,0,1
21,28,6,6300,16.93,0,1
21,28,7,6300,16.53,0,1
21,28,8,6300,16.53,0,1
21,28,9,6300,16.53,0,1
21,28,10,6300,14.72,0,1
21,28,11,6300,13.91,0,1
21,28,12,6300,13.91,0,1
21,28,13,6300,14.92,0,1
21,29,1,6300,14.92,0,1
21,29,2,6300,14.72,0,1
21,29,3,6300,14.52,0,1
21,29,4,6300,14.92,0,1
21,29,5,6300,15.52,0,1
21,29,6,6300,15.72,0,1
21,29,7,6300,16.33,0,1
21,29,8,6300,16.33,0,1
21,29,9,6300,16.33,0,1
21,29,10,6300,15.12,0,1
21,29,11,6300,15.72,0,1
21,29,12,6300,15.52,0,1
21,29,13,6300,16.13,0,2
21,30,1,6300,13.91,0,1
21,30,2,6300,13.71,0,1
21,30,3,6300,13.31,0,1
21,30,4,6300,12.9,0,1
21,30,5,6300,12.5,0,1
21,30,6,6300,12.9,0,1
21,30,7,6300,14.11,0,1
21,30,8,6300,15.32,0,1
21,30,9,6300,14.31,0,1
21,30,10,6300,12.7,0,1
21,30,11,6300,11.89,0,1
21,30,12,6300,11.89,0,1
21,30,13,6300,12.5,0,2
21,31,1,6300,11.29,0,1
21,31,2,6300,11.49,0,1
21,31,3,6300,11.09,0,1
21,31,4,6300,11.29,0,1
21,31,5,6300,11.49,0,1
21,31,6,6300,11.89,0,1
21,31,7,6300,12.5,0,1
21,31,8,6300,13.31,0,1
21,31,9,6300,13.31,0,1
21,31,10,6300,12.7,0,1
21,31,11,6300,12.3,0,1
21,31,12,6300,11.69,0,1
21,31,13,6300,11.89,0,2
21,32,1,6300,10.89,0,1
21,32,2,6300,10.28,0,1
21,32,3,6300,10.68,0,1
21,32,4,6300,11.09,0,1
21,32,5,6300,10.48,0,1
21,32,6,6300,10.68,0,1
21,32,7,6300,10.48,0,1
21,32,8,6300,10.89,0,1
21,32,9,6300,11.49,0,1
21,32,10,6300,11.89,0,1
21,32,11,6300,11.29,0,1
21,32,12,6300,9.27,0,1
21,32,13,6300,8.87,0,1
21,33,1,6300,9.27,0,1
21,33,2,6300,9.27,0,1
21,33,3,6300,9.48,0,1
21,33,4,6300,9.48,0,1
21,33,5,6300,9.48,0,1
21,33,6,6300,9.07,0,1
21,33,7,6300,9.48,0,1
21,33,8,6300,9.27,0,1
21,33,9,6300,9.48,0,1
21,33,10,6300,10.28,0,1
21,33,11,6300,10.48,0,1
21,33,12,6300,10.08,0,1
21,33,13,6300,9.68,0,1
21,34,1,6300,8.47,0,1
21,34,2,6300,8.27,0,1
21,34,3,6300,8.27,0,1
21,34,4,6300,8.06,0,1
21,34,5,6300,8.67,0,1
21,34,6,6300,9.27,0,1
21,34,7,6300,8.87,0,1
21,34,8,6300,9.07,0,1
21,34,9,6300,8.87,0,1
21,34,10,6300,8.67,0,1
21,34,11,6300,8.67,0,1
21,34,12,6300,9.07,0,1
21,34,13,6300,8.47,0,1
21,35,1,6300,7.86,0,1
21,35,2,6300,7.66,0,1
21,35,3,6300,7.66,0,1
21,35,4,6300,7.86,0,1
21,35,5,6300,8.47,0,1
21,35,6,6300,8.87,0,1
21,35,7,6300,9.27,0,1
21,35,8,6300,8.47,0,1
21,35,9,6300,7.86,0,1
21,35,10,6300,7.86,0,1
21,35,11,6300,7.86,0,1
21,35,12,6300,8.27,0,1
21,35,13,6300,8.47,0,1
21,36,1,6300,7.66,0,1
21,36,2,6300,7.46,0,1
21,36,3,6300,7.46,0,1
21,36,4,6300,8.06,0,1
21,36,5,6300,8.27,0,1
21,36,6,6300,9.07,0,1
21,36,7,6300,9.07,0,1
21,36,8,6300,8.27,0,1
21,36,9,6300,7.86,0,1
21,36,10,6300,7.86,0,1
21,36,11,6300,7.46,0,1
21,36,12,6300,7.46,0,1
21,36,13,6300,8.06,0,1
21,37,1,6300,7.26,0,1
21,37,2,6300,6.85,0,1
21,37,3,6300,7.46,0,1
21,37,4,6300,7.46,0,1
21,37,5,6300,8.06,0,1
21,37,6,6300,8.27,0,1
21,37,7,6300,8.47,0,1
21,37,8,6300,8.67,0,1
21,37,9,6300,7.86,0,1
21,37,10,6300,7.86,0,1
21,37,11,6300,7.46,0,1
21,37,12,6300,7.86,0,1
21,37,13,6300,8.06,0,1
21,38,1,6300,6.65,0,1
21,38,2,6300,6.45,0,1
21,38,3,6300,6.25,0,1
21,38,4,6300,6.85,0,1
21,38,5,6300,8.06,0,1
21,38,6,6300,8.06,0,1
21,38,7,6300,8.47,0,1
21,38,8,6300,8.47,0,1
21,38,9,6300,8.27,0,1
21,38,10,6300,8.06,0,1
21,38,11,6300,7.86,0,1
21,38,12,6300,7.66,0,1
21,38,13,6300,8.06,0,1
21,39,1,6300,6.25,0,1
21,39,2,6300,6.05,0,1
21,39,3,6300,5.85,0,1
21,39,4,6300,6.65,0,1
21,39,5,6300,7.46,0,1
21,39,6,6300,7.46,0,1
21,39,7,6300,8.47,0,1
21,39,8,6300,8.67,0,1
21,39,9,6300,9.07,0,1
21,39,10,6300,8.87,0,1
21,39,11,6300,8.47,0,1
21,39,12,6300,8.67,0,1
21,39,13,6300,8.47,0,1
21,40,1,6300,6.05,0,1
21,40,2,6300,5.64,0,1
21,40,3,6300,5.44,0,1
21,40,4,6300,5.85,0,1
21,40,5,6300,7.06,0,1
21,40,6,6300,7.26,0,1
21,40,7,6300,8.06,0,1
21,40,8,6300,9.68,0,1
21,40,9,6300,9.88,0,1
21,40,10,6300,9.88,0,1
21,40,11,6300,9.48,0,1
21,40,12,6300,9.27,0,1
21,40,13,6300,9.27,0,1
22,1,1,6300,22.78,0,2
22,1,2,6300,23.18,0,2
22,1,3,6300,26.01,0,1
22,1,4,6300,27.01,0,1
22,1,5,6300,26.61,0,1
22,1,6,6300,22.98,0,1
22,1,7,6300,17.74,0,1
22,1,8,6300,15.72,0,1
22,1,9,6300,14.11,0,1
22,1,10,6300,12.3,0,1
22,1,11,6300,16.13,0,1
22,1,12,6300,17.34,0,1
22,1,13,6300,19.76,0,1
22,2,1,6300,20.97,0,1
22,2,2,6300,21.17,0,1
22,2,3,6300,23.99,0,1
22,2,4,6300,24.6,0,1
22,2,5,6300,22.98,0,1
22,2,6,6300,19.35,0,1
22,2,7,6300,16.73,0,1
22,2,8,6300,14.52,0,1
22,2,9,6300,11.49,0,1
22,2,10,6300,10.68,0,1
22,2,11,6300,12.7,0,1
22,2,12,6300,13.31,0,1
22,2,13,6300,14.11,0,1
22,3,1,6300,20.76,0,2
22,3,2,6300,21.37,0,2
22,3,3,6300,26.81,0,2
22,3,4,6300,27.01,0,2
22,3,5,6300,25.8,0,1
22,3,6,6300,21.37,0,1
22,3,7,6300,17.74,0,1
22,3,8,6300,14.31,0,1
22,3,9,6300,11.49,0,1
22,3,10,6300,10.28,0,2
22,3,11,6300,11.69,0,2
22,3,12,6300,12.5,0,1
22,3,13,6300,13.51,0,1
22,4,1,6300,16.73,0,2
22,4,2,6300,20.36,0,2
22,4,3,6300,25.4,0,2
22,4,4,6300,31.25,0,2
22,4,5,6300,29.43,0,2
22,4,6,6300,26.01,0,2
22,4,7,6300,20.56,0,2
22,4,8,6300,16.53,0,2
22,4,9,6300,14.52,0,2
22,4,10,6300,12.9,0,2
22,4,11,6300,13.71,0,2
22,4,12,6300,14.52,0,1
22,4,13,6300,15.52,0,1
22,5,1,6300,22.58,0,2
22,5,2,6300,25.2,0,2
22,5,3,6300,31.25,0,2
22,5,4,6300,39.51,0,2
22,5,5,6300,29.64,0,2
22,5,6,6300,25.4,0,2
22,5,7,6300,21.57,0,2
22,5,8,6300,18.14,0,2
22,5,9,6300,16.53,0,2
22,5,10,6300,15.52,0,2
22,5,11,6300,15.52,0,2
22,5,12,6300,15.72,0,2
22,5,13,6300,16.13,0,1
22,6,1,6300,22.78,0,2
22,6,2,6300,23.18,0,1
22,6,3,6300,28.63,0,2
22,6,4,6300,28.83,0,2
22,6,5,6300,27.22,0,2
22,6,6,6300,25.4,0,2
22,6,7,6300,22.18,0,1
22,6,8,6300,20.97,0,1
22,6,9,6300,19.56,0,2
22,6,10,6300,18.35,0,2
22,6,11,6300,18.35,0,2
22,6,12,6300,18.35,0,2
22,6,13,6300,18.55,0,1
22,7,1,6300,22.58,0,2
22,7,2,6300,22.78,0,1
22,7,3,6300,27.01,0,1
22,7,4,6300,26.61,0,2
22,7,5,6300,25.4,0,2
22,7,6,6300,23.59,0,2
22,7,7,6300,22.18,0,1
22,7,8,6300,21.97,0,1
22,7,9,6300,20.56,0,2
22,7,10,6300,20.16,0,1
22,7,11,6300,19.35,0,1
22,7,12,6300,20.36,0,1
22,7,13,6300,20.56,0,1
22,8,1,6300,23.39,0,2
22,8,2,6300,22.98,0,1
22,8,3,6300,25.2,0,1
22,8,4,6300,25.6,0,2
22,8,5,6300,25,0,2
22,8,6,6300,23.59,0,2
22,8,7,6300,22.58,0,1
22,8,8,6300,20.97,0,1
22,8,9,6300,20.76,0,1
22,8,10,6300,20.16,0,2
22,8,11,6300,19.96,0,1
22,8,12,6300,19.76,0,1
22,8,13,6300,19.76,0,2
22,9,1,6300,22.78,0,2
22,9,2,6300,22.98,0,2
22,9,3,6300,24.19,0,2
22,9,4,6300,24.39,0,2
22,9,5,6300,23.39,0,2
22,9,6,6300,23.18,0,2
22,9,7,6300,21.77,0,2
22,9,8,6300,20.97,0,2
22,9,9,6300,20.16,0,2
22,9,10,6300,19.35,0,2
22,9,11,6300,19.15,0,2
22,9,12,6300,19.15,0,2
22,9,13,6300,18.95,0,2
22,10,1,6300,22.58,0,2
22,10,2,6300,23.59,0,2
22,10,3,6300,23.59,0,2
22,10,4,6300,23.39,0,2
22,10,5,6300,22.58,0,2
22,10,6,6300,21.57,0,2
22,10,7,6300,19.76,0,2
22,10,8,6300,18.55,0,2
22,10,9,6300,18.55,0,2
22,10,10,6300,18.14,0,2
22,10,11,6300,18.35,0,2
22,10,12,6300,18.35,0,2
22,10,13,6300,18.14,0,2
22,11,1,6300,22.78,0,2
22,11,2,6300,23.79,0,2
22,11,3,6300,23.99,0,2
22,11,4,6300,24.39,0,2
22,11,5,6300,22.98,0,2
22,11,6,6300,20.76,0,2
22,11,7,6300,18.14,0,2
22,11,8,6300,16.53,0,2
22,11,9,6300,16.73,0,2
22,11,10,6300,17.34,0,2
22,11,11,6300,17.54,0,2
22,11,12,6300,17.34,0,2
22,11,13,6300,16.73,0,2
22,12,1,6300,22.38,0,2
22,12,2,6300,23.99,0,2
22,12,3,6300,26.41,0,2
22,12,4,6300,29.64,0,2
22,12,5,6300,32.05,0,2
22,12,6,6300,27.62,0,2
22,12,7,6300,18.55,0,2
22,12,8,6300,16.73,0,2
22,12,9,6300,16.33,0,2
22,12,10,6300,17.14,0,2
22,12,11,6300,17.74,0,2
22,12,12,6300,19.15,0,2
22,12,13,6300,14.72,0,2
22,13,1,6300,21.77,0,2
22,13,2,6300,22.98,0,2
22,13,3,6300,24.39,0,2
22,13,4,6300,26.81,0,2
22,13,5,6300,27.82,0,2
22,13,6,6300,25,0,2
22,13,7,6300,19.56,0,2
22,13,8,6300,16.73,0,2
22,13,9,6300,16.93,0,2
22,13,10,6300,17.54,0,2
22,13,11,6300,18.35,0,2
22,13,12,6300,17.94,0,2
22,13,13,6300,16.13,0,2
22,14,1,6300,21.77,0,2
22,14,2,6300,21.97,0,2
22,14,3,6300,22.18,0,2
22,14,4,6300,22.38,0,2
22,14,5,6300,22.58,0,2
22,14,6,6300,21.97,0,2
22,14,7,6300,20.16,0,2
22,14,8,6300,18.55,0,2
22,14,9,6300,17.14,0,2
22,14,10,6300,18.14,0,2
22,14,11,6300,17.74,0,2
22,14,12,6300,17.34,0,2
22,14,13,6300,16.73,0,2
22,15,1,6300,21.17,0,2
22,15,2,6300,20.97,0,2
22,15,3,6300,20.76,0,2
22,15,4,6300,20.76,0,2
22,15,5,6300,20.56,0,2
22,15,6,6300,20.36,0,2
22,15,7,6300,18.95,0,2
22,15,8,6300,18.14,0,2
22,15,9,6300,17.54,0,2
22,15,10,6300,18.14,0,2
22,15,11,6300,17.14,0,2
22,15,12,6300,16.13,0,2
22,15,13,6300,15.72,0,2
22,16,1,6300,20.76,0,2
22,16,2,6300,20.56,0,2
22,16,3,6300,21.17,0,2
22,16,4,6300,20.16,0,2
22,16,5,6300,18.35,0,2
22,16,6,6300,20.56,0,2
22,16,7,6300,18.75,0,2
22,16,8,6300,17.34,0,2
22,16,9,6300,17.94,0,2
22,16,10,6300,18.95,0,2
22,16,11,6300,17.14,0,2
22,16,12,6300,15.93,0,2
22,16,13,6300,12.9,0,2
22,17,1,6300,20.56,0,2
22,17,2,6300,20.76,0,2
22,17,3,6300,20.56,0,2
22,17,4,6300,19.56,0,2
22,17,5,6300,18.95,0,2
22,17,6,6300,18.95,0,2
22,17,7,6300,18.35,0,2
22,17,8,6300,17.94,0,2
22,17,9,6300,17.34,0,2
22,17,10,6300,17.54,0,2
22,17,11,6300,16.73,0,2
22,17,12,6300,15.32,0,2
22,17,13,6300,14.52,0,2
22,18,1,6300,21.97,0,2
22,18,2,6300,21.97,0,2
22,18,3,6300,21.57,0,2
22,18,4,6300,20.16,0,2
22,18,5,6300,19.56,0,2
22,18,6,6300,19.15,0,2
22,18,7,6300,18.75,0,2
22,18,8,6300,18.14,0,2
22,18,9,6300,17.54,0,2
22,18,10,6300,17.14,0,2
22,18,11,6300,16.53,0,2
22,18,12,6300,16.13,0,2
22,18,13,6300,17.34,0,2
22,19,1,6300,23.18,0,2
22,19,2,6300,23.39,0,2
22,19,3,6300,22.58,0,2
22,19,4,6300,21.37,0,2
22,19,5,6300,20.36,0,2
22,19,6,6300,20.76,0,2
22,19,7,6300,20.36,0,2
22,19,8,6300,20.97,0,2
22,19,9,6300,19.35,0,2
22,19,10,6300,16.93,0,2
22,19,11,6300,16.53,0,2
22,19,12,6300,15.93,0,2
22,19,13,6300,16.13,0,2
22,20,1,6300,25.8,0,2
22,20,2,6300,28.22,0,2
22,20,3,6300,25.8,0,2
22,20,4,6300,21.97,0,2
22,20,5,6300,21.37,0,2
22,20,6,6300,23.18,0,2
22,20,7,6300,22.78,0,2
22,20,8,6300,22.78,0,2
22,20,9,6300,19.96,0,2
22,20,10,6300,16.73,0,2
22,20,11,6300,15.93,0,2
22,20,12,6300,13.91,0,2
22,20,13,6300,13.51,0,2
22,21,1,6300,24.19,0,2
22,21,2,6300,24.8,0,2
22,21,3,6300,23.79,0,2
22,21,4,6300,22.38,0,2
22,21,5,6300,21.37,0,2
22,21,6,6300,22.98,0,2
22,21,7,6300,23.18,0,2
22,21,8,6300,22.38,0,2
22,21,9,6300,20.36,0,2
22,21,10,6300,17.94,0,2
22,21,11,6300,16.53,0,2
22,21,12,6300,15.32,0,2
22,21,13,6300,15.32,0,2
22,22,1,6300,23.39,0,2
22,22,2,6300,23.39,0,1
22,22,3,6300,23.18,0,1
22,22,4,6300,23.59,0,2
22,22,5,6300,22.18,0,2
22,22,6,6300,22.58,0,2
22,22,7,6300,22.78,0,2
22,22,8,6300,21.37,0,2
22,22,9,6300,19.35,0,2
22,22,10,6300,15.72,0,2
22,22,11,6300,15.93,0,2
22,22,12,6300,16.93,0,2
22,22,13,6300,17.34,0,2
22,23,1,6300,25.4,0,1
22,23,2,6300,25.4,0,1
22,23,3,6300,24.8,0,1
22,23,4,6300,25.2,0,2
22,23,5,6300,24.6,0,2
22,23,6,6300,24.8,0,2
22,23,7,6300,23.79,0,2
22,23,8,6300,19.96,0,2
22,23,9,6300,16.73,0,2
22,23,10,6300,15.93,0,2
22,23,11,6300,15.52,0,2
22,23,12,6300,17.14,0,2
22,23,13,6300,16.93,0,2
22,24,1,6300,26.81,0,1
22,24,2,6300,28.22,0,1
22,24,3,6300,28.43,0,1
22,24,4,6300,26.61,0,2
22,24,5,6300,31.85,0,2
22,24,6,6300,27.42,0,2
22,24,7,6300,23.39,0,2
22,24,8,6300,18.14,0,2
22,24,9,6300,14.31,0,2
22,24,10,6300,11.69,0,2
22,24,11,6300,14.31,0,2
22,24,12,6300,17.74,0,2
22,24,13,6300,15.72,0,2
22,25,1,6300,27.82,0,1
22,25,2,6300,29.23,0,1
22,25,3,6300,30.84,0,1
22,25,4,6300,30.04,0,1
22,25,5,6300,27.82,0,1
22,25,6,6300,24.8,0,1
22,25,7,6300,21.57,0,1
22,25,8,6300,19.15,0,1
22,25,9,6300,14.92,0,1
22,25,10,6300,11.49,0,1
22,25,11,6300,14.52,0,1
22,25,12,6300,16.73,0,1
22,25,13,6300,15.12,0,1
22,26,1,6300,24.6,0,1
22,26,2,6300,25.2,0,1
22,26,3,6300,25.4,0,1
22,26,4,6300,25.6,0,1
22,26,5,6300,24.39,0,1
22,26,6,6300,22.18,0,1
22,26,7,6300,21.37,0,1
22,26,8,6300,18.75,0,1
22,26,9,6300,15.93,0,1
22,26,10,6300,13.71,0,1
22,26,11,6300,13.71,0,1
22,26,12,6300,14.31,0,1
22,26,13,6300,15.12,0,1
22,27,1,6300,19.15,0,1
22,27,2,6300,19.15,0,1
22,27,3,6300,18.95,0,1
22,27,4,6300,19.35,0,1
22,27,5,6300,19.15,0,1
22,27,6,6300,18.14,0,1
22,27,7,6300,17.54,0,1
22,27,8,6300,16.13,0,1
22,27,9,6300,15.32,0,1
22,27,10,6300,13.71,0,1
22,27,11,6300,12.7,0,1
22,27,12,6300,13.31,0,1
22,27,13,6300,13.91,0,1
22,28,1,6300,12.9,0,1
22,28,2,6300,12.7,0,1
22,28,3,6300,12.3,0,1
22,28,4,6300,13.31,0,1
22,28,5,6300,17.74,0,1
22,28,6,6300,14.11,0,1
22,28,7,6300,12.3,0,1
22,28,8,6300,14.72,0,1
22,28,9,6300,14.92,0,1
22,28,10,6300,12.9,0,1
22,28,11,6300,9.88,0,1
22,28,12,6300,10.08,0,1
22,28,13,6300,13.91,0,1
22,29,1,6300,12.9,0,1
22,29,2,6300,12.7,0,1
22,29,3,6300,12.5,0,1
22,29,4,6300,13.71,0,1
22,29,5,6300,14.92,0,1
22,29,6,6300,14.31,0,1
22,29,7,6300,14.31,0,1
22,29,8,6300,14.72,0,1
22,29,9,6300,14.92,0,1
22,29,10,6300,13.31,0,1
22,29,11,6300,11.89,0,1
22,29,12,6300,12.1,0,1
22,29,13,6300,12.9,0,1
22,30,1,6300,12.5,0,1
22,30,2,6300,12.5,0,1
22,30,3,6300,12.3,0,1
22,30,4,6300,12.3,0,1
22,30,5,6300,12.1,0,1
22,30,6,6300,12.3,0,1
22,30,7,6300,13.71,0,1
22,30,8,6300,14.52,0,1
22,30,9,6300,13.71,0,1
22,30,10,6300,11.69,0,1
22,30,11,6300,10.28,0,1
22,30,12,6300,9.68,0,1
22,30,13,6300,10.08,0,1
22,31,1,6300,11.09,0,1
22,31,2,6300,11.29,0,1
22,31,3,6300,11.09,0,1
22,31,4,6300,11.29,0,1
22,31,5,6300,11.29,0,1
22,31,6,6300,11.69,0,1
22,31,7,6300,12.1,0,1
22,31,8,6300,12.7,0,1
22,31,9,6300,12.5,0,1
22,31,10,6300,11.49,0,1
22,31,11,6300,10.68,0,1
22,31,12,6300,10.08,0,1
22,31,13,6300,10.08,0,1
22,32,1,6300,11.69,0,1
22,32,2,6300,9.88,0,1
22,32,3,6300,10.89,0,1
22,32,4,6300,11.69,0,1
22,32,5,6300,9.68,0,1
22,32,6,6300,10.08,0,1
22,32,7,6300,9.48,0,1
22,32,8,6300,9.48,0,1
22,32,9,6300,10.28,0,1
22,32,10,6300,11.29,0,1
22,32,11,6300,11.49,0,1
22,32,12,6300,8.27,0,1
22,32,13,6300,8.87,0,1
22,33,1,6300,9.68,0,1
22,33,2,6300,9.27,0,1
22,33,3,6300,9.27,0,1
22,33,4,6300,9.48,0,1
22,33,5,6300,9.27,0,1
22,33,6,6300,9.07,0,1
22,33,7,6300,9.27,0,1
22,33,8,6300,9.27,0,1
22,33,9,6300,9.48,0,1
22,33,10,6300,9.88,0,1
22,33,11,6300,9.68,0,1
22,33,12,6300,8.87,0,1
22,33,13,6300,8.27,0,1
22,34,1,6300,8.47,0,1
22,34,2,6300,8.27,0,1
22,34,3,6300,7.26,0,1
22,34,4,6300,7.06,0,1
22,34,5,6300,7.66,0,1
22,34,6,6300,8.67,0,1
22,34,7,6300,8.67,0,1
22,34,8,6300,8.67,0,1
22,34,9,6300,8.67,0,1
22,34,10,6300,8.06,0,1
22,34,11,6300,8.06,0,1
22,34,12,6300,7.86,0,1
22,34,13,6300,6.85,0,1
22,35,1,6300,8.06,0,1
22,35,2,6300,7.46,0,1
22,35,3,6300,7.26,0,1
22,35,4,6300,7.46,0,1
22,35,5,6300,7.86,0,1
22,35,6,6300,8.47,0,1
22,35,7,6300,8.87,0,1
22,35,8,6300,8.47,0,1
22,35,9,6300,8.06,0,1
22,35,10,6300,7.86,0,1
22,35,11,6300,7.66,0,1
22,35,12,6300,7.46,0,1
22,35,13,6300,7.46,0,1
22,36,1,6300,7.66,0,1
22,36,2,6300,7.26,0,1
22,36,3,6300,7.26,0,1
22,36,4,6300,7.86,0,1
22,36,5,6300,8.27,0,1
22,36,6,6300,8.47,0,1
22,36,7,6300,8.47,0,1
22,36,8,6300,8.06,0,1
22,36,9,6300,7.66,0,1
22,36,10,6300,7.46,0,1
22,36,11,6300,7.06,0,1
22,36,12,6300,6.25,0,1
22,36,13,6300,7.26,0,1
22,37,1,6300,7.46,0,1
22,37,2,6300,7.06,0,1
22,37,3,6300,7.06,0,1
22,37,4,6300,7.86,0,1
22,37,5,6300,8.27,0,1
22,37,6,6300,8.47,0,1
22,37,7,6300,8.67,0,1
22,37,8,6300,8.47,0,1
22,37,9,6300,7.86,0,1
22,37,10,6300,7.66,0,1
22,37,11,6300,7.26,0,1
22,37,12,6300,7.26,0,1
22,37,13,6300,7.26,0,1
22,38,1,6300,7.26,0,1
22,38,2,6300,6.85,0,1
22,38,3,6300,6.65,0,1
22,38,4,6300,7.46,0,1
22,38,5,6300,8.06,0,1
22,38,6,6300,7.86,0,1
22,38,7,6300,8.47,0,1
22,38,8,6300,8.47,0,1
22,38,9,6300,7.86,0,1
22,38,10,6300,7.86,0,1
22,38,11,6300,7.86,0,1
22,38,12,6300,7.66,0,1
22,38,13,6300,8.06,0,1
22,39,1,6300,7.06,0,1
22,39,2,6300,6.65,0,1
22,39,3,6300,6.45,0,1
22,39,4,6300,7.06,0,1
22,39,5,6300,7.86,0,1
22,39,6,6300,7.86,0,1
22,39,7,6300,8.06,0,1
22,39,8,6300,8.47,0,1
22,39,9,6300,8.67,0,1
22,39,10,6300,8.47,0,1
22,39,11,6300,8.27,0,1
22,39,12,6300,8.27,0,1
22,39,13,6300,8.27,0,1
22,40,1,6300,6.65,0,1
22,40,2,6300,6.25,0,1
22,40,3,6300,6.25,0,1
22,40,4,6300,6.45,0,1
22,40,5,6300,7.46,0,1
22,40,6,6300,7.46,0,1
22,40,7,6300,8.06,0,1
22,40,8,6300,9.07,0,1
22,40,9,6300,9.27,0,1
22,40,10,6300,9.27,0,1
22,40,11,6300,8.87,0,1
22,40,12,6300,8.87,0,1
22,40,13,6300,8.87,0,1
23,1,1,6300,19.56,0,2
23,1,2,6300,20.97,0,2
23,1,3,6300,23.59,0,1
23,1,4,6300,23.59,0,2
23,1,5,6300,20.76,0,1
23,1,6,6300,18.75,0,1
23,1,7,6300,15.32,0,1
23,1,8,6300,11.49,0,1
23,1,9,6300,9.27,0,1
23,1,10,6300,9.68,0,1
23,1,11,6300,12.3,0,1
23,1,12,6300,13.1,0,1
23,1,13,6300,15.12,0,1
23,2,1,6300,19.96,0,2
23,2,2,6300,20.97,0,2
23,2,3,6300,25.6,0,1
23,2,4,6300,25.6,0,1
23,2,5,6300,19.96,0,1
23,2,6,6300,16.73,0,1
23,2,7,6300,13.51,0,1
23,2,8,6300,10.08,0,1
23,2,9,6300,7.86,0,1
23,2,10,6300,7.86,0,1
23,2,11,6300,9.48,0,1
23,2,12,6300,10.28,0,1
23,2,13,6300,12.3,0,1
23,3,1,6300,22.38,0,2
23,3,2,6300,22.78,0,2
23,3,3,6300,22.98,0,1
23,3,4,6300,23.99,0,1
23,3,5,6300,18.55,0,1
23,3,6,6300,12.9,0,1
23,3,7,6300,11.09,0,1
23,3,8,6300,8.87,0,1
23,3,9,6300,7.06,0,1
23,3,10,6300,6.25,0,1
23,3,11,6300,6.65,0,1
23,3,12,6300,7.86,0,1
23,3,13,6300,8.87,0,1
23,4,1,6300,17.74,0,2
23,4,2,6300,18.75,0,2
23,4,3,6300,26.21,0,2
23,4,4,6300,26.41,0,2
23,4,5,6300,24.19,0,2
23,4,6,6300,20.36,0,1
23,4,7,6300,16.93,0,1
23,4,8,6300,14.52,0,2
23,4,9,6300,12.7,0,2
23,4,10,6300,11.69,0,2
23,4,11,6300,12.1,0,2
23,4,12,6300,14.72,0,1
23,4,13,6300,14.92,0,1
23,5,1,6300,19.35,0,2
23,5,2,6300,20.16,0,2
23,5,3,6300,27.22,0,2
23,5,4,6300,26.81,0,2
23,5,5,6300,23.59,0,2
23,5,6,6300,20.97,0,2
23,5,7,6300,19.96,0,1
23,5,8,6300,17.74,0,2
23,5,9,6300,15.72,0,2
23,5,10,6300,14.11,0,2
23,5,11,6300,14.52,0,2
23,5,12,6300,14.52,0,2
23,5,13,6300,14.92,0,1
23,6,1,6300,24.6,0,2
23,6,2,6300,25.2,0,2
23,6,3,6300,27.01,0,2
23,6,4,6300,26.81,0,2
23,6,5,6300,24.6,0,2
23,6,6,6300,20.97,0,1
23,6,7,6300,19.96,0,1
23,6,8,6300,18.95,0,1
23,6,9,6300,17.54,0,1
23,6,10,6300,16.33,0,1
23,6,11,6300,16.53,0,1
23,6,12,6300,16.93,0,1
23,6,13,6300,17.34,0,1
23,7,1,6300,21.77,0,2
23,7,2,6300,21.77,0,1
23,7,3,6300,26.01,0,1
23,7,4,6300,25.8,0,1
23,7,5,6300,25,0,1
23,7,6,6300,22.58,0,1
23,7,7,6300,21.77,0,1
23,7,8,6300,21.77,0,1
23,7,9,6300,20.16,0,1
23,7,10,6300,18.14,0,1
23,7,11,6300,18.14,0,1
23,7,12,6300,20.97,0,1
23,7,13,6300,21.97,0,1
23,8,1,6300,21.97,0,2
23,8,2,6300,22.58,0,1
23,8,3,6300,25.6,0,1
23,8,4,6300,26.01,0,2
23,8,5,6300,25.4,0,2
23,8,6,6300,23.99,0,2
23,8,7,6300,23.99,0,1
23,8,8,6300,22.98,0,1
23,8,9,6300,21.17,0,1
23,8,10,6300,19.35,0,1
23,8,11,6300,18.55,0,1
23,8,12,6300,19.56,0,1
23,8,13,6300,20.36,0,1
23,9,1,6300,21.97,0,2
23,9,2,6300,22.58,0,2
23,9,3,6300,24.39,0,2
23,9,4,6300,24.8,0,2
23,9,5,6300,24.8,0,2
23,9,6,6300,23.99,0,2
23,9,7,6300,24.8,0,2
23,9,8,6300,23.59,0,2
23,9,9,6300,22.18,0,2
23,9,10,6300,20.36,0,2
23,9,11,6300,18.75,0,1
23,9,12,6300,18.35,0,1
23,9,13,6300,17.94,0,1
23,10,1,6300,22.58,0,2
23,10,2,6300,23.39,0,2
23,10,3,6300,23.59,0,2
23,10,4,6300,23.18,0,2
23,10,5,6300,22.58,0,2
23,10,6,6300,21.77,0,2
23,10,7,6300,21.17,0,2
23,10,8,6300,20.76,0,2
23,10,9,6300,19.96,0,2
23,10,10,6300,18.95,0,2
23,10,11,6300,17.74,0,2
23,10,12,6300,16.93,0,2
23,10,13,6300,16.93,0,2
23,11,1,6300,22.58,0,2
23,11,2,6300,23.18,0,2
23,11,3,6300,23.99,0,2
23,11,4,6300,23.18,0,2
23,11,5,6300,22.38,0,2
23,11,6,6300,19.15,0,2
23,11,7,6300,19.15,0,2
23,11,8,6300,18.75,0,2
23,11,9,6300,17.94,0,2
23,11,10,6300,17.74,0,2
23,11,11,6300,17.34,0,2
23,11,12,6300,16.33,0,2
23,11,13,6300,16.13,0,2
23,12,1,6300,22.78,0,2
23,12,2,6300,23.18,0,2
23,12,3,6300,23.99,0,2
23,12,4,6300,23.59,0,2
23,12,5,6300,23.39,0,2
23,12,6,6300,21.97,0,2
23,12,7,6300,20.16,0,2
23,12,8,6300,18.55,0,2
23,12,9,6300,17.54,0,2
23,12,10,6300,17.54,0,2
23,12,11,6300,17.34,0,2
23,12,12,6300,16.93,0,2
23,12,13,6300,16.33,0,2
23,13,1,6300,22.18,0,2
23,13,2,6300,22.38,0,2
23,13,3,6300,23.99,0,2
23,13,4,6300,23.59,0,2
23,13,5,6300,23.59,0,2
23,13,6,6300,21.97,0,2
23,13,7,6300,19.76,0,2
23,13,8,6300,17.74,0,2
23,13,9,6300,16.73,0,2
23,13,10,6300,17.34,0,2
23,13,11,6300,17.34,0,2
23,13,12,6300,16.93,0,2
23,13,13,6300,16.73,0,2
23,14,1,6300,22.38,0,2
23,14,2,6300,22.58,0,2
23,14,3,6300,22.78,0,2
23,14,4,6300,21.97,0,2
23,14,5,6300,22.18,0,2
23,14,6,6300,21.97,0,2
23,14,7,6300,18.95,0,2
23,14,8,6300,17.74,0,2
23,14,9,6300,17.74,0,2
23,14,10,6300,18.75,0,2
23,14,11,6300,18.95,0,2
23,14,12,6300,17.94,0,2
23,14,13,6300,17.34,0,2
23,15,1,6300,22.18,0,2
23,15,2,6300,21.97,0,2
23,15,3,6300,21.97,0,2
23,15,4,6300,21.37,0,2
23,15,5,6300,20.97,0,2
23,15,6,6300,20.97,0,2
23,15,7,6300,20.16,0,2
23,15,8,6300,19.56,0,2
23,15,9,6300,18.35,0,2
23,15,10,6300,19.56,0,2
23,15,11,6300,19.76,0,2
23,15,12,6300,18.75,0,2
23,15,13,6300,17.74,0,2
23,16,1,6300,21.37,0,2
23,16,2,6300,21.37,0,2
23,16,3,6300,20.97,0,2
23,16,4,6300,20.16,0,2
23,16,5,6300,19.56,0,2
23,16,6,6300,19.96,0,2
23,16,7,6300,18.95,0,2
23,16,8,6300,18.55,0,2
23,16,9,6300,17.94,0,2
23,16,10,6300,19.15,0,2
23,16,11,6300,18.95,0,2
23,16,12,6300,17.34,0,2
23,16,13,6300,16.53,0,2
23,17,1,6300,20.36,0,2
23,17,2,6300,20.97,0,2
23,17,3,6300,20.76,0,2
23,17,4,6300,19.96,0,2
23,17,5,6300,19.56,0,2
23,17,6,6300,19.56,0,2
23,17,7,6300,18.95,0,2
23,17,8,6300,18.75,0,2
23,17,9,6300,17.94,0,2
23,17,10,6300,19.15,0,2
23,17,11,6300,18.95,0,2
23,17,12,6300,17.34,0,2
23,17,13,6300,16.73,0,2
23,18,1,6300,20.76,0,2
23,18,2,6300,20.36,0,2
23,18,3,6300,20.36,0,2
23,18,4,6300,19.76,0,2
23,18,5,6300,18.95,0,2
23,18,6,6300,18.75,0,2
23,18,7,6300,18.35,0,2
23,18,8,6300,18.35,0,2
23,18,9,6300,17.34,0,2
23,18,10,6300,18.14,0,2
23,18,11,6300,18.14,0,2
23,18,12,6300,17.14,0,2
23,18,13,6300,16.73,0,2
23,19,1,6300,22.78,0,2
23,19,2,6300,22.58,0,2
23,19,3,6300,21.97,0,2
23,19,4,6300,20.97,0,2
23,19,5,6300,19.56,0,2
23,19,6,6300,19.15,0,2
23,19,7,6300,18.75,0,2
23,19,8,6300,18.14,0,2
23,19,9,6300,16.53,0,2
23,19,10,6300,16.73,0,2
23,19,11,6300,16.53,0,2
23,19,12,6300,16.53,0,2
23,19,13,6300,16.13,0,2
23,20,1,6300,23.79,0,2
23,20,2,6300,23.79,0,2
23,20,3,6300,23.39,0,2
23,20,4,6300,21.77,0,2
23,20,5,6300,19.76,0,2
23,20,6,6300,19.76,0,2
23,20,7,6300,19.76,0,2
23,20,8,6300,18.75,0,2
23,20,9,6300,17.34,0,2
23,20,10,6300,16.53,0,2
23,20,11,6300,16.13,0,2
23,20,12,6300,15.72,0,2
23,20,13,6300,15.52,0,2
23,21,1,6300,22.98,0,2
23,21,2,6300,23.18,0,2
23,21,3,6300,22.98,0,2
23,21,4,6300,21.97,0,2
23,21,5,6300,19.96,0,2
23,21,6,6300,20.16,0,2
23,21,7,6300,19.76,0,2
23,21,8,6300,18.75,0,2
23,21,9,6300,18.14,0,2
23,21,10,6300,16.13,0,2
23,21,11,6300,15.72,0,2
23,21,12,6300,15.32,0,2
23,21,13,6300,15.72,0,2
23,22,1,6300,22.58,0,2
23,22,2,6300,21.77,0,1
23,22,3,6300,21.57,0,1
23,22,4,6300,21.17,0,2
23,22,5,6300,20.16,0,2
23,22,6,6300,21.17,0,2
23,22,7,6300,20.56,0,2
23,22,8,6300,19.96,0,2
23,22,9,6300,16.93,0,2
23,22,10,6300,16.53,0,2
23,22,11,6300,15.52,0,2
23,22,12,6300,16.13,0,2
23,22,13,6300,16.13,0,2
23,23,1,6300,22.38,0,1
23,23,2,6300,22.78,0,1
23,23,3,6300,23.39,0,1
23,23,4,6300,23.59,0,1
23,23,5,6300,22.38,0,2
23,23,6,6300,21.77,0,2
23,23,7,6300,19.76,0,2
23,23,8,6300,17.74,0,2
23,23,9,6300,15.72,0,2
23,23,10,6300,13.71,0,2
23,23,11,6300,14.11,0,2
23,23,12,6300,13.51,0,2
23,23,13,6300,14.72,0,2
23,24,1,6300,22.78,0,1
23,24,2,6300,23.39,0,1
23,24,3,6300,25,0,1
23,24,4,6300,23.59,0,1
23,24,5,6300,22.98,0,1
23,24,6,6300,22.58,0,2
23,24,7,6300,19.76,0,2
23,24,8,6300,16.53,0,2
23,24,9,6300,14.92,0,2
23,24,10,6300,13.31,0,2
23,24,11,6300,13.51,0,2
23,24,12,6300,14.11,0,2
23,24,13,6300,14.52,0,2
23,25,1,6300,23.59,0,1
23,25,2,6300,24.19,0,1
23,25,3,6300,24.39,0,1
23,25,4,6300,24.6,0,1
23,25,5,6300,22.78,0,1
23,25,6,6300,22.18,0,1
23,25,7,6300,19.35,0,1
23,25,8,6300,16.73,0,1
23,25,9,6300,13.51,0,1
23,25,10,6300,13.51,0,1
23,25,11,6300,13.31,0,1
23,25,12,6300,12.9,0,1
23,25,13,6300,12.7,0,1
23,26,1,6300,21.37,0,1
23,26,2,6300,21.97,0,1
23,26,3,6300,22.18,0,1
23,26,4,6300,22.18,0,1
23,26,5,6300,21.17,0,1
23,26,6,6300,19.76,0,1
23,26,7,6300,17.94,0,1
23,26,8,6300,16.13,0,1
23,26,9,6300,13.91,0,1
23,26,10,6300,13.31,0,1
23,26,11,6300,12.7,0,1
23,26,12,6300,12.9,0,1
23,26,13,6300,12.5,0,1
23,27,1,6300,17.94,0,1
23,27,2,6300,17.74,0,1
23,27,3,6300,17.34,0,1
23,27,4,6300,17.34,0,1
23,27,5,6300,16.53,0,1
23,27,6,6300,15.93,0,1
23,27,7,6300,15.32,0,1
23,27,8,6300,14.11,0,1
23,27,9,6300,13.31,0,1
23,27,10,6300,12.9,0,1
23,27,11,6300,11.89,0,1
23,27,12,6300,11.69,0,1
23,27,13,6300,12.3,0,1
23,28,1,6300,15.52,0,1
23,28,2,6300,15.32,0,1
23,28,3,6300,15.32,0,1
23,28,4,6300,15.52,0,1
23,28,5,6300,15.52,0,1
23,28,6,6300,15.12,0,1
23,28,7,6300,14.72,0,1
23,28,8,6300,14.11,0,1
23,28,9,6300,13.71,0,1
23,28,10,6300,12.5,0,1
23,28,11,6300,11.29,0,1
23,28,12,6300,10.89,0,1
23,28,13,6300,11.49,0,1
23,29,1,6300,14.11,0,1
23,29,2,6300,13.71,0,1
23,29,3,6300,13.51,0,1
23,29,4,6300,13.51,0,1
23,29,5,6300,13.91,0,1
23,29,6,6300,13.51,0,1
23,29,7,6300,13.1,0,1
23,29,8,6300,12.9,0,1
23,29,9,6300,12.9,0,1
23,29,10,6300,11.69,0,1
23,29,11,6300,10.68,0,1
23,29,12,6300,10.89,0,1
23,29,13,6300,11.69,0,1
23,30,1,6300,12.3,0,1
23,30,2,6300,12.3,0,1
23,30,3,6300,12.1,0,1
23,30,4,6300,12.3,0,1
23,30,5,6300,12.3,0,1
23,30,6,6300,12.5,0,1
23,30,7,6300,12.9,0,1
23,30,8,6300,13.1,0,1
23,30,9,6300,13.1,0,1
23,30,10,6300,12.5,0,1
23,30,11,6300,11.29,0,1
23,30,12,6300,10.68,0,1
23,30,13,6300,10.48,0,1
23,31,1,6300,11.09,0,1
23,31,2,6300,11.09,0,1
23,31,3,6300,11.09,0,1
23,31,4,6300,10.89,0,1
23,31,5,6300,11.09,0,1
23,31,6,6300,11.29,0,1
23,31,7,6300,11.29,0,1
23,31,8,6300,11.49,0,1
23,31,9,6300,11.29,0,1
23,31,10,6300,10.48,0,1
23,31,11,6300,9.68,0,1
23,31,12,6300,9.07,0,1
23,31,13,6300,8.47,0,1
23,32,1,6300,10.68,0,1
23,32,2,6300,10.28,0,1
23,32,3,6300,10.28,0,1
23,32,4,6300,10.28,0,1
23,32,5,6300,10.28,0,1
23,32,6,6300,10.08,0,1
23,32,7,6300,10.08,0,1
23,32,8,6300,10.48,0,1
23,32,9,6300,11.09,0,1
23,32,10,6300,10.89,0,1
23,32,11,6300,10.68,0,1
23,32,12,6300,9.48,0,1
23,32,13,6300,9.07,0,1
23,33,1,6300,9.68,0,1
23,33,2,6300,9.48,0,1
23,33,3,6300,9.27,0,1
23,33,4,6300,9.07,0,1
23,33,5,6300,9.48,0,1
23,33,6,6300,9.48,0,1
23,33,7,6300,9.27,0,1
23,33,8,6300,9.48,0,1
23,33,9,6300,9.48,0,1
23,33,10,6300,9.07,0,1
23,33,11,6300,8.87,0,1
23,33,12,6300,7.86,0,1
23,33,13,6300,7.66,0,1
23,34,1,6300,8.67,0,1
23,34,2,6300,8.47,0,1
23,34,3,6300,8.27,0,1
23,34,4,6300,7.86,0,1
23,34,5,6300,8.27,0,1
23,34,6,6300,8.87,0,1
23,34,7,6300,8.87,0,1
23,34,8,6300,8.67,0,1
23,34,9,6300,8.47,0,1
23,34,10,6300,8.47,0,1
23,34,11,6300,8.06,0,1
23,34,12,6300,7.66,0,1
23,34,13,6300,7.66,0,1
23,35,1,6300,8.47,0,1
23,35,2,6300,8.27,0,1
23,35,3,6300,7.86,0,1
23,35,4,6300,8.06,0,1
23,35,5,6300,8.47,0,1
23,35,6,6300,9.68,0,1
23,35,7,6300,9.07,0,1
23,35,8,6300,7.86,0,1
23,35,9,6300,8.06,0,1
23,35,10,6300,7.86,0,1
23,35,11,6300,7.66,0,1
23,35,12,6300,7.46,0,1
23,35,13,6300,7.46,0,1
23,36,1,6300,7.66,0,1
23,36,2,6300,7.06,0,1
23,36,3,6300,7.06,0,1
23,36,4,6300,7.26,0,1
23,36,5,6300,8.27,0,1
23,36,6,6300,8.47,0,1
23,36,7,6300,8.27,0,1
23,36,8,6300,8.06,0,1
23,36,9,6300,7.66,0,1
23,36,10,6300,7.66,0,1
23,36,11,6300,7.46,0,1
23,36,12,6300,7.46,0,1
23,36,13,6300,7.86,0,1
23,37,1,6300,7.26,0,1
23,37,2,6300,6.65,0,1
23,37,3,6300,6.85,0,1
23,37,4,6300,7.66,0,1
23,37,5,6300,8.27,0,1
23,37,6,6300,8.27,0,1
23,37,7,6300,8.27,0,1
23,37,8,6300,8.06,0,1
23,37,9,6300,7.86,0,1
23,37,10,6300,7.86,0,1
23,37,11,6300,7.46,0,1
23,37,12,6300,7.46,0,1
23,37,13,6300,7.46,0,1
23,38,1,6300,6.45,0,1
23,38,2,6300,6.45,0,1
23,38,3,6300,7.06,0,1
23,38,4,6300,7.46,0,1
23,38,5,6300,8.06,0,1
23,38,6,6300,8.06,0,1
23,38,7,6300,8.06,0,1
23,38,8,6300,8.06,0,1
23,38,9,6300,8.06,0,1
23,38,10,6300,8.06,0,1
23,38,11,6300,7.86,0,1
23,38,12,6300,7.66,0,1
23,38,13,6300,7.46,0,1
23,39,1,6300,6.25,0,1
23,39,2,6300,6.25,0,1
23,39,3,6300,6.05,0,1
23,39,4,6300,6.85,0,1
23,39,5,6300,7.26,0,1
23,39,6,6300,7.86,0,1
23,39,7,6300,8.27,0,1
23,39,8,6300,8.47,0,1
23,39,9,6300,8.27,0,1
23,39,10,6300,8.47,0,1
23,39,11,6300,8.06,0,1
23,39,12,6300,8.06,0,1
23,39,13,6300,8.27,0,1
23,40,1,6300,6.25,0,1
23,40,2,6300,6.05,0,1
23,40,3,6300,6.25,0,1
23,40,4,6300,6.65,0,1
23,40,5,6300,7.26,0,1
23,40,6,6300,7.26,0,1
23,40,7,6300,7.86,0,1
23,40,8,6300,8.67,0,1
23,40,9,6300,8.87,0,1
23,40,10,6300,8.87,0,1
23,40,11,6300,8.27,0,1
23,40,12,6300,8.27,0,1
23,40,13,6300,8.67,0,1
24,1,1,6300,21.17,0,2
24,1,2,6300,20.97,0,2
24,1,3,6300,24.6,0,2
24,1,4,6300,20.56,0,1
24,1,5,6300,16.53,0,1
24,1,6,6300,14.92,0,1
24,1,7,6300,11.09,0,1
24,1,8,6300,9.07,0,1
24,1,9,6300,7.86,0,1
24,1,10,6300,8.67,0,1
24,1,11,6300,10.48,0,1
24,1,12,6300,11.69,0,1
24,1,13,6300,12.1,0,1
24,2,1,6300,25.6,0,2
24,2,2,6300,25,0,2
24,2,3,6300,24.8,0,1
24,2,4,6300,20.16,0,1
24,2,5,6300,17.74,0,1
24,2,6,6300,14.11,0,1
24,2,7,6300,10.28,0,1
24,2,8,6300,8.27,0,1
24,2,9,6300,7.86,0,1
24,2,10,6300,7.06,0,1
24,2,11,6300,8.06,0,1
24,2,12,6300,9.27,0,1
24,2,13,6300,11.49,0,1
24,3,1,6300,20.16,0,2
24,3,2,6300,21.77,0,2
24,3,3,6300,25.8,0,1
24,3,4,6300,22.58,0,1
24,3,5,6300,18.14,0,1
24,3,6,6300,13.91,0,1
24,3,7,6300,10.68,0,1
24,3,8,6300,10.08,0,1
24,3,9,6300,7.86,0,1
24,3,10,6300,6.45,0,1
24,3,11,6300,6.85,0,1
24,3,12,6300,7.66,0,1
24,3,13,6300,8.47,0,1
24,4,1,6300,18.14,0,1
24,4,2,6300,18.55,0,1
24,4,3,6300,22.38,0,1
24,4,4,6300,22.18,0,1
24,4,5,6300,18.55,0,1
24,4,6,6300,17.14,0,1
24,4,7,6300,15.52,0,1
24,4,8,6300,13.71,0,1
24,4,9,6300,11.49,0,1
24,4,10,6300,10.68,0,1
24,4,11,6300,10.89,0,1
24,4,12,6300,11.49,0,1
24,4,13,6300,12.5,0,1
24,5,1,6300,18.55,0,1
24,5,2,6300,18.95,0,1
24,5,3,6300,22.98,0,1
24,5,4,6300,21.57,0,1
24,5,5,6300,18.95,0,1
24,5,6,6300,18.55,0,1
24,5,7,6300,17.14,0,1
24,5,8,6300,16.73,0,1
24,5,9,6300,15.12,0,1
24,5,10,6300,13.51,0,1
24,5,11,6300,13.91,0,1
24,5,12,6300,13.1,0,1
24,5,13,6300,13.51,0,1
24,6,1,6300,21.57,0,1
24,6,2,6300,21.77,0,1
24,6,3,6300,25,0,1
24,6,4,6300,23.99,0,1
24,6,5,6300,22.58,0,1
24,6,6,6300,20.36,0,1
24,6,7,6300,20.16,0,1
24,6,8,6300,19.35,0,1
24,6,9,6300,17.54,0,1
24,6,10,6300,16.53,0,1
24,6,11,6300,16.33,0,1
24,6,12,6300,17.14,0,1
24,6,13,6300,17.54,0,1
24,7,1,6300,25,0,1
24,7,2,6300,24.8,0,1
24,7,3,6300,26.01,0,1
24,7,4,6300,23.39,0,1
24,7,5,6300,20.97,0,1
24,7,6,6300,20.36,0,1
24,7,7,6300,21.37,0,1
24,7,8,6300,22.98,0,1
24,7,9,6300,20.56,0,1
24,7,10,6300,17.14,0,1
24,7,11,6300,17.14,0,1
24,7,12,6300,21.97,0,1
24,7,13,6300,23.39,0,1
24,8,1,6300,22.58,0,2
24,8,2,6300,24.19,0,1
24,8,3,6300,25.2,0,1
24,8,4,6300,24.39,0,1
24,8,5,6300,21.97,0,1
24,8,6,6300,22.98,0,1
24,8,7,6300,23.59,0,1
24,8,8,6300,23.39,0,1
24,8,9,6300,21.17,0,1
24,8,10,6300,18.95,0,1
24,8,11,6300,17.94,0,1
24,8,12,6300,19.56,0,1
24,8,13,6300,20.36,0,1
24,9,1,6300,22.18,0,2
24,9,2,6300,23.99,0,1
24,9,3,6300,25,0,1
24,9,4,6300,23.59,0,1
24,9,5,6300,23.59,0,2
24,9,6,6300,25.4,0,2
24,9,7,6300,29.23,0,2
24,9,8,6300,24.8,0,1
24,9,9,6300,23.59,0,1
24,9,10,6300,21.57,0,1
24,9,11,6300,18.75,0,1
24,9,12,6300,18.35,0,1
24,9,13,6300,16.93,0,1
24,10,1,6300,22.38,0,2
24,10,2,6300,23.59,0,2
24,10,3,6300,23.99,0,2
24,10,4,6300,22.98,0,2
24,10,5,6300,22.98,0,2
24,10,6,6300,22.98,0,2
24,10,7,6300,23.59,0,2
24,10,8,6300,22.58,0,2
24,10,9,6300,21.37,0,2
24,10,10,6300,19.35,0,2
24,10,11,6300,17.94,0,2
24,10,12,6300,16.73,0,1
24,10,13,6300,16.13,0,1
24,11,1,6300,22.78,0,2
24,11,2,6300,23.79,0,2
24,11,3,6300,23.18,0,2
24,11,4,6300,22.18,0,2
24,11,5,6300,21.97,0,2
24,11,6,6300,21.77,0,2
24,11,7,6300,23.59,0,2
24,11,8,6300,17.14,0,2
24,11,9,6300,16.93,0,2
24,11,10,6300,16.93,0,2
24,11,11,6300,16.53,0,2
24,11,12,6300,13.51,0,2
24,11,13,6300,13.51,0,2
24,12,1,6300,23.18,0,2
24,12,2,6300,23.39,0,2
24,12,3,6300,22.58,0,2
24,12,4,6300,22.18,0,2
24,12,5,6300,21.57,0,2
24,12,6,6300,20.97,0,2
24,12,7,6300,20.36,0,2
24,12,8,6300,18.75,0,2
24,12,9,6300,17.74,0,2
24,12,10,6300,17.54,0,2
24,12,11,6300,16.73,0,2
24,12,12,6300,15.93,0,2
24,12,13,6300,15.52,0,2
24,13,1,6300,22.38,0,2
24,13,2,6300,22.98,0,2
24,13,3,6300,22.98,0,2
24,13,4,6300,22.18,0,2
24,13,5,6300,21.37,0,2
24,13,6,6300,19.96,0,2
24,13,7,6300,18.95,0,2
24,13,8,6300,17.74,0,2
24,13,9,6300,17.14,0,2
24,13,10,6300,17.94,0,2
24,13,11,6300,17.34,0,2
24,13,12,6300,16.93,0,2
24,13,13,6300,16.73,0,2
24,14,1,6300,22.18,0,2
24,14,2,6300,23.39,0,2
24,14,3,6300,22.58,0,2
24,14,4,6300,22.18,0,2
24,14,5,6300,20.16,0,2
24,14,6,6300,19.76,0,2
24,14,7,6300,19.35,0,2
24,14,8,6300,17.94,0,2
24,14,9,6300,17.54,0,2
24,14,10,6300,19.15,0,2
24,14,11,6300,19.76,0,2
24,14,12,6300,18.75,0,2
24,14,13,6300,18.75,0,2
24,15,1,6300,21.77,0,2
24,15,2,6300,22.18,0,2
24,15,3,6300,21.77,0,2
24,15,4,6300,21.37,0,2
24,15,5,6300,20.56,0,2
24,15,6,6300,20.16,0,2
24,15,7,6300,19.56,0,2
24,15,8,6300,19.96,0,2
24,15,9,6300,19.56,0,2
24,15,10,6300,22.58,0,2
24,15,11,6300,22.38,0,2
24,15,12,6300,22.58,0,2
24,15,13,6300,22.18,0,2
24,16,1,6300,21.17,0,2
24,16,2,6300,21.77,0,2
24,16,3,6300,21.37,0,2
24,16,4,6300,20.76,0,2
24,16,5,6300,20.16,0,2
24,16,6,6300,19.56,0,2
24,16,7,6300,19.15,0,2
24,16,8,6300,19.15,0,2
24,16,9,6300,18.55,0,2
24,16,10,6300,21.77,0,2
24,16,11,6300,23.59,0,2
24,16,12,6300,23.18,0,2
24,16,13,6300,22.78,0,2
24,17,1,6300,20.97,0,2
24,17,2,6300,21.17,0,2
24,17,3,6300,20.76,0,2
24,17,4,6300,20.16,0,2
24,17,5,6300,19.96,0,2
24,17,6,6300,19.76,0,2
24,17,7,6300,19.35,0,2
24,17,8,6300,19.15,0,2
24,17,9,6300,18.55,0,2
24,17,10,6300,22.18,0,2
24,17,11,6300,23.99,0,2
24,17,12,6300,23.39,0,1
24,17,13,6300,22.58,0,1
24,18,1,6300,20.56,0,2
24,18,2,6300,20.56,0,2
24,18,3,6300,20.36,0,1
24,18,4,6300,19.35,0,2
24,18,5,6300,18.35,0,2
24,18,6,6300,18.14,0,2
24,18,7,6300,17.94,0,2
24,18,8,6300,17.54,0,2
24,18,9,6300,16.73,0,2
24,18,10,6300,19.35,0,2
24,18,11,6300,20.97,0,2
24,18,12,6300,20.56,0,1
24,18,13,6300,20.36,0,1
24,19,1,6300,20.36,0,2
24,19,2,6300,20.16,0,2
24,19,3,6300,19.76,0,2
24,19,4,6300,18.55,0,2
24,19,5,6300,17.14,0,2
24,19,6,6300,16.73,0,2
24,19,7,6300,16.93,0,2
24,19,8,6300,15.93,0,2
24,19,9,6300,15.52,0,2
24,19,10,6300,16.73,0,2
24,19,11,6300,17.74,0,2
24,19,12,6300,17.54,0,1
24,19,13,6300,17.54,0,1
24,20,1,6300,21.17,0,2
24,20,2,6300,21.17,0,2
24,20,3,6300,20.56,0,2
24,20,4,6300,19.15,0,1
24,20,5,6300,17.14,0,1
24,20,6,6300,16.13,0,2
24,20,7,6300,15.32,0,1
24,20,8,6300,14.92,0,1
24,20,9,6300,14.72,0,1
24,20,10,6300,15.32,0,1
24,20,11,6300,15.93,0,1
24,20,12,6300,15.93,0,1
24,20,13,6300,16.13,0,1
24,21,1,6300,20.76,0,2
24,21,2,6300,20.97,0,2
24,21,3,6300,20.56,0,1
24,21,4,6300,19.56,0,2
24,21,5,6300,17.54,0,1
24,21,6,6300,16.53,0,2
24,21,7,6300,15.93,0,2
24,21,8,6300,15.52,0,2
24,21,9,6300,14.72,0,1
24,21,10,6300,14.92,0,1
24,21,11,6300,15.52,0,2
24,21,12,6300,15.52,0,1
24,21,13,6300,15.93,0,1
24,22,1,6300,21.37,0,1
24,22,2,6300,21.57,0,1
24,22,3,6300,21.57,0,1
24,22,4,6300,20.76,0,1
24,22,5,6300,18.55,0,2
24,22,6,6300,17.14,0,2
24,22,7,6300,16.13,0,2
24,22,8,6300,14.92,0,1
24,22,9,6300,13.71,0,1
24,22,10,6300,13.51,0,2
24,22,11,6300,13.51,0,2
24,22,12,6300,12.9,0,2
24,22,13,6300,13.51,0,1
24,23,1,6300,20.16,0,1
24,23,2,6300,20.16,0,1
24,23,3,6300,20.16,0,1
24,23,4,6300,19.35,0,1
24,23,5,6300,17.94,0,1
24,23,6,6300,16.93,0,1
24,23,7,6300,15.52,0,1
24,23,8,6300,14.52,0,1
24,23,9,6300,14.52,0,1
24,23,10,6300,14.11,0,1
24,23,11,6300,13.1,0,1
24,23,12,6300,12.3,0,1
24,23,13,6300,12.3,0,1
24,24,1,6300,20.56,0,1
24,24,2,6300,21.17,0,1
24,24,3,6300,21.37,0,1
24,24,4,6300,21.37,0,1
24,24,5,6300,18.75,0,1
24,24,6,6300,16.93,0,1
24,24,7,6300,14.72,0,1
24,24,8,6300,12.9,0,1
24,24,9,6300,13.71,0,1
24,24,10,6300,13.31,0,1
24,24,11,6300,12.7,0,1
24,24,12,6300,12.3,0,1
24,24,13,6300,12.1,0,1
24,25,1,6300,20.56,0,1
24,25,2,6300,20.16,0,1
24,25,3,6300,20.56,0,1
24,25,4,6300,20.36,0,1
24,25,5,6300,18.14,0,1
24,25,6,6300,17.54,0,1
24,25,7,6300,14.72,0,1
24,25,8,6300,13.31,0,1
24,25,9,6300,13.91,0,1
24,25,10,6300,13.31,0,1
24,25,11,6300,12.5,0,1
24,25,12,6300,11.49,0,1
24,25,13,6300,10.89,0,1
24,26,1,6300,17.94,0,1
24,26,2,6300,17.74,0,1
24,26,3,6300,17.94,0,1
24,26,4,6300,18.14,0,1
24,26,5,6300,16.53,0,1
24,26,6,6300,15.72,0,1
24,26,7,6300,13.71,0,1
24,26,8,6300,12.9,0,1
24,26,9,6300,11.89,0,1
24,26,10,6300,12.1,0,1
24,26,11,6300,11.29,0,1
24,26,12,6300,10.68,0,1
24,26,13,6300,10.89,0,1
24,27,1,6300,15.12,0,1
24,27,2,6300,15.12,0,1
24,27,3,6300,15.93,0,1
24,27,4,6300,17.54,0,1
24,27,5,6300,16.73,0,1
24,27,6,6300,16.13,0,1
24,27,7,6300,15.12,0,1
24,27,8,6300,13.91,0,1
24,27,9,6300,13.31,0,1
24,27,10,6300,13.1,0,1
24,27,11,6300,11.69,0,1
24,27,12,6300,11.09,0,1
24,27,13,6300,10.68,0,1
24,28,1,6300,13.51,0,1
24,28,2,6300,13.51,0,1
24,28,3,6300,14.72,0,1
24,28,4,6300,15.32,0,1
24,28,5,6300,15.12,0,1
24,28,6,6300,15.32,0,1
24,28,7,6300,13.91,0,1
24,28,8,6300,13.31,0,1
24,28,9,6300,12.9,0,1
24,28,10,6300,12.1,0,1
24,28,11,6300,10.68,0,1
24,28,12,6300,10.48,0,1
24,28,13,6300,10.48,0,1
24,29,1,6300,13.1,0,1
24,29,2,6300,13.1,0,1
24,29,3,6300,13.51,0,1
24,29,4,6300,13.51,0,1
24,29,5,6300,13.1,0,1
24,29,6,6300,13.31,0,1
24,29,7,6300,12.9,0,1
24,29,8,6300,12.3,0,1
24,29,9,6300,12.1,0,1
24,29,10,6300,11.09,0,1
24,29,11,6300,10.48,0,1
24,29,12,6300,10.68,0,1
24,29,13,6300,9.68,0,1
24,30,1,6300,11.89,0,1
24,30,2,6300,12.1,0,1
24,30,3,6300,12.7,0,1
24,30,4,6300,12.5,0,1
24,30,5,6300,12.1,0,1
24,30,6,6300,12.7,0,1
24,30,7,6300,12.7,0,1
24,30,8,6300,12.3,0,1
24,30,9,6300,11.69,0,1
24,30,10,6300,10.08,0,1
24,30,11,6300,9.68,0,1
24,30,12,6300,9.07,0,1
24,30,13,6300,9.27,0,1
24,31,1,6300,11.09,0,1
24,31,2,6300,11.09,0,1
24,31,3,6300,11.09,0,1
24,31,4,6300,10.68,0,1
24,31,5,6300,11.09,0,1
24,31,6,6300,11.09,0,1
24,31,7,6300,11.09,0,1
24,31,8,6300,10.89,0,1
24,31,9,6300,10.89,0,1
24,31,10,6300,9.88,0,1
24,31,11,6300,8.87,0,1
24,31,12,6300,8.67,0,1
24,31,13,6300,8.27,0,1
24,32,1,6300,10.48,0,1
24,32,2,6300,10.89,0,1
24,32,3,6300,10.48,0,1
24,32,4,6300,10.48,0,1
24,32,5,6300,10.48,0,1
24,32,6,6300,10.48,0,1
24,32,7,6300,10.28,0,1
24,32,8,6300,10.28,0,1
24,32,9,6300,10.08,0,1
24,32,10,6300,9.27,0,1
24,32,11,6300,8.47,0,1
24,32,12,6300,8.27,0,1
24,32,13,6300,7.86,0,1
24,33,1,6300,9.48,0,1
24,33,2,6300,9.27,0,1
24,33,3,6300,9.27,0,1
24,33,4,6300,9.27,0,1
24,33,5,6300,9.48,0,1
24,33,6,6300,9.48,0,1
24,33,7,6300,9.27,0,1
24,33,8,6300,9.07,0,1
24,33,9,6300,9.07,0,1
24,33,10,6300,8.47,0,1
24,33,11,6300,7.86,0,1
24,33,12,6300,7.46,0,1
24,33,13,6300,7.26,0,1
24,34,1,6300,8.67,0,1
24,34,2,6300,8.47,0,1
24,34,3,6300,8.67,0,1
24,34,4,6300,8.67,0,1
24,34,5,6300,9.07,0,1
24,34,6,6300,8.87,0,1
24,34,7,6300,8.67,0,1
24,34,8,6300,8.67,0,1
24,34,9,6300,8.47,0,1
24,34,10,6300,8.06,0,1
24,34,11,6300,7.86,0,1
24,34,12,6300,7.66,0,1
24,34,13,6300,7.26,0,1
24,35,1,6300,8.67,0,1
24,35,2,6300,8.67,0,1
24,35,3,6300,8.27,0,1
24,35,4,6300,8.67,0,1
24,35,5,6300,8.67,0,1
24,35,6,6300,8.67,0,1
24,35,7,6300,8.27,0,1
24,35,8,6300,8.06,0,1
24,35,9,6300,7.86,0,1
24,35,10,6300,7.66,0,1
24,35,11,6300,7.66,0,1
24,35,12,6300,7.66,0,1
24,35,13,6300,7.26,0,1
24,36,1,6300,8.27,0,1
24,36,2,6300,8.06,0,1
24,36,3,6300,8.47,0,1
24,36,4,6300,8.27,0,1
24,36,5,6300,8.27,0,1
24,36,6,6300,8.27,0,1
24,36,7,6300,8.06,0,1
24,36,8,6300,7.86,0,1
24,36,9,6300,7.46,0,1
24,36,10,6300,7.66,0,1
24,36,11,6300,7.86,0,1
24,36,12,6300,7.66,0,1
24,36,13,6300,7.26,0,1
24,37,1,6300,7.46,0,1
24,37,2,6300,6.85,0,1
24,37,3,6300,7.26,0,1
24,37,4,6300,8.27,0,1
24,37,5,6300,8.47,0,1
24,37,6,6300,8.47,0,1
24,37,7,6300,8.47,0,1
24,37,8,6300,8.06,0,1
24,37,9,6300,7.86,0,1
24,37,10,6300,7.66,0,1
24,37,11,6300,7.66,0,1
24,37,12,6300,7.46,0,1
24,37,13,6300,7.26,0,1
24,38,1,6300,6.25,0,1
24,38,2,6300,6.25,0,1
24,38,3,6300,6.85,0,1
24,38,4,6300,8.06,0,1
24,38,5,6300,8.27,0,1
24,38,6,6300,8.27,0,1
24,38,7,6300,8.06,0,1
24,38,8,6300,8.06,0,1
24,38,9,6300,8.06,0,1
24,38,10,6300,7.86,0,1
24,38,11,6300,7.66,0,1
24,38,12,6300,7.46,0,1
24,38,13,6300,7.46,0,1
24,39,1,6300,6.05,0,1
24,39,2,6300,6.05,0,1
24,39,3,6300,6.65,0,1
24,39,4,6300,7.86,0,1
24,39,5,6300,8.27,0,1
24,39,6,6300,8.27,0,1
24,39,7,6300,8.06,0,1
24,39,8,6300,8.27,0,1
24,39,9,6300,8.06,0,1
24,39,10,6300,7.86,0,1
24,39,11,6300,7.66,0,1
24,39,12,6300,7.66,0,1
24,39,13,6300,7.66,0,1
24,40,1,6300,6.05,0,1
24,40,2,6300,5.85,0,1
24,40,3,6300,5.64,0,1
24,40,4,6300,6.65,0,1
24,40,5,6300,7.46,0,1
24,40,6,6300,7.46,0,1
24,40,7,6300,7.86,0,1
24,40,8,6300,8.47,0,1
24,40,9,6300,8.27,0,1
24,40,10,6300,8.47,0,1
24,40,11,6300,8.06,0,1
24,40,12,6300,8.06,0,1
24,40,13,6300,8.47,0,1
25,1,1,6300,27.62,0,2
25,1,2,6300,26.01,0,2
25,1,3,6300,20.97,0,1
25,1,4,6300,21.17,0,1
25,1,5,6300,15.93,0,1
25,1,6,6300,15.72,0,1
25,1,7,6300,10.89,0,1
25,1,8,6300,8.47,0,1
25,1,9,6300,7.26,0,1
25,1,10,6300,7.46,0,1
25,1,11,6300,10.28,0,1
25,1,12,6300,11.69,0,1
25,1,13,6300,12.1,0,1
25,2,1,6300,22.58,0,2
25,2,2,6300,21.57,0,2
25,2,3,6300,26.41,0,1
25,2,4,6300,22.98,0,1
25,2,5,6300,16.93,0,1
25,2,6,6300,14.11,0,1
25,2,7,6300,11.49,0,1
25,2,8,6300,10.08,0,1
25,2,9,6300,8.06,0,1
25,2,10,6300,7.86,0,1
25,2,11,6300,8.06,0,1
25,2,12,6300,8.27,0,1
25,2,13,6300,8.67,0,1
25,3,1,6300,21.17,0,2
25,3,2,6300,20.16,0,2
25,3,3,6300,24.6,0,1
25,3,4,6300,19.56,0,1
25,3,5,6300,17.74,0,1
25,3,6,6300,14.72,0,1
25,3,7,6300,12.1,0,1
25,3,8,6300,10.48,0,1
25,3,9,6300,10.08,0,1
25,3,10,6300,8.67,0,1
25,3,11,6300,7.86,0,1
25,3,12,6300,9.27,0,1
25,3,13,6300,11.29,0,1
25,4,1,6300,17.94,0,1
25,4,2,6300,19.15,0,1
25,4,3,6300,21.77,0,1
25,4,4,6300,18.55,0,1
25,4,5,6300,15.72,0,1
25,4,6,6300,14.31,0,1
25,4,7,6300,13.51,0,1
25,4,8,6300,12.3,0,1
25,4,9,6300,10.08,0,1
25,4,10,6300,9.48,0,1
25,4,11,6300,10.28,0,1
25,4,12,6300,11.29,0,1
25,4,13,6300,11.49,0,1
25,5,1,6300,18.55,0,1
25,5,2,6300,18.35,0,1
25,5,3,6300,21.57,0,1
25,5,4,6300,18.75,0,1
25,5,5,6300,18.35,0,1
25,5,6,6300,16.73,0,1
25,5,7,6300,15.12,0,1
25,5,8,6300,13.71,0,1
25,5,9,6300,8.67,0,1
25,5,10,6300,11.49,0,1
25,5,11,6300,12.3,0,1
25,5,12,6300,13.1,0,1
25,5,13,6300,13.31,0,1
25,6,1,6300,18.75,0,1
25,6,2,6300,19.76,0,1
25,6,3,6300,23.18,0,1
25,6,4,6300,20.36,0,1
25,6,5,6300,18.55,0,1
25,6,6,6300,17.74,0,1
25,6,7,6300,17.74,0,1
25,6,8,6300,16.73,0,1
25,6,9,6300,15.93,0,1
25,6,10,6300,15.32,0,1
25,6,11,6300,14.72,0,1
25,6,12,6300,15.52,0,1
25,6,13,6300,15.52,0,1
25,7,1,6300,22.18,0,1
25,7,2,6300,24.19,0,1
25,7,3,6300,25.2,0,1
25,7,4,6300,24.19,0,1
25,7,5,6300,23.18,0,1
25,7,6,6300,22.18,0,1
25,7,7,6300,21.17,0,1
25,7,8,6300,20.97,0,1
25,7,9,6300,19.76,0,1
25,7,10,6300,17.94,0,1
25,7,11,6300,17.34,0,1
25,7,12,6300,18.35,0,1
25,7,13,6300,18.75,0,1
25,8,1,6300,26.01,0,1
25,8,2,6300,25,0,1
25,8,3,6300,25.8,0,1
25,8,4,6300,23.79,0,1
25,8,5,6300,22.58,0,1
25,8,6,6300,21.77,0,1
25,8,7,6300,20.97,0,1
25,8,8,6300,20.97,0,1
25,8,9,6300,20.16,0,1
25,8,10,6300,18.35,0,1
25,8,11,6300,16.33,0,1
25,8,12,6300,15.12,0,1
25,8,13,6300,17.54,0,1
25,9,1,6300,22.78,0,2
25,9,2,6300,24.8,0,1
25,9,3,6300,24.19,0,1
25,9,4,6300,23.59,0,1
25,9,5,6300,22.58,0,1
25,9,6,6300,22.78,0,1
25,9,7,6300,22.38,0,1
25,9,8,6300,22.38,0,1
25,9,9,6300,21.17,0,1
25,9,10,6300,19.15,0,1
25,9,11,6300,17.34,0,1
25,9,12,6300,16.73,0,1
25,9,13,6300,17.14,0,1
25,10,1,6300,23.79,0,2
25,10,2,6300,25,0,1
25,10,3,6300,24.6,0,1
25,10,4,6300,23.39,0,1
25,10,5,6300,22.18,0,2
25,10,6,6300,21.77,0,2
25,10,7,6300,20.97,0,2
25,10,8,6300,20.36,0,2
25,10,9,6300,19.76,0,1
25,10,10,6300,18.35,0,1
25,10,11,6300,17.14,0,1
25,10,12,6300,16.73,0,1
25,10,13,6300,16.33,0,1
25,11,1,6300,23.39,0,2
25,11,2,6300,25,0,1
25,11,3,6300,24.39,0,1
25,11,4,6300,22.98,0,1
25,11,5,6300,21.97,0,2
25,11,6,6300,21.37,0,2
25,11,7,6300,19.76,0,2
25,11,8,6300,18.95,0,2
25,11,9,6300,18.14,0,1
25,11,10,6300,17.14,0,1
25,11,11,6300,15.93,0,1
25,11,12,6300,15.32,0,1
25,11,13,6300,14.72,0,1
25,12,1,6300,23.59,0,2
25,12,2,6300,25,0,1
25,12,3,6300,23.99,0,1
25,12,4,6300,22.38,0,2
25,12,5,6300,21.17,0,2
25,12,6,6300,19.76,0,2
25,12,7,6300,17.94,0,2
25,12,8,6300,18.14,0,2
25,12,9,6300,18.35,0,1
25,12,10,6300,17.34,0,1
25,12,11,6300,15.32,0,1
25,12,12,6300,15.93,0,1
25,12,13,6300,14.92,0,1
25,13,1,6300,23.79,0,2
25,13,2,6300,23.79,0,1
25,13,3,6300,22.98,0,1
25,13,4,6300,21.77,0,2
25,13,5,6300,20.16,0,2
25,13,6,6300,19.15,0,2
25,13,7,6300,17.34,0,2
25,13,8,6300,17.14,0,2
25,13,9,6300,17.34,0,1
25,13,10,6300,17.74,0,1
25,13,11,6300,16.73,0,1
25,13,12,6300,16.53,0,1
25,13,13,6300,16.13,0,1
25,14,1,6300,22.18,0,2
25,14,2,6300,22.18,0,1
25,14,3,6300,21.37,0,1
25,14,4,6300,20.97,0,1
25,14,5,6300,20.16,0,2
25,14,6,6300,19.35,0,2
25,14,7,6300,18.55,0,2
25,14,8,6300,17.74,0,2
25,14,9,6300,17.34,0,1
25,14,10,6300,19.35,0,1
25,14,11,6300,19.35,0,1
25,14,12,6300,19.15,0,1
25,14,13,6300,19.15,0,1
25,15,1,6300,21.37,0,2
25,15,2,6300,21.37,0,1
25,15,3,6300,20.76,0,1
25,15,4,6300,20.36,0,1
25,15,5,6300,19.56,0,1
25,15,6,6300,19.35,0,2
25,15,7,6300,19.15,0,2
25,15,8,6300,19.15,0,2
25,15,9,6300,18.75,0,2
25,15,10,6300,22.38,0,2
25,15,11,6300,24.39,0,1
25,15,12,6300,25.6,0,1
25,15,13,6300,25.4,0,1
25,16,1,6300,20.56,0,2
25,16,2,6300,20.56,0,1
25,16,3,6300,20.36,0,1
25,16,4,6300,19.96,0,2
25,16,5,6300,19.76,0,2
25,16,6,6300,19.35,0,2
25,16,7,6300,18.95,0,2
25,16,8,6300,20.36,0,2
25,16,9,6300,20.76,0,2
25,16,10,6300,24.39,0,2
25,16,11,6300,29.84,0,2
25,16,12,6300,36.29,0,2
25,16,13,6300,33.67,0,1
25,17,1,6300,20.36,0,1
25,17,2,6300,20.56,0,1
25,17,3,6300,20.36,0,1
25,17,4,6300,19.56,0,1
25,17,5,6300,18.95,0,2
25,17,6,6300,18.75,0,2
25,17,7,6300,18.35,0,2
25,17,8,6300,19.56,0,2
25,17,9,6300,19.76,0,2
25,17,10,6300,23.99,0,2
25,17,11,6300,28.63,0,2
25,17,12,6300,31.65,0,2
25,17,13,6300,30.84,0,1
25,18,1,6300,19.56,0,1
25,18,2,6300,19.56,0,1
25,18,3,6300,19.35,0,1
25,18,4,6300,18.95,0,1
25,18,5,6300,18.35,0,1
25,18,6,6300,18.35,0,1
25,18,7,6300,17.94,0,2
25,18,8,6300,17.94,0,2
25,18,9,6300,17.94,0,2
25,18,10,6300,21.57,0,2
25,18,11,6300,24.8,0,2
25,18,12,6300,25,0,1
25,18,13,6300,24.6,0,1
25,19,1,6300,19.15,0,1
25,19,2,6300,18.95,0,1
25,19,3,6300,18.55,0,1
25,19,4,6300,17.54,0,1
25,19,5,6300,16.53,0,1
25,19,6,6300,16.13,0,1
25,19,7,6300,14.72,0,1
25,19,8,6300,14.72,0,2
25,19,9,6300,14.52,0,2
25,19,10,6300,16.33,0,2
25,19,11,6300,18.14,0,2
25,19,12,6300,18.55,0,1
25,19,13,6300,19.15,0,1
25,20,1,6300,21.17,0,1
25,20,2,6300,19.15,0,1
25,20,3,6300,19.15,0,1
25,20,4,6300,19.15,0,1
25,20,5,6300,13.51,0,1
25,20,6,6300,12.3,0,1
25,20,7,6300,11.49,0,1
25,20,8,6300,11.29,0,1
25,20,9,6300,12.1,0,1
25,20,10,6300,13.31,0,1
25,20,11,6300,13.51,0,1
25,20,12,6300,14.52,0,1
25,20,13,6300,17.74,0,1
25,21,1,6300,19.76,0,1
25,21,2,6300,19.15,0,1
25,21,3,6300,18.75,0,1
25,21,4,6300,18.14,0,1
25,21,5,6300,15.32,0,1
25,21,6,6300,13.71,0,1
25,21,7,6300,12.3,0,1
25,21,8,6300,11.89,0,1
25,21,9,6300,12.1,0,1
25,21,10,6300,12.5,0,1
25,21,11,6300,13.1,0,1
25,21,12,6300,13.51,0,1
25,21,13,6300,15.32,0,1
25,22,1,6300,19.15,0,1
25,22,2,6300,18.75,0,1
25,22,3,6300,18.55,0,1
25,22,4,6300,17.94,0,1
25,22,5,6300,16.53,0,1
25,22,6,6300,14.92,0,1
25,22,7,6300,13.51,0,1
25,22,8,6300,12.9,0,1
25,22,9,6300,12.9,0,1
25,22,10,6300,12.9,0,1
25,22,11,6300,13.1,0,1
25,22,12,6300,12.5,0,1
25,22,13,6300,12.7,0,1
25,23,1,6300,18.95,0,1
25,23,2,6300,18.75,0,1
25,23,3,6300,18.14,0,1
25,23,4,6300,17.54,0,1
25,23,5,6300,16.13,0,1
25,23,6,6300,13.51,0,1
25,23,7,6300,11.89,0,1
25,23,8,6300,11.49,0,1
25,23,9,6300,13.1,0,1
25,23,10,6300,13.1,0,1
25,23,11,6300,12.1,0,1
25,23,12,6300,10.48,0,1
25,23,13,6300,10.28,0,1
25,24,1,6300,18.14,0,1
25,24,2,6300,17.54,0,1
25,24,3,6300,18.75,0,1
25,24,4,6300,18.95,0,1
25,24,5,6300,14.92,0,1
25,24,6,6300,11.89,0,1
25,24,7,6300,10.28,0,1
25,24,8,6300,10.89,0,1
25,24,9,6300,12.9,0,1
25,24,10,6300,13.71,0,1
25,24,11,6300,11.89,0,1
25,24,12,6300,10.08,0,1
25,24,13,6300,9.07,0,1
25,25,1,6300,16.73,0,1
25,25,2,6300,16.93,0,1
25,25,3,6300,17.14,0,1
25,25,4,6300,16.53,0,1
25,25,5,6300,14.31,0,1
25,25,6,6300,12.1,0,1
25,25,7,6300,10.89,0,1
25,25,8,6300,11.09,0,1
25,25,9,6300,11.69,0,1
25,25,10,6300,12.5,0,1
25,25,11,6300,11.29,0,1
25,25,12,6300,9.68,0,1
25,25,13,6300,9.27,0,1
25,26,1,6300,15.52,0,1
25,26,2,6300,15.32,0,1
25,26,3,6300,15.72,0,1
25,26,4,6300,15.72,0,1
25,26,5,6300,15.12,0,1
25,26,6,6300,13.31,0,1
25,26,7,6300,12.1,0,1
25,26,8,6300,11.89,0,1
25,26,9,6300,12.9,0,1
25,26,10,6300,12.3,0,1
25,26,11,6300,11.49,0,1
25,26,12,6300,10.28,0,1
25,26,13,6300,9.27,0,1
25,27,1,6300,11.69,0,1
25,27,2,6300,11.69,0,1
25,27,3,6300,12.9,0,1
25,27,4,6300,14.11,0,1
25,27,5,6300,14.52,0,1
25,27,6,6300,13.71,0,1
25,27,7,6300,13.1,0,1
25,27,8,6300,12.3,0,1
25,27,9,6300,12.5,0,1
25,27,10,6300,12.3,0,1
25,27,11,6300,11.49,0,1
25,27,12,6300,10.48,0,1
25,27,13,6300,9.88,0,1
25,28,1,6300,10.48,0,1
25,28,2,6300,10.48,0,1
25,28,3,6300,11.89,0,1
25,28,4,6300,13.31,0,1
25,28,5,6300,13.71,0,1
25,28,6,6300,13.91,0,1
25,28,7,6300,13.1,0,1
25,28,8,6300,12.9,0,1
25,28,9,6300,12.9,0,1
25,28,10,6300,12.5,0,1
25,28,11,6300,11.09,0,1
25,28,12,6300,9.88,0,1
25,28,13,6300,9.48,0,1
25,29,1,6300,11.29,0,1
25,29,2,6300,11.29,0,1
25,29,3,6300,11.69,0,1
25,29,4,6300,12.3,0,1
25,29,5,6300,12.3,0,1
25,29,6,6300,12.7,0,1
25,29,7,6300,12.7,0,1
25,29,8,6300,12.1,0,1
25,29,9,6300,11.69,0,1
25,29,10,6300,10.48,0,1
25,29,11,6300,10.28,0,1
25,29,12,6300,9.48,0,1
25,29,13,6300,9.07,0,1
25,30,1,6300,11.09,0,1
25,30,2,6300,11.49,0,1
25,30,3,6300,11.49,0,1
25,30,4,6300,11.69,0,1
25,30,5,6300,11.69,0,1
25,30,6,6300,12.1,0,1
25,30,7,6300,12.5,0,1
25,30,8,6300,11.69,0,1
25,30,9,6300,10.89,0,1
25,30,10,6300,9.68,0,1
25,30,11,6300,9.07,0,1
25,30,12,6300,8.47,0,1
25,30,13,6300,8.67,0,1
25,31,1,6300,11.29,0,1
25,31,2,6300,11.49,0,1
25,31,3,6300,11.49,0,1
25,31,4,6300,11.29,0,1
25,31,5,6300,11.69,0,1
25,31,6,6300,11.09,0,1
25,31,7,6300,10.28,0,1
25,31,8,6300,10.68,0,1
25,31,9,6300,9.88,0,1
25,31,10,6300,8.67,0,1
25,31,11,6300,7.66,0,1
25,31,12,6300,7.26,0,1
25,31,13,6300,7.46,0,1
25,32,1,6300,10.48,0,1
25,32,2,6300,10.89,0,1
25,32,3,6300,10.68,0,1
25,32,4,6300,10.89,0,1
25,32,5,6300,10.89,0,1
25,32,6,6300,10.08,0,1
25,32,7,6300,10.28,0,1
25,32,8,6300,10.08,0,1
25,32,9,6300,9.48,0,1
25,32,10,6300,8.47,0,1
25,32,11,6300,7.26,0,1
25,32,12,6300,6.45,0,1
25,32,13,6300,6.65,0,1
25,33,1,6300,9.48,0,1
25,33,2,6300,9.48,0,1
25,33,3,6300,9.27,0,1
25,33,4,6300,9.27,0,1
25,33,5,6300,9.48,0,1
25,33,6,6300,9.07,0,1
25,33,7,6300,8.87,0,1
25,33,8,6300,8.67,0,1
25,33,9,6300,8.47,0,1
25,33,10,6300,8.06,0,1
25,33,11,6300,7.26,0,1
25,33,12,6300,6.85,0,1
25,33,13,6300,6.85,0,1
25,34,1,6300,8.87,0,1
25,34,2,6300,8.87,0,1
25,34,3,6300,8.87,0,1
25,34,4,6300,9.27,0,1
25,34,5,6300,9.68,0,1
25,34,6,6300,9.07,0,1
25,34,7,6300,8.67,0,1
25,34,8,6300,8.67,0,1
25,34,9,6300,8.47,0,1
25,34,10,6300,7.86,0,1
25,34,11,6300,7.66,0,1
25,34,12,6300,7.26,0,1
25,34,13,6300,7.06,0,1
25,35,1,6300,9.27,0,1
25,35,2,6300,8.47,0,1
25,35,3,6300,8.67,0,1
25,35,4,6300,8.87,0,1
25,35,5,6300,8.87,0,1
25,35,6,6300,8.67,0,1
25,35,7,6300,8.47,0,1
25,35,8,6300,8.27,0,1
25,35,9,6300,8.06,0,1
25,35,10,6300,7.86,0,1
25,35,11,6300,7.66,0,1
25,35,12,6300,7.46,0,1
25,35,13,6300,7.26,0,1
25,36,1,6300,8.27,0,1
25,36,2,6300,8.47,0,1
25,36,3,6300,8.27,0,1
25,36,4,6300,8.67,0,1
25,36,5,6300,8.67,0,1
25,36,6,6300,8.67,0,1
25,36,7,6300,8.06,0,1
25,36,8,6300,7.86,0,1
25,36,9,6300,7.66,0,1
25,36,10,6300,7.86,0,1
25,36,11,6300,7.86,0,1
25,36,12,6300,7.26,0,1
25,36,13,6300,6.25,0,1
25,37,1,6300,8.27,0,1
25,37,2,6300,8.47,0,1
25,37,3,6300,8.06,0,1
25,37,4,6300,8.27,0,1
25,37,5,6300,8.06,0,1
25,37,6,6300,7.86,0,1
25,37,7,6300,7.66,0,1
25,37,8,6300,7.66,0,1
25,37,9,6300,7.46,0,1
25,37,10,6300,7.66,0,1
25,37,11,6300,7.46,0,1
25,37,12,6300,7.06,0,1
25,37,13,6300,6.65,0,1
25,38,1,6300,6.45,0,1
25,38,2,6300,6.45,0,1
25,38,3,6300,6.85,0,1
25,38,4,6300,8.06,0,1
25,38,5,6300,8.27,0,1
25,38,6,6300,8.27,0,1
25,38,7,6300,7.66,0,1
25,38,8,6300,7.66,0,1
25,38,9,6300,7.66,0,1
25,38,10,6300,7.66,0,1
25,38,11,6300,7.66,0,1
25,38,12,6300,7.46,0,1
25,38,13,6300,7.26,0,1
25,39,1,6300,6.05,0,1
25,39,2,6300,6.25,0,1
25,39,3,6300,6.45,0,1
25,39,4,6300,7.86,0,1
25,39,5,6300,8.06,0,1
25,39,6,6300,8.27,0,1
25,39,7,6300,7.66,0,1
25,39,8,6300,7.66,0,1
25,39,9,6300,8.06,0,1
25,39,10,6300,7.86,0,1
25,39,11,6300,7.66,0,1
25,39,12,6300,7.66,0,1
25,39,13,6300,7.46,0,1
25,40,1,6300,5.85,0,1
25,40,2,6300,6.45,0,1
25,40,3,6300,6.65,0,1
25,40,4,6300,7.06,0,1
25,40,5,6300,8.27,0,1
25,40,6,6300,7.86,0,1
25,40,7,6300,7.66,0,1
25,40,8,6300,7.86,0,1
25,40,9,6300,8.27,0,1
25,40,10,6300,8.06,0,1
25,40,11,6300,7.86,0,1
25,40,12,6300,7.86,0,1
25,40,13,6300,7.86,0,1
26,1,1,6300,22.38,0,2
26,1,2,6300,25.8,0,2
26,1,3,6300,21.57,0,1
26,1,4,6300,19.15,0,1
26,1,5,6300,17.34,0,1
26,1,6,6300,13.91,0,1
26,1,7,6300,11.29,0,1
26,1,8,6300,9.48,0,1
26,1,9,6300,8.27,0,1
26,1,10,6300,6.85,0,1
26,1,11,6300,7.66,0,1
26,1,12,6300,8.47,0,1
26,1,13,6300,8.87,0,1
26,2,1,6300,20.76,0,2
26,2,2,6300,23.99,0,2
26,2,3,6300,19.56,0,1
26,2,4,6300,19.56,0,1
26,2,5,6300,16.33,0,1
26,2,6,6300,15.52,0,1
26,2,7,6300,11.29,0,1
26,2,8,6300,9.27,0,1
26,2,9,6300,8.47,0,1
26,2,10,6300,7.86,0,1
26,2,11,6300,7.46,0,1
26,2,12,6300,8.87,0,1
26,2,13,6300,12.3,0,1
26,3,1,6300,21.77,0,2
26,3,2,6300,23.99,0,2
26,3,3,6300,26.21,0,1
26,3,4,6300,18.35,0,1
26,3,5,6300,16.13,0,1
26,3,6,6300,13.31,0,1
26,3,7,6300,12.9,0,1
26,3,8,6300,11.49,0,1
26,3,9,6300,10.68,0,1
26,3,10,6300,7.66,0,1
26,3,11,6300,8.27,0,1
26,3,12,6300,9.68,0,1
26,3,13,6300,12.9,0,1
26,4,1,6300,18.95,0,1
26,4,2,6300,21.77,0,1
26,4,3,6300,22.98,0,1
26,4,4,6300,17.14,0,1
26,4,5,6300,15.32,0,1
26,4,6,6300,14.72,0,1
26,4,7,6300,12.5,0,1
26,4,8,6300,11.09,0,1
26,4,9,6300,10.08,0,1
26,4,10,6300,9.68,0,1
26,4,11,6300,9.27,0,1
26,4,12,6300,11.89,0,1
26,4,13,6300,12.3,0,1
26,5,1,6300,22.58,0,2
26,5,2,6300,25.6,0,1
26,5,3,6300,26.61,0,1
26,5,4,6300,23.39,0,1
26,5,5,6300,19.56,0,1
26,5,6,6300,19.76,0,1
26,5,7,6300,16.33,0,1
26,5,8,6300,13.91,0,1
26,5,9,6300,11.29,0,1
26,5,10,6300,11.29,0,1
26,5,11,6300,11.49,0,1
26,5,12,6300,14.31,0,1
26,5,13,6300,15.32,0,1
26,6,1,6300,20.56,0,1
26,6,2,6300,21.97,0,1
26,6,3,6300,22.58,0,1
26,6,4,6300,18.55,0,1
26,6,5,6300,17.14,0,1
26,6,6,6300,16.93,0,1
26,6,7,6300,15.93,0,1
26,6,8,6300,15.52,0,1
26,6,9,6300,14.11,0,1
26,6,10,6300,14.52,0,1
26,6,11,6300,13.71,0,1
26,6,12,6300,14.72,0,1
26,6,13,6300,15.12,0,1
26,7,1,6300,20.36,0,1
26,7,2,6300,23.18,0,1
26,7,3,6300,23.39,0,1
26,7,4,6300,20.76,0,1
26,7,5,6300,19.96,0,1
26,7,6,6300,19.15,0,1
26,7,7,6300,18.95,0,1
26,7,8,6300,17.74,0,1
26,7,9,6300,15.93,0,1
26,7,10,6300,15.52,0,1
26,7,11,6300,14.52,0,1
26,7,12,6300,15.52,0,1
26,7,13,6300,15.93,0,1
26,8,1,6300,23.99,0,1
26,8,2,6300,25.6,0,1
26,8,3,6300,26.41,0,1
26,8,4,6300,25.6,0,1
26,8,5,6300,24.6,0,1
26,8,6,6300,22.38,0,1
26,8,7,6300,21.17,0,1
26,8,8,6300,20.76,0,1
26,8,9,6300,19.96,0,1
26,8,10,6300,17.34,0,1
26,8,11,6300,15.32,0,1
26,8,12,6300,15.32,0,1
26,8,13,6300,16.73,0,1
26,9,1,6300,26.01,0,1
26,9,2,6300,26.01,0,1
26,9,3,6300,25.8,0,1
26,9,4,6300,24.19,0,1
26,9,5,6300,21.97,0,1
26,9,6,6300,21.17,0,1
26,9,7,6300,21.37,0,1
26,9,8,6300,20.97,0,1
26,9,9,6300,19.76,0,1
26,9,10,6300,17.54,0,1
26,9,11,6300,16.53,0,1
26,9,12,6300,16.33,0,1
26,9,13,6300,16.53,0,1
26,10,1,6300,25,0,1
26,10,2,6300,25.4,0,1
26,10,3,6300,25.2,0,1
26,10,4,6300,23.79,0,1
26,10,5,6300,22.18,0,1
26,10,6,6300,21.37,0,1
26,10,7,6300,20.16,0,1
26,10,8,6300,19.15,0,1
26,10,9,6300,18.75,0,1
26,10,10,6300,17.34,0,1
26,10,11,6300,16.13,0,1
26,10,12,6300,15.93,0,1
26,10,13,6300,15.93,0,1
26,11,1,6300,25.4,0,1
26,11,2,6300,26.21,0,1
26,11,3,6300,25,0,1
26,11,4,6300,22.58,0,1
26,11,5,6300,20.76,0,1
26,11,6,6300,19.35,0,2
26,11,7,6300,17.74,0,1
26,11,8,6300,17.94,0,1
26,11,9,6300,17.94,0,1
26,11,10,6300,17.14,0,1
26,11,11,6300,15.52,0,1
26,11,12,6300,15.32,0,1
26,11,13,6300,14.92,0,1
26,12,1,6300,25.6,0,1
26,12,2,6300,26.21,0,1
26,12,3,6300,24.6,0,1
26,12,4,6300,22.78,0,1
26,12,5,6300,20.56,0,1
26,12,6,6300,17.94,0,2
26,12,7,6300,14.52,0,2
26,12,8,6300,17.94,0,1
26,12,9,6300,19.35,0,1
26,12,10,6300,18.35,0,1
26,12,11,6300,13.51,0,1
26,12,12,6300,17.94,0,1
26,12,13,6300,12.9,0,1
26,13,1,6300,23.79,0,2
26,13,2,6300,23.79,0,1
26,13,3,6300,22.78,0,1
26,13,4,6300,20.97,0,1
26,13,5,6300,19.35,0,1
26,13,6,6300,17.34,0,2
26,13,7,6300,16.73,0,2
26,13,8,6300,16.93,0,2
26,13,9,6300,17.54,0,1
26,13,10,6300,17.74,0,1
26,13,11,6300,16.13,0,1
26,13,12,6300,16.53,0,1
26,13,13,6300,15.32,0,1
26,14,1,6300,22.58,0,2
26,14,2,6300,21.97,0,1
26,14,3,6300,20.36,0,1
26,14,4,6300,19.56,0,1
26,14,5,6300,18.14,0,1
26,14,6,6300,17.74,0,2
26,14,7,6300,17.54,0,2
26,14,8,6300,16.93,0,2
26,14,9,6300,16.33,0,1
26,14,10,6300,18.55,0,1
26,14,11,6300,18.35,0,1
26,14,12,6300,18.14,0,1
26,14,13,6300,18.14,0,1
26,15,1,6300,21.37,0,1
26,15,2,6300,20.36,0,1
26,15,3,6300,18.75,0,1
26,15,4,6300,18.75,0,1
26,15,5,6300,17.74,0,1
26,15,6,6300,17.94,0,1
26,15,7,6300,18.55,0,2
26,15,8,6300,18.55,0,2
26,15,9,6300,17.74,0,2
26,15,10,6300,20.56,0,1
26,15,11,6300,22.18,0,1
26,15,12,6300,23.99,0,1
26,15,13,6300,23.59,0,1
26,16,1,6300,19.76,0,1
26,16,2,6300,19.56,0,1
26,16,3,6300,18.14,0,1
26,16,4,6300,17.14,0,1
26,16,5,6300,17.34,0,1
26,16,6,6300,17.74,0,2
26,16,7,6300,18.14,0,2
26,16,8,6300,21.57,0,2
26,16,9,6300,21.57,0,2
26,16,10,6300,23.79,0,1
26,16,11,6300,30.24,0,1
26,16,12,6300,47.78,0,1
26,16,13,6300,37.5,0,1
26,17,1,6300,18.55,0,1
26,17,2,6300,18.55,0,1
26,17,3,6300,18.14,0,1
26,17,4,6300,17.14,0,1
26,17,5,6300,16.73,0,1
26,17,6,6300,17.14,0,1
26,17,7,6300,17.74,0,2
26,17,8,6300,19.76,0,2
26,17,9,6300,20.16,0,2
26,17,10,6300,23.99,0,2
26,17,11,6300,29.23,0,2
26,17,12,6300,34.47,0,1
26,17,13,6300,32.86,0,1
26,18,1,6300,17.54,0,1
26,18,2,6300,17.54,0,1
26,18,3,6300,17.34,0,1
26,18,4,6300,16.33,0,1
26,18,5,6300,15.72,0,1
26,18,6,6300,15.72,0,1
26,18,7,6300,16.13,0,1
26,18,8,6300,16.73,0,2
26,18,9,6300,16.73,0,2
26,18,10,6300,20.36,0,2
26,18,11,6300,22.78,0,2
26,18,12,6300,23.39,0,1
26,18,13,6300,23.59,0,1
26,19,1,6300,16.53,0,1
26,19,2,6300,16.33,0,1
26,19,3,6300,16.53,0,1
26,19,4,6300,15.72,0,1
26,19,5,6300,14.52,0,1
26,19,6,6300,14.52,0,1
26,19,7,6300,13.51,0,1
26,19,8,6300,13.71,0,1
26,19,9,6300,13.71,0,1
26,19,10,6300,15.52,0,1
26,19,11,6300,17.34,0,1
26,19,12,6300,17.74,0,1
26,19,13,6300,18.75,0,1
26,20,1,6300,14.72,0,1
26,20,2,6300,15.32,0,1
26,20,3,6300,16.13,0,1
26,20,4,6300,15.32,0,1
26,20,5,6300,13.51,0,1
26,20,6,6300,12.5,0,1
26,20,7,6300,10.89,0,1
26,20,8,6300,11.09,0,1
26,20,9,6300,11.89,0,1
26,20,10,6300,12.9,0,1
26,20,11,6300,13.31,0,1
26,20,12,6300,14.11,0,1
26,20,13,6300,19.35,0,1
26,21,1,6300,15.72,0,1
26,21,2,6300,15.52,0,1
26,21,3,6300,16.13,0,1
26,21,4,6300,15.12,0,1
26,21,5,6300,13.31,0,1
26,21,6,6300,12.5,0,1
26,21,7,6300,11.49,0,1
26,21,8,6300,11.09,0,1
26,21,9,6300,11.29,0,1
26,21,10,6300,11.69,0,1
26,21,11,6300,12.5,0,1
26,21,12,6300,13.31,0,1
26,21,13,6300,15.52,0,1
26,22,1,6300,16.93,0,1
26,22,2,6300,16.73,0,1
26,22,3,6300,16.53,0,1
26,22,4,6300,15.52,0,1
26,22,5,6300,13.91,0,1
26,22,6,6300,13.1,0,1
26,22,7,6300,11.49,0,1
26,22,8,6300,11.49,0,1
26,22,9,6300,11.69,0,1
26,22,10,6300,11.89,0,1
26,22,11,6300,12.1,0,1
26,22,12,6300,11.69,0,1
26,22,13,6300,12.1,0,1
26,23,1,6300,17.74,0,1
26,23,2,6300,17.34,0,1
26,23,3,6300,17.14,0,1
26,23,4,6300,15.52,0,1
26,23,5,6300,13.1,0,1
26,23,6,6300,11.09,0,1
26,23,7,6300,10.08,0,1
26,23,8,6300,10.48,0,1
26,23,9,6300,11.69,0,1
26,23,10,6300,11.89,0,1
26,23,11,6300,11.09,0,1
26,23,12,6300,9.68,0,1
26,23,13,6300,9.27,0,1
26,24,1,6300,16.93,0,1
26,24,2,6300,16.73,0,1
26,24,3,6300,16.73,0,1
26,24,4,6300,15.72,0,1
26,24,5,6300,11.49,0,1
26,24,6,6300,6.45,0,1
26,24,7,6300,6.45,0,1
26,24,8,6300,10.08,0,1
26,24,9,6300,11.89,0,1
26,24,10,6300,14.52,0,1
26,24,11,6300,10.08,0,1
26,24,12,6300,6.65,0,1
26,24,13,6300,6.65,0,1
26,25,1,6300,15.52,0,1
26,25,2,6300,14.92,0,1
26,25,3,6300,15.32,0,1
26,25,4,6300,13.51,0,1
26,25,5,6300,11.49,0,1
26,25,6,6300,9.88,0,1
26,25,7,6300,9.68,0,1
26,25,8,6300,10.28,0,1
26,25,9,6300,11.89,0,1
26,25,10,6300,12.5,0,1
26,25,11,6300,10.89,0,1
26,25,12,6300,8.67,0,1
26,25,13,6300,8.06,0,1
26,26,1,6300,14.11,0,1
26,26,2,6300,14.11,0,1
26,26,3,6300,13.91,0,1
26,26,4,6300,13.71,0,1
26,26,5,6300,13.1,0,1
26,26,6,6300,11.89,0,1
26,26,7,6300,11.09,0,1
26,26,8,6300,10.89,0,1
26,26,9,6300,11.49,0,1
26,26,10,6300,11.49,0,1
26,26,11,6300,10.89,0,1
26,26,12,6300,9.68,0,1
26,26,13,6300,9.27,0,1
26,27,1,6300,12.1,0,1
26,27,2,6300,11.69,0,1
26,27,3,6300,12.5,0,1
26,27,4,6300,13.1,0,1
26,27,5,6300,13.1,0,1
26,27,6,6300,12.7,0,1
26,27,7,6300,11.89,0,1
26,27,8,6300,11.69,0,1
26,27,9,6300,11.49,0,1
26,27,10,6300,11.29,0,1
26,27,11,6300,11.09,0,1
26,27,12,6300,10.08,0,1
26,27,13,6300,9.88,0,1
26,28,1,6300,11.29,0,1
26,28,2,6300,11.09,0,1
26,28,3,6300,12.3,0,1
26,28,4,6300,12.7,0,1
26,28,5,6300,12.7,0,1
26,28,6,6300,12.3,0,1
26,28,7,6300,11.69,0,1
26,28,8,6300,11.69,0,1
26,28,9,6300,11.29,0,1
26,28,10,6300,11.29,0,1
26,28,11,6300,10.48,0,1
26,28,12,6300,9.88,0,1
26,28,13,6300,9.68,0,1
26,29,1,6300,11.09,0,1
26,29,2,6300,11.09,0,1
26,29,3,6300,11.69,0,1
26,29,4,6300,12.1,0,1
26,29,5,6300,11.89,0,1
26,29,6,6300,11.89,0,1
26,29,7,6300,12.1,0,1
26,29,8,6300,11.69,0,1
26,29,9,6300,10.68,0,1
26,29,10,6300,10.08,0,1
26,29,11,6300,9.68,0,1
26,29,12,6300,8.87,0,1
26,29,13,6300,8.87,0,1
26,30,1,6300,11.29,0,1
26,30,2,6300,11.29,0,1
26,30,3,6300,11.49,0,1
26,30,4,6300,11.69,0,1
26,30,5,6300,11.49,0,1
26,30,6,6300,11.69,0,1
26,30,7,6300,12.1,0,1
26,30,8,6300,11.49,0,1
26,30,9,6300,10.48,0,1
26,30,10,6300,9.48,0,1
26,30,11,6300,8.87,0,1
26,30,12,6300,8.27,0,1
26,30,13,6300,8.06,0,1
26,31,1,6300,11.49,0,1
26,31,2,6300,11.29,0,1
26,31,3,6300,11.49,0,1
26,31,4,6300,11.09,0,1
26,31,5,6300,11.49,0,1
26,31,6,6300,11.09,0,1
26,31,7,6300,10.68,0,1
26,31,8,6300,10.48,0,1
26,31,9,6300,9.88,0,1
26,31,10,6300,8.27,0,1
26,31,11,6300,7.26,0,1
26,31,12,6300,6.85,0,1
26,31,13,6300,6.85,0,1
26,32,1,6300,11.09,0,1
26,32,2,6300,11.29,0,1
26,32,3,6300,10.28,0,1
26,32,4,6300,10.68,0,1
26,32,5,6300,10.48,0,1
26,32,6,6300,10.28,0,1
26,32,7,6300,10.48,0,1
26,32,8,6300,10.68,0,1
26,32,9,6300,9.07,0,1
26,32,10,6300,7.86,0,1
26,32,11,6300,6.05,0,1
26,32,12,6300,5.24,0,1
26,32,13,6300,6.45,0,1
26,33,1,6300,9.88,0,1
26,33,2,6300,9.88,0,1
26,33,3,6300,9.48,0,1
26,33,4,6300,9.68,0,1
26,33,5,6300,9.88,0,1
26,33,6,6300,9.68,0,1
26,33,7,6300,8.87,0,1
26,33,8,6300,8.47,0,1
26,33,9,6300,8.27,0,1
26,33,10,6300,7.26,0,1
26,33,11,6300,6.45,0,1
26,33,12,6300,6.05,0,1
26,33,13,6300,6.45,0,1
26,34,1,6300,9.27,0,1
26,34,2,6300,9.27,0,1
26,34,3,6300,9.68,0,1
26,34,4,6300,9.48,0,1
26,34,5,6300,9.48,0,1
26,34,6,6300,9.27,0,1
26,34,7,6300,8.67,0,1
26,34,8,6300,8.27,0,1
26,34,9,6300,8.27,0,1
26,34,10,6300,7.66,0,1
26,34,11,6300,7.26,0,1
26,34,12,6300,7.06,0,1
26,34,13,6300,6.85,0,1
26,35,1,6300,9.48,0,1
26,35,2,6300,8.87,0,1
26,35,3,6300,8.67,0,1
26,35,4,6300,8.87,0,1
26,35,5,6300,9.07,0,1
26,35,6,6300,8.87,0,1
26,35,7,6300,8.47,0,1
26,35,8,6300,8.47,0,1
26,35,9,6300,7.86,0,1
26,35,10,6300,7.86,0,1
26,35,11,6300,7.46,0,1
26,35,12,6300,7.26,0,1
26,35,13,6300,7.06,0,1
26,36,1,6300,9.07,0,1
26,36,2,6300,7.86,0,1
26,36,3,6300,8.06,0,1
26,36,4,6300,9.07,0,1
26,36,5,6300,9.48,0,1
26,36,6,6300,9.27,0,1
26,36,7,6300,8.67,0,1
26,36,8,6300,7.86,0,1
26,36,9,6300,7.46,0,1
26,36,10,6300,7.46,0,1
26,36,11,6300,7.26,0,1
26,36,12,6300,7.06,0,1
26,36,13,6300,6.65,0,1
26,37,1,6300,8.27,0,1
26,37,2,6300,8.27,0,1
26,37,3,6300,8.27,0,1
26,37,4,6300,8.67,0,1
26,37,5,6300,8.87,0,1
26,37,6,6300,8.87,0,1
26,37,7,6300,8.27,0,1
26,37,8,6300,8.27,0,1
26,37,9,6300,8.06,0,1
26,37,10,6300,7.66,0,1
26,37,11,6300,7.46,0,1
26,37,12,6300,7.06,0,1
26,37,13,6300,6.85,0,1
26,38,1,6300,8.06,0,1
26,38,2,6300,8.06,0,1
26,38,3,6300,7.66,0,1
26,38,4,6300,7.86,0,1
26,38,5,6300,7.66,0,1
26,38,6,6300,7.86,0,1
26,38,7,6300,7.86,0,1
26,38,8,6300,8.06,0,1
26,38,9,6300,8.27,0,1
26,38,10,6300,7.66,0,1
26,38,11,6300,7.66,0,1
26,38,12,6300,7.46,0,1
26,38,13,6300,7.26,0,1
26,39,1,6300,6.45,0,1
26,39,2,6300,6.85,0,1
26,39,3,6300,7.06,0,1
26,39,4,6300,7.86,0,1
26,39,5,6300,8.27,0,1
26,39,6,6300,8.27,0,1
26,39,7,6300,8.06,0,1
26,39,8,6300,8.27,0,1
26,39,9,6300,8.27,0,1
26,39,10,6300,7.86,0,1
26,39,11,6300,7.66,0,1
26,39,12,6300,7.66,0,1
26,39,13,6300,7.66,0,1
26,40,1,6300,6.05,0,1
26,40,2,6300,6.05,0,1
26,40,3,6300,7.06,0,1
26,40,4,6300,7.86,0,1
26,40,5,6300,8.47,0,1
26,40,6,6300,8.06,0,1
26,40,7,6300,8.06,0,1
26,40,8,6300,8.27,0,1
26,40,9,6300,8.67,0,1
26,40,10,6300,8.27,0,1
26,40,11,6300,8.06,0,1
26,40,12,6300,8.06,0,1
26,40,13,6300,8.06,0,1
27,1,1,6300,20.76,0,1
27,1,2,6300,18.14,0,1
27,1,3,6300,19.96,0,1
27,1,4,6300,19.35,0,1
27,1,5,6300,16.13,0,1
27,1,6,6300,13.31,0,1
27,1,7,6300,10.08,0,1
27,1,8,6300,9.88,0,1
27,1,9,6300,8.67,0,1
27,1,10,6300,7.46,0,1
27,1,11,6300,7.86,0,1
27,1,12,6300,9.07,0,1
27,1,13,6300,9.27,0,1
27,2,1,6300,21.77,0,2
27,2,2,6300,23.18,0,1
27,2,3,6300,18.75,0,1
27,2,4,6300,17.94,0,1
27,2,5,6300,14.92,0,1
27,2,6,6300,13.31,0,1
27,2,7,6300,10.68,0,1
27,2,8,6300,9.68,0,1
27,2,9,6300,9.48,0,1
27,2,10,6300,7.26,0,1
27,2,11,6300,8.67,0,1
27,2,12,6300,9.68,0,1
27,2,13,6300,10.68,0,1
27,3,1,6300,22.98,0,2
27,3,2,6300,29.03,0,1
27,3,3,6300,22.78,0,1
27,3,4,6300,19.35,0,1
27,3,5,6300,19.35,0,1
27,3,6,6300,17.74,0,1
27,3,7,6300,13.1,0,1
27,3,8,6300,12.1,0,1
27,3,9,6300,10.68,0,1
27,3,10,6300,10.48,0,1
27,3,11,6300,8.06,0,1
27,3,12,6300,11.09,0,1
27,3,13,6300,13.91,0,1
27,4,1,6300,20.16,0,1
27,4,2,6300,21.57,0,1
27,4,3,6300,19.15,0,1
27,4,4,6300,16.93,0,1
27,4,5,6300,14.92,0,1
27,4,6,6300,14.72,0,1
27,4,7,6300,12.3,0,1
27,4,8,6300,11.69,0,1
27,4,9,6300,10.68,0,1
27,4,10,6300,9.68,0,1
27,4,11,6300,9.27,0,1
27,4,12,6300,11.09,0,1
27,4,13,6300,11.29,0,1
27,5,1,6300,22.78,0,2
27,5,2,6300,25.6,0,1
27,5,3,6300,23.39,0,1
27,5,4,6300,21.77,0,1
27,5,5,6300,19.96,0,1
27,5,6,6300,20.36,0,1
27,5,7,6300,17.14,0,1
27,5,8,6300,15.93,0,1
27,5,9,6300,13.51,0,1
27,5,10,6300,12.3,0,1
27,5,11,6300,12.1,0,1
27,5,12,6300,13.71,0,1
27,5,13,6300,15.52,0,1
27,6,1,6300,23.99,0,1
27,6,2,6300,27.01,0,1
27,6,3,6300,23.59,0,1
27,6,4,6300,23.18,0,1
27,6,5,6300,20.76,0,1
27,6,6,6300,19.96,0,1
27,6,7,6300,16.73,0,1
27,6,8,6300,16.13,0,1
27,6,9,6300,14.92,0,1
27,6,10,6300,14.72,0,1
27,6,11,6300,14.52,0,1
27,6,12,6300,16.53,0,1
27,6,13,6300,16.53,0,1
27,7,1,6300,22.58,0,1
27,7,2,6300,22.38,0,1
27,7,3,6300,20.56,0,1
27,7,4,6300,20.36,0,1
27,7,5,6300,18.75,0,1
27,7,6,6300,17.74,0,1
27,7,7,6300,16.53,0,1
27,7,8,6300,16.73,0,1
27,7,9,6300,14.92,0,1
27,7,10,6300,13.71,0,1
27,7,11,6300,13.31,0,1
27,7,12,6300,14.11,0,1
27,7,13,6300,14.92,0,1
27,8,1,6300,23.39,0,1
27,8,2,6300,23.39,0,1
27,8,3,6300,23.18,0,1
27,8,4,6300,20.76,0,1
27,8,5,6300,19.56,0,1
27,8,6,6300,19.35,0,1
27,8,7,6300,18.95,0,1
27,8,8,6300,18.95,0,1
27,8,9,6300,16.93,0,1
27,8,10,6300,16.33,0,1
27,8,11,6300,15.32,0,1
27,8,12,6300,15.32,0,1
27,8,13,6300,15.52,0,1
27,9,1,6300,25.2,0,1
27,9,2,6300,25,0,1
27,9,3,6300,24.8,0,1
27,9,4,6300,24.6,0,1
27,9,5,6300,22.58,0,1
27,9,6,6300,21.37,0,1
27,9,7,6300,18.35,0,1
27,9,8,6300,18.35,0,1
27,9,9,6300,16.53,0,1
27,9,10,6300,16.33,0,1
27,9,11,6300,15.93,0,1
27,9,12,6300,15.32,0,1
27,9,13,6300,15.72,0,1
27,10,1,6300,25.6,0,1
27,10,2,6300,24.19,0,1
27,10,3,6300,24.19,0,1
27,10,4,6300,22.78,0,1
27,10,5,6300,21.77,0,1
27,10,6,6300,20.16,0,1
27,10,7,6300,19.15,0,1
27,10,8,6300,18.14,0,1
27,10,9,6300,17.54,0,1
27,10,10,6300,16.53,0,1
27,10,11,6300,15.52,0,1
27,10,12,6300,15.12,0,1
27,10,13,6300,15.12,0,1
27,11,1,6300,24.6,0,1
27,11,2,6300,24.6,0,1
27,11,3,6300,24.19,0,1
27,11,4,6300,21.57,0,1
27,11,5,6300,20.36,0,1
27,11,6,6300,18.35,0,1
27,11,7,6300,18.35,0,1
27,11,8,6300,18.14,0,1
27,11,9,6300,17.74,0,1
27,11,10,6300,17.94,0,1
27,11,11,6300,17.94,0,1
27,11,12,6300,16.13,0,1
27,11,13,6300,16.33,0,1
27,12,1,6300,24.39,0,1
27,12,2,6300,24.39,0,1
27,12,3,6300,22.98,0,1
27,12,4,6300,21.37,0,1
27,12,5,6300,20.16,0,1
27,12,6,6300,17.54,0,1
27,12,7,6300,16.73,0,1
27,12,8,6300,16.73,0,1
27,12,9,6300,16.73,0,1
27,12,10,6300,17.34,0,1
27,12,11,6300,16.13,0,1
27,12,12,6300,16.13,0,1
27,12,13,6300,15.72,0,1
27,13,1,6300,23.79,0,1
27,13,2,6300,22.58,0,1
27,13,3,6300,21.97,0,1
27,13,4,6300,19.76,0,1
27,13,5,6300,19.15,0,1
27,13,6,6300,18.55,0,1
27,13,7,6300,17.54,0,1
27,13,8,6300,17.34,0,1
27,13,9,6300,16.53,0,1
27,13,10,6300,17.74,0,1
27,13,11,6300,16.53,0,1
27,13,12,6300,16.13,0,1
27,13,13,6300,15.52,0,1
27,14,1,6300,21.57,0,2
27,14,2,6300,21.57,0,1
27,14,3,6300,19.56,0,1
27,14,4,6300,19.35,0,1
27,14,5,6300,18.75,0,1
27,14,6,6300,17.94,0,1
27,14,7,6300,16.53,0,1
27,14,8,6300,15.93,0,1
27,14,9,6300,14.92,0,1
27,14,10,6300,15.52,0,1
27,14,11,6300,15.12,0,1
27,14,12,6300,15.12,0,1
27,14,13,6300,14.92,0,1
27,15,1,6300,20.76,0,1
27,15,2,6300,19.96,0,1
27,15,3,6300,18.14,0,1
27,15,4,6300,18.14,0,1
27,15,5,6300,17.14,0,1
27,15,6,6300,16.73,0,1
27,15,7,6300,16.73,0,1
27,15,8,6300,15.52,0,1
27,15,9,6300,13.51,0,1
27,15,10,6300,11.29,0,1
27,15,11,6300,11.09,0,1
27,15,12,6300,12.3,0,1
27,15,13,6300,10.28,0,1
27,16,1,6300,19.56,0,1
27,16,2,6300,19.15,0,1
27,16,3,6300,17.14,0,1
27,16,4,6300,17.54,0,1
27,16,5,6300,17.14,0,1
27,16,6,6300,16.93,0,1
27,16,7,6300,17.54,0,1
27,16,8,6300,17.14,0,1
27,16,9,6300,15.93,0,1
27,16,10,6300,16.73,0,1
27,16,11,6300,17.54,0,1
27,16,12,6300,19.15,0,1
27,16,13,6300,18.55,0,1
27,17,1,6300,17.94,0,1
27,17,2,6300,17.74,0,1
27,17,3,6300,16.73,0,1
27,17,4,6300,16.93,0,1
27,17,5,6300,16.33,0,1
27,17,6,6300,16.13,0,1
27,17,7,6300,17.14,0,1
27,17,8,6300,17.34,0,1
27,17,9,6300,17.14,0,2
27,17,10,6300,20.76,0,1
27,17,11,6300,22.98,0,1
27,17,12,6300,24.39,0,1
27,17,13,6300,24.6,0,1
27,18,1,6300,16.93,0,1
27,18,2,6300,16.73,0,1
27,18,3,6300,16.13,0,1
27,18,4,6300,16.13,0,1
27,18,5,6300,15.52,0,1
27,18,6,6300,14.72,0,1
27,18,7,6300,15.72,0,1
27,18,8,6300,16.13,0,1
27,18,9,6300,15.93,0,1
27,18,10,6300,19.56,0,1
27,18,11,6300,21.77,0,1
27,18,12,6300,22.18,0,1
27,18,13,6300,22.38,0,1
27,19,1,6300,14.11,0,1
27,19,2,6300,13.91,0,1
27,19,3,6300,14.11,0,1
27,19,4,6300,13.71,0,1
27,19,5,6300,13.51,0,1
27,19,6,6300,12.7,0,1
27,19,7,6300,12.9,0,1
27,19,8,6300,13.51,0,1
27,19,9,6300,13.91,0,1
27,19,10,6300,16.33,0,1
27,19,11,6300,18.35,0,1
27,19,12,6300,18.55,0,1
27,19,13,6300,18.95,0,1
27,20,1,6300,12.1,0,1
27,20,2,6300,10.89,0,1
27,20,3,6300,11.49,0,1
27,20,4,6300,12.9,0,1
27,20,5,6300,13.1,0,1
27,20,6,6300,11.69,0,1
27,20,7,6300,11.69,0,1
27,20,8,6300,12.1,0,1
27,20,9,6300,12.7,0,1
27,20,10,6300,14.31,0,1
27,20,11,6300,15.93,0,1
27,20,12,6300,16.33,0,1
27,20,13,6300,17.14,0,1
27,21,1,6300,12.9,0,1
27,21,2,6300,12.1,0,1
27,21,3,6300,12.7,0,1
27,21,4,6300,13.31,0,1
27,21,5,6300,13.1,0,1
27,21,6,6300,11.69,0,1
27,21,7,6300,11.49,0,1
27,21,8,6300,11.89,0,1
27,21,9,6300,12.5,0,1
27,21,10,6300,13.71,0,1
27,21,11,6300,14.92,0,1
27,21,12,6300,14.92,0,1
27,21,13,6300,15.72,0,1
27,22,1,6300,15.12,0,1
27,22,2,6300,14.92,0,1
27,22,3,6300,15.12,0,1
27,22,4,6300,14.11,0,1
27,22,5,6300,12.9,0,1
27,22,6,6300,11.69,0,1
27,22,7,6300,11.09,0,1
27,22,8,6300,10.68,0,1
27,22,9,6300,12.1,0,1
27,22,10,6300,11.89,0,1
27,22,11,6300,12.3,0,1
27,22,12,6300,11.69,0,1
27,22,13,6300,11.09,0,1
27,23,1,6300,16.33,0,1
27,23,2,6300,16.33,0,1
27,23,3,6300,15.12,0,1
27,23,4,6300,13.1,0,1
27,23,5,6300,11.69,0,1
27,23,6,6300,10.08,0,1
27,23,7,6300,9.68,0,1
27,23,8,6300,10.08,0,1
27,23,9,6300,11.69,0,1
27,23,10,6300,12.1,0,1
27,23,11,6300,11.29,0,1
27,23,12,6300,9.88,0,1
27,23,13,6300,8.87,0,1
27,24,1,6300,16.93,0,1
27,24,2,6300,16.53,0,1
27,24,3,6300,16.53,0,1
27,24,4,6300,14.31,0,1
27,24,5,6300,11.69,0,1
27,24,6,6300,8.87,0,1
27,24,7,6300,7.86,0,1
27,24,8,6300,9.68,0,1
27,24,9,6300,13.1,0,1
27,24,10,6300,13.1,0,1
27,24,11,6300,10.68,0,1
27,24,12,6300,8.47,0,1
27,24,13,6300,7.66,0,1
27,25,1,6300,15.12,0,1
27,25,2,6300,15.12,0,1
27,25,3,6300,14.92,0,1
27,25,4,6300,13.31,0,1
27,25,5,6300,11.29,0,1
27,25,6,6300,8.87,0,1
27,25,7,6300,8.06,0,1
27,25,8,6300,9.68,0,1
27,25,9,6300,12.9,0,1
27,25,10,6300,12.7,0,1
27,25,11,6300,10.48,0,1
27,25,12,6300,8.67,0,1
27,25,13,6300,7.86,0,1
27,26,1,6300,13.1,0,1
27,26,2,6300,12.9,0,1
27,26,3,6300,12.5,0,1
27,26,4,6300,12.3,0,1
27,26,5,6300,11.89,0,1
27,26,6,6300,11.49,0,1
27,26,7,6300,11.09,0,1
27,26,8,6300,11.09,0,1
27,26,9,6300,12.9,0,1
27,26,10,6300,12.5,0,1
27,26,11,6300,11.09,0,1
27,26,12,6300,9.27,0,1
27,26,13,6300,8.06,0,1
27,27,1,6300,13.1,0,1
27,27,2,6300,13.1,0,1
27,27,3,6300,13.1,0,1
27,27,4,6300,13.1,0,1
27,27,5,6300,13.51,0,1
27,27,6,6300,12.9,0,1
27,27,7,6300,12.3,0,1
27,27,8,6300,11.29,0,1
27,27,9,6300,12.5,0,1
27,27,10,6300,11.89,0,1
27,27,11,6300,11.29,0,1
27,27,12,6300,9.68,0,1
27,27,13,6300,8.47,0,1
27,28,1,6300,11.89,0,1
27,28,2,6300,12.3,0,1
27,28,3,6300,12.7,0,1
27,28,4,6300,12.9,0,1
27,28,5,6300,13.1,0,1
27,28,6,6300,12.7,0,1
27,28,7,6300,12.3,0,1
27,28,8,6300,11.29,0,1
27,28,9,6300,12.1,0,1
27,28,10,6300,11.29,0,1
27,28,11,6300,10.89,0,1
27,28,12,6300,9.48,0,1
27,28,13,6300,8.47,0,1
27,29,1,6300,11.49,0,1
27,29,2,6300,11.69,0,1
27,29,3,6300,12.1,0,1
27,29,4,6300,12.3,0,1
27,29,5,6300,12.1,0,1
27,29,6,6300,12.1,0,1
27,29,7,6300,12.1,0,1
27,29,8,6300,11.09,0,1
27,29,9,6300,11.49,0,1
27,29,10,6300,10.68,0,1
27,29,11,6300,9.68,0,1
27,29,12,6300,8.67,0,1
27,29,13,6300,8.27,0,1
27,30,1,6300,11.29,0,1
27,30,2,6300,11.49,0,1
27,30,3,6300,11.49,0,1
27,30,4,6300,11.49,0,1
27,30,5,6300,11.69,0,1
27,30,6,6300,11.69,0,1
27,30,7,6300,12.3,0,1
27,30,8,6300,11.49,0,1
27,30,9,6300,10.68,0,1
27,30,10,6300,9.68,0,1
27,30,11,6300,8.87,0,1
27,30,12,6300,8.06,0,1
27,30,13,6300,7.66,0,1
27,31,1,6300,11.49,0,1
27,31,2,6300,11.29,0,1
27,31,3,6300,11.29,0,1
27,31,4,6300,10.89,0,1
27,31,5,6300,11.29,0,1
27,31,6,6300,11.09,0,1
27,31,7,6300,10.68,0,1
27,31,8,6300,10.28,0,1
27,31,9,6300,9.48,0,1
27,31,10,6300,8.67,0,1
27,31,11,6300,7.26,0,1
27,31,12,6300,6.85,0,1
27,31,13,6300,6.85,0,1
27,32,1,6300,11.09,0,1
27,32,2,6300,11.69,0,1
27,32,3,6300,10.28,0,1
27,32,4,6300,10.89,0,1
27,32,5,6300,10.68,0,1
27,32,6,6300,10.48,0,1
27,32,7,6300,10.28,0,1
27,32,8,6300,9.27,0,1
27,32,9,6300,8.87,0,1
27,32,10,6300,7.86,0,1
27,32,11,6300,6.85,0,1
27,32,12,6300,6.25,0,1
27,32,13,6300,6.45,0,1
27,33,1,6300,10.08,0,1
27,33,2,6300,9.88,0,1
27,33,3,6300,9.88,0,1
27,33,4,6300,9.88,0,1
27,33,5,6300,9.88,0,1
27,33,6,6300,9.68,0,1
27,33,7,6300,9.07,0,1
27,33,8,6300,8.47,0,1
27,33,9,6300,7.86,0,1
27,33,10,6300,7.66,0,1
27,33,11,6300,6.85,0,1
27,33,12,6300,6.25,0,1
27,33,13,6300,6.45,0,1
27,34,1,6300,9.27,0,1
27,34,2,6300,9.27,0,1
27,34,3,6300,9.88,0,1
27,34,4,6300,9.68,0,1
27,34,5,6300,9.88,0,1
27,34,6,6300,9.27,0,1
27,34,7,6300,8.47,0,1
27,34,8,6300,7.86,0,1
27,34,9,6300,7.86,0,1
27,34,10,6300,7.66,0,1
27,34,11,6300,7.26,0,1
27,34,12,6300,7.06,0,1
27,34,13,6300,6.85,0,1
27,35,1,6300,9.48,0,1
27,35,2,6300,8.67,0,1
27,35,3,6300,8.67,0,1
27,35,4,6300,8.87,0,1
27,35,5,6300,8.87,0,1
27,35,6,6300,8.47,0,1
27,35,7,6300,8.06,0,1
27,35,8,6300,8.06,0,1
27,35,9,6300,8.27,0,1
27,35,10,6300,8.06,0,1
27,35,11,6300,7.26,0,1
27,35,12,6300,7.06,0,1
27,35,13,6300,7.06,0,1
27,36,1,6300,9.68,0,1
27,36,2,6300,8.67,0,1
27,36,3,6300,8.67,0,1
27,36,4,6300,9.27,0,1
27,36,5,6300,9.27,0,1
27,36,6,6300,8.67,0,1
27,36,7,6300,8.27,0,1
27,36,8,6300,7.86,0,1
27,36,9,6300,7.46,0,1
27,36,10,6300,7.46,0,1
27,36,11,6300,7.26,0,1
27,36,12,6300,7.06,0,1
27,36,13,6300,6.85,0,1
27,37,1,6300,7.46,0,1
27,37,2,6300,7.86,0,1
27,37,3,6300,8.67,0,1
27,37,4,6300,8.87,0,1
27,37,5,6300,9.07,0,1
27,37,6,6300,8.87,0,1
27,37,7,6300,8.67,0,1
27,37,8,6300,7.86,0,1
27,37,9,6300,8.06,0,1
27,37,10,6300,7.66,0,1
27,37,11,6300,7.26,0,1
27,37,12,6300,7.06,0,1
27,37,13,6300,7.06,0,1
27,38,1,6300,8.27,0,1
27,38,2,6300,7.86,0,1
27,38,3,6300,8.06,0,1
27,38,4,6300,8.06,0,1
27,38,5,6300,8.47,0,1
27,38,6,6300,8.87,0,1
27,38,7,6300,8.27,0,1
27,38,8,6300,8.06,0,1
27,38,9,6300,8.27,0,1
27,38,10,6300,7.86,0,1
27,38,11,6300,7.86,0,1
27,38,12,6300,7.46,0,1
27,38,13,6300,7.46,0,1
27,39,1,6300,8.06,0,1
27,39,2,6300,7.26,0,1
27,39,3,6300,7.26,0,1
27,39,4,6300,7.26,0,1
27,39,5,6300,7.46,0,1
27,39,6,6300,7.46,0,1
27,39,7,6300,7.86,0,1
27,39,8,6300,8.06,0,1
27,39,9,6300,8.27,0,1
27,39,10,6300,7.86,0,1
27,39,11,6300,7.66,0,1
27,39,12,6300,7.66,0,1
27,39,13,6300,7.26,0,1
27,40,1,6300,6.05,0,1
27,40,2,6300,5.85,0,1
27,40,3,6300,6.45,0,1
27,40,4,6300,7.86,0,1
27,40,5,6300,8.47,0,1
27,40,6,6300,8.06,0,1
27,40,7,6300,8.06,0,1
27,40,8,6300,8.06,0,1
27,40,9,6300,8.47,0,1
27,40,10,6300,8.06,0,1
27,40,11,6300,7.86,0,1
27,40,12,6300,7.86,0,1
27,40,13,6300,7.46,0,1